N	P	K	temperature	humidity	ph	rainfall	label
18	61	19	21.32331105	24.96969858	5.502999119	102.5667472	kidneybeans
69	55	22	26.54986394	62.7706376	5.693881647	92.1159518	maize
3	55	22	19.98322622	21.1023685	5.794744334	149.7441028	kidneybeans
31	59	20	29.94413861	60.09116626	6.730252311	39.57909912	lentil
2	16	12	27.08716979	92.64019228	6.4184307	103.2787462	orange
71	42	40	26.98582182	79.78570247	6.521191482	187.4736087	jute
11	37	22	31.99928579	61.87920435	8.322899669	74.44330654	mothbeans
8	18	11	34.90665289	93.12014881	7.918870711	111.499513	orange
44	70	76	20.99502153	17.20833703	6.874588554	77.26284865	chickpea
5	73	16	34.4016929	62.35634484	4.548202098	118.419402	pigeonpeas
83	27	55	25.60932312	83.40630698	6.414864678	40.12650421	watermelon
10	55	21	28.79606942	89.99615558	6.474290425	56.55823649	mungbean
101	49	23	24.46790711	76.59474683	5.851442789	98.35558121	cotton
14	24	15	33.26994794	93.09327667	7.737636882	111.6601598	orange
101	70	46	27.64545538	82.58342681	6.273543041	96.79366546	banana
90	40	45	26.38814323	82.57162747	6.065395835	246.0191335	rice
2	14	29	28.06231986	96.51998873	6.019940751	163.4740742	coconut
23	32	34	29.81212048	53.28919375	5.646457656	92.10898812	mango
29	125	198	41.0687032	80.79226786	5.740474121	66.6036011	grapes
44	56	49	39.23342464	91.25589286	6.519779583	64.4478499	papaya
98	26	52	27.33897716	90.69759008	6.150090899	28.69113835	muskmelon
49	73	78	20.21842197	14.25803981	8.160198015	77.34079936	chickpea
3	8	43	21.92395403	94.99897537	6.641532367	110.6296572	pomegranate
44	74	85	20.18649426	19.63719995	7.150681303	78.26039559	chickpea
105	22	50	26.64736813	81.23729413	6.475407921	50.33982582	watermelon
0	65	15	23.46168338	23.22197648	5.645435626	95.84253438	kidneybeans
79	54	39	25.25652608	82.14713319	5.888138415	234.2456454	rice
101	17	52	28.03003428	91.53619296	6.260555418	26.31558142	muskmelon
10	42	21	31.46521135	56.04486738	4.343877854	43.13347493	mothbeans
90	48	45	24.06475727	71.31342851	6.509174789	153.6390212	jute
58	66	49	28.12658911	91.77089955	6.925100396	196.1218676	papaya
12	143	200	21.41471523	91.08795475	5.769422598	110.6331776	apple
85	14	49	27.80035552	92.50832904	6.556000375	27.1900552	muskmelon
100	23	30	26.20258261	57.30526369	7.493191968	168.1316174	coffee
92	88	52	25.65588728	76.81117386	5.634930525	90.10978128	banana
134	41	20	22.98927696	77.1275439	6.368730065	80.34356966	cotton
30	129	205	20.91942273	82.42954186	6.170162713	71.13002462	grapes
95	45	37	21.50619015	84.36832888	6.987763285	237.7605312	rice
34	56	17	33.4126864	35.42910045	4.548202098	139.6702541	pigeonpeas
40	16	31	27.48207678	97.43823024	5.926419844	198.1454203	coconut
0	23	13	10.01081312	93.60957973	6.010391864	110.8327068	orange
33	68	17	22.82824301	56.84045202	7.445444883	111.551604	pigeonpeas
32	59	15	32.48320983	65.44476221	6.500144962	71.37652351	blackgram
53	57	52	36.65197966	92.10860342	6.685685883	191.4821531	papaya
0	67	15	23.34974875	30.40046769	6.616403829	166.5613556	pigeonpeas
107	10	53	26.12927531	88.21503072	6.617821806	45.1956617	watermelon
74	55	19	18.05033737	62.89366992	6.28886807	84.23613484	maize
82	43	22	24.58110792	68.52826614	5.732886191	81.87252309	maize
16	130	201	29.12033769	82.79092939	5.682395429	68.8503047	grapes
28	67	16	25.84614335	48.26814871	6.101417506	198.8298806	pigeonpeas
104	31	29	24.0351748	60.02442366	6.793179987	133.1010084	coffee
36	16	6	13.26659464	90.84392159	7.331420362	112.1059662	orange
94	30	46	25.57133775	84.76840213	6.652077887	40.76425257	watermelon
7	17	26	34.89226666	48.75613373	6.414526606	91.63074547	mango
27	43	23	31.04024659	64.95585424	7.336484942	71.77052419	mothbeans
24	67	16	24.61846963	68.64818322	6.899028388	50.49743896	lentil
108	89	53	29.12036889	80.18080728	5.908770059	112.3982055	banana
37	74	19	31.13284405	64.32801257	7.125733045	69.01277345	blackgram
98	18	27	27.56088634	68.49299897	6.516312148	167.4358075	coffee
61	44	36	24.55089113	82.06559253	7.038068574	150.2355238	jute
81	52	23	19.63688369	71.66159902	6.995843776	76.18444829	maize
74	50	19	20.42368905	72.89193679	5.851668891	84.30319374	maize
82	52	19	21.69975675	74.13108012	5.513697923	74.2780033	maize
83	60	20	19.50156059	71.69470402	6.201867809	76.86705848	maize
11	136	197	21.90788934	91.80055344	5.800633389	115.5106524	apple
21	12	33	28.006679	92.94823245	6.207230536	131.0900076	coconut
60	55	79	18.46446321	17.75977765	8.19998481	65.25911759	chickpea
114	93	54	25.01018457	82.24511247	5.920859775	104.1751419	banana
28	27	34	32.45465292	50.69693751	6.526654345	95.04871605	mango
33	60	15	28.95172351	81.67085323	6.510840928	56.51103293	mungbean
29	145	202	22.64775854	91.51003534	5.514253142	123.0073043	apple
39	57	19	29.32379604	45.93248374	6.421748487	165.4113371	pigeonpeas
40	73	22	25.94237381	44.71493836	5.777606227	167.1657671	pigeonpeas
36	67	80	20.25688817	17.2194116	8.868741443	74.74275344	chickpea
21	10	39	19.29328002	91.79773897	5.561851831	110.1982861	pomegranate
24	48	17	28.22336038	89.99615558	6.374603549	59.87232071	mungbean
31	70	22	26.35803298	66.29699437	7.390633584	49.79024676	lentil
28	27	32	28.94099669	93.00109012	5.764615485	191.7723087	coconut
116	40	33	24.91370487	54.15319242	7.042089492	129.5481144	coffee
14	57	17	23.56510546	43.37640832	5.473844746	143.6808298	pigeonpeas
9	69	23	25.18511021	45.35966418	6.642455674	145.0732805	pigeonpeas
26	14	34	26.40374624	90.01734526	5.830800673	181.3549753	coconut
61	44	17	26.10018422	71.57476937	6.931756558	102.2662445	maize
22	127	202	27.21542207	82.41274242	6.099572118	68.79207437	grapes
28	74	22	21.77140861	24.05654403	5.750367025	96.176464	kidneybeans
47	57	52	23.0124018	94.94482086	6.501521192	148.8479044	papaya
60	57	17	24.46772333	70.29372857	6.708449175	68.28441592	maize
64	51	15	26.54986394	65.64970762	6.916974594	60.65171481	maize
27	120	195	22.9040229	93.04496254	5.665262919	114.9189828	apple
91	45	15	23.40190172	58.88533134	6.855268479	89.21655737	maize
23	128	204	12.4127539	81.37624013	5.836974714	68.60943812	grapes
19	10	30	26.96572912	95.7098792	5.999621151	155.7532139	coconut
60	61	19	25.95302471	60.06534859	7.322565815	67.67614781	blackgram
101	70	48	25.36059237	75.03193255	6.012696655	116.5531455	banana
54	65	47	27.92765919	91.55594211	6.721835879	149.9107557	papaya
20	120	200	20.71496595	80.27981414	6.128533601	69.25011285	grapes
115	53	22	24.99471371	80.44688156	6.942838501	96.07967471	cotton
32	43	25	28.92151819	88.66582598	6.991882956	43.94958115	mungbean
14	22	45	19.43010799	89.27470858	6.352331835	104.2698088	pomegranate
35	125	204	19.6491772	80.15215777	6.107741788	73.69529586	grapes
82	14	45	25.62918361	88.18038034	6.627143894	55.73140507	watermelon
49	46	51	31.15764371	92.78392737	6.659011066	238.8579319	papaya
30	126	200	24.00775934	82.92692981	5.807744133	70.76757713	grapes
37	126	196	23.59997268	90.97597665	5.596449493	107.1728191	apple
67	40	21	21.81620784	59.06281496	6.234751252	78.09264932	maize
8	70	21	23.79747432	48.20885765	5.35506287	150.9483065	pigeonpeas
93	22	48	29.12533739	91.52291141	6.776987974	21.90440445	muskmelon
66	37	40	24.2951464	82.93946203	6.712334523	159.6868071	jute
40	58	25	21.18356793	20.00431349	5.538024631	111.9350054	kidneybeans
50	59	47	40.76998685	92.09278584	6.747975732	209.8678411	papaya
19	70	21	27.71872484	69.03577359	6.600850235	42.81731435	lentil
1	60	21	18.06723752	23.86914666	5.573945406	136.1565792	kidneybeans
67	42	42	23.90830952	70.88259632	7.354957785	199.8362913	jute
95	20	47	25.03492452	89.54748884	6.640898456	44.74894824	watermelon
20	120	197	22.35388213	93.30368218	6.175271943	108.2654882	apple
120	5	54	25.93375972	88.48214785	6.567829152	53.41157645	watermelon
58	55	47	26.05375792	93.69111672	6.742490027	240.6863901	papaya
26	70	22	22.95925323	64.6170551	6.970223457	46.28021544	lentil
25	78	76	17.48042641	15.7559405	7.228963452	66.96980581	chickpea
20	40	25	31.49872298	51.32649042	6.231147953	100.5580473	mango
30	38	20	28.86257838	85.92568778	6.893974584	41.229303	mungbean
82	49	42	26.98582182	87.01354379	6.816871334	161.8779632	jute
15	14	41	23.81393985	90.5904506	6.232370631	102.8693163	pomegranate
115	75	45	28.41508334	82.08592873	5.885871551	107.7591857	banana
32	41	16	28.63618921	61.39451307	7.702287236	68.54877876	mothbeans
86	46	35	26.32581254	84.31192352	6.474290307	172.4100722	jute
60	65	78	18.25539567	16.89082871	7.42856476	71.32011161	chickpea
31	65	15	21.20376353	19.39420162	5.987980017	103.9257947	kidneybeans
126	50	18	23.5027386	84.87668973	7.477587049	74.44902862	cotton
54	63	79	20.99502153	14.25803981	7.160716004	75.04530235	chickpea
30	132	196	22.63860679	94.47913441	5.844208082	102.490508	apple
40	17	41	24.1078672	88.48887756	5.758449325	109.1034621	pomegranate
70	59	45	35.81112974	92.90520256	6.664314742	170.6723178	papaya
28	68	21	25.83364293	62.75395815	7.126536365	40.72555507	lentil
21	71	19	23.53726582	22.43062348	5.664275142	146.1961145	kidneybeans
22	28	26	27.67256197	45.41692012	4.947683034	92.84991507	mango
19	65	25	18.09551014	18.29318436	5.625096446	144.7902323	kidneybeans
21	74	18	20.44810585	21.42651411	5.554163179	74.50359633	kidneybeans
49	67	24	29.55044575	63.09136674	6.686435435	61.49943237	blackgram
95	16	46	27.0767265	90.14362622	6.74669542	24.4514648	muskmelon
27	48	15	29.60477767	84.57835345	7.13239238	56.48916349	mungbean
16	61	25	24.27999915	54.48492997	5.544077928	159.7090512	pigeonpeas
22	12	10	25.20231932	90.27329856	6.630236799	107.5015681	orange
39	62	21	34.74984856	66.899622	6.991417713	67.29184816	blackgram
40	44	15	29.43047363	43.5979352	6.450325909	47.00781974	mothbeans
40	75	24	26.35361409	64.10935682	6.667503362	48.42699872	lentil
61	56	46	29.87035094	93.13769079	6.80899587	205.6092546	papaya
113	86	53	28.57938405	84.22271498	6.104980209	92.56775385	banana
54	61	79	19.2762268	18.21483867	6.05697894	90.19182873	chickpea
18	9	31	26.39995203	95.70395967	5.793482005	173.0892268	coconut
16	40	28	32.0888585	46.10837923	5.469412944	89.67561198	mango
70	45	37	23.82743154	80.12267476	6.292586304	237.4321053	rice
74	44	41	20.09881099	80.12267476	5.210676729	206.6221659	rice
21	23	42	19.54128063	90.29751796	6.902751061	104.3739878	pomegranate
63	43	17	19.28889933	65.47050802	6.807487794	71.3195307	maize
26	51	25	28.76488954	52.62741529	7.792508068	55.21606732	mothbeans
101	21	45	27.15747869	92.08340353	6.600060537	27.05719118	muskmelon
101	48	20	23.55766553	83.70082787	7.994679507	90.35094685	cotton
14	69	18	31.6996669	63.24041163	6.323353942	176.2917689	pigeonpeas
74	41	42	24.11649101	80.58155047	6.490549371	275.962814	rice
40	68	18	26.46408873	46.5970864	4.548202098	159.6500255	pigeonpeas
29	22	40	23.62600218	89.73266695	6.145104401	107.6836871	pomegranate
9	39	19	27.21494194	57.66653494	7.91286411	63.39708961	mothbeans
94	90	55	25.01018457	81.4785012	5.615309704	102.4802072	banana
29	11	31	28.95137454	93.91023082	5.87446373	174.2074782	coconut
123	50	16	23.04920461	75.53835214	6.498052108	70.65644296	cotton
56	79	15	29.48439992	63.19915325	7.454532137	71.89090748	blackgram
10	59	19	26.68041083	51.29230967	5.507575772	43.69473238	mothbeans
52	69	79	20.49625554	19.43999493	8.122004093	77.63205073	chickpea
34	60	15	16.67256996	18.09224048	5.829785009	97.88622371	kidneybeans
16	11	30	27.26811941	94.90269424	5.814231016	220.1002951	coconut
52	62	15	32.92303661	66.15431283	7.495917238	60.41790253	blackgram
21	134	202	10.72302459	80.02130636	6.425419926	65.2982112	grapes
23	135	201	23.63140303	92.74137837	6.219449262	115.9141803	apple
23	58	20	28.51093269	83.71373951	6.477526418	43.43725544	mungbean
4	35	33	29.30158163	51.12480082	5.351928735	96.28474021	mango
0	60	20	26.33573722	55.91671089	7.363713518	67.24280973	mothbeans
14	66	25	20.80862944	21.95774396	5.773520107	136.1611987	kidneybeans
106	13	54	25.6801741	87.8529901	6.503779657	45.35372031	watermelon
19	15	7	12.38832768	92.78397515	6.666569216	113.8191771	orange
102	32	32	24.67521759	59.27292115	6.681389485	195.4121217	coffee
12	43	20	29.94307658	49.11718282	5.574764759	34.93133233	mothbeans
131	35	25	23.2468381	82.12602764	7.140880104	66.84357666	cotton
98	53	38	20.26707606	81.63895217	5.01450727	270.4417274	rice
10	32	30	29.74547246	48.92965772	5.074428895	99.01877785	mango
108	25	34	24.25726277	60.64299025	6.210314428	160.4862432	coffee
40	55	18	30.38257873	40.5926071	7.115994051	47.95406479	mothbeans
31	69	45	33.44609001	91.2991418	6.779298211	248.8592986	papaya
99	43	40	24.36024091	80.12267476	6.434477239	220.3266415	rice
15	10	15	22.69802569	92.48603857	6.247858757	119.6946577	orange
3	18	29	26.34697647	97.90761807	6.125340961	188.1333074	coconut
51	52	51	34.46948189	94.94482086	6.610332358	232.7001825	papaya
26	20	29	27.25985138	96.71527276	6.061491189	199.7598685	coconut
47	49	53	34.06947597	92.255334	6.773320851	94.90188082	papaya
140	40	17	22.72767171	77.07598065	6.006085786	77.55176318	cotton
21	35	20	29.04897472	86.17578816	6.620036159	46.0180547	mungbean
0	26	39	19.41442301	93.33488794	5.766770444	103.9518819	pomegranate
132	48	23	24.05535547	76.05661129	6.763459754	60.65381719	cotton
40	120	197	23.80593812	92.48879468	5.889480679	119.6335548	apple
6	63	23	26.01630259	49.94704718	5.906596905	160.3337447	pigeonpeas
0	64	23	18.1051096	20.39942735	5.99812453	79.03578595	kidneybeans
32	70	20	29.36363845	45.90781923	6.567574398	145.0428318	pigeonpeas
27	50	22	29.89384992	85.25408911	6.84984806	46.28530858	mungbean
20	12	32	27.06760775	92.37550722	5.61074274	175.4453086	coconut
24	75	23	26.05547344	60.09116626	6.969600996	50.94480181	lentil
82	36	17	20.67169172	64.60028783	6.989638076	81.01433499	maize
140	38	18	22.10652093	75.49885795	6.433930682	82.4412648	cotton
115	48	16	25.54359718	84.09229796	7.175934962	88.94245493	cotton
120	24	50	29.10829965	92.6207649	6.104596188	25.35789793	muskmelon
103	28	53	28.71797642	92.20774344	6.450712856	24.5000279	muskmelon
110	30	52	28.84179454	90.64071699	6.283582235	24.0996593	muskmelon
120	18	55	24.04355803	86.53702515	6.376415566	48.82917404	watermelon
37	40	22	29.36422637	50.18220365	4.918108331	33.64612591	mothbeans
11	72	22	25.65569033	65.61689522	6.970681338	48.85571988	lentil
1	7	41	24.79825135	90.73357177	6.41011709	105.3416757	pomegranate
5	7	35	24.96273236	90.52096185	6.599237112	102.5184759	pomegranate
94	85	55	25.93211655	81.81470318	5.699524578	105.9727126	banana
92	76	55	28.48628934	75.74707738	6.193807483	102.3103457	banana
131	46	18	24.27537603	81.2092096	6.060220642	72.78998949	cotton
44	70	18	33.50184818	65.09109169	7.033291087	73.48948646	blackgram
105	28	35	26.42829541	50.04557009	6.711560623	156.8149585	coffee
10	43	25	29.58672601	82.99420906	7.199495368	52.99035069	mungbean
73	53	21	22.13701973	62.49256146	6.041087098	60.65171481	maize
10	55	23	21.18853178	19.63438599	5.728233081	137.1948633	kidneybeans
22	42	19	30.02013702	56.07873637	7.244536491	50.7825205	mothbeans
40	64	79	19.38601735	18.95657993	8.555433417	76.73764609	chickpea
9	29	12	26.31091499	93.10378323	6.771681122	116.4110067	orange
80	29	31	27.92374437	67.30754238	6.47325376	140.1291703	coffee
20	73	83	18.22338589	18.62619646	7.539257091	84.47728205	chickpea
27	40	29	30.94899909	50.79967545	5.648781002	95.88906542	mango
23	49	19	28.69991373	53.29509524	5.398847801	50.14996024	mothbeans
20	73	20	30.52844876	62.54927248	7.580695844	69.77332575	blackgram
34	49	20	31.82064645	61.77790356	7.161443385	64.16855663	mothbeans
29	74	21	18.94080123	60.09116626	6.484693635	53.97570162	lentil
47	50	54	33.9323154	94.94482086	6.501521192	135.9582839	papaya
48	52	52	35.05930316	94.09522452	6.704780257	248.8592986	papaya
0	23	35	27.06568444	93.90767755	5.704814504	203.6523878	coconut
21	14	28	28.35200756	95.08237928	6.003328568	131.0900076	coconut
14	76	20	29.05941162	62.10652364	7.042474679	36.5011366	lentil
94	44	43	26.92995077	81.82278803	6.555744131	298.5601175	rice
38	25	25	25.00872392	97.80115079	6.028516601	178.6611189	coconut
31	57	47	38.40285908	90.75524811	6.60754096	248.8592986	papaya
108	15	52	28.32649552	90.33303308	6.220597962	24.35871549	muskmelon
40	72	22	36.97794384	49.30995108	4.569904225	165.2461139	pigeonpeas
31	59	52	36.93180524	94.94482086	6.533978177	114.6014584	papaya
17	27	38	23.88566574	88.24210638	6.407864276	106.1178555	pomegranate
2	61	20	22.13974653	23.02251117	5.95561668	76.64128258	kidneybeans
104	23	48	29.06936787	90.20495807	6.131729862	26.35744465	muskmelon
40	23	40	18.07132963	92.65879106	5.816566709	102.5184759	pomegranate
57	62	80	20.60167551	14.38439226	8.291636545	91.75046503	chickpea
121	53	19	23.51308653	76.72621429	7.976889498	80.11272117	cotton
14	131	201	23.43356209	93.76717934	5.690871178	115.4567104	apple
101	24	27	24.10218712	69.94807345	7.034930694	192.9141002	coffee
89	60	19	25.19192419	66.6902901	5.913664501	78.06639649	maize
92	90	47	27.02473917	82.4971046	5.758348584	102.3843224	banana
94	70	48	25.13686519	84.88394407	6.195152442	91.46442491	banana
61	52	41	24.97669518	83.891805	6.880431223	204.8001847	rice
55	67	16	34.37329112	69.69366426	6.596719015	70.27184748	blackgram
22	73	21	36.73984521	47.21978443	6.842239128	143.4219418	pigeonpeas
80	50	38	20.8644719	81.84824629	6.5317081	220.2566626	rice
72	56	40	26.02306107	77.4322014	6.105474639	178.7958429	jute
31	26	35	24.24342939	88.68125368	5.830552885	106.4787038	pomegranate
39	13	41	21.29838583	91.08038617	6.151332301	106.7833263	pomegranate
26	128	200	22.24760788	93.03945824	5.718105432	111.7193574	apple
21	65	20	19.95084414	20.79341174	5.99812453	60.27552528	kidneybeans
18	14	41	22.65780835	85.57374438	5.99172306	105.8386215	pomegranate
87	60	20	23.34964604	61.77480436	5.956877198	83.48291023	maize
22	64	15	31.09629368	64.2669221	7.090563554	69.93926874	blackgram
16	53	21	29.89706431	49.19280011	7.296508834	64.12022865	mothbeans
41	52	51	26.74205294	91.90595597	6.504591026	191.0715763	papaya
40	50	22	28.65111691	82.65673213	6.520956117	59.87232071	mungbean
40	64	16	16.43340342	24.24045875	5.926676985	140.3717815	kidneybeans
97	34	29	27.12931829	53.99922914	7.286675746	172.951126	coffee
99	17	47	25.2736798	81.67358684	6.705277303	59.75980023	watermelon
98	24	45	24.04355803	84.79455646	6.50051261	47.07955548	watermelon
32	136	198	17.76653592	83.6469605	6.325223871	73.36574962	grapes
107	27	30	23.71015106	60.05424809	6.707926893	137.2612662	coffee
22	75	80	17.5607672	16.7476234	8.359974443	75.99020021	chickpea
104	25	55	29.81196601	90.36881284	6.123802502	22.68766503	muskmelon
49	66	51	32.54086219	90.78433196	6.718899883	144.0819613	papaya
40	6	41	22.06171553	88.04144557	5.561851831	111.2418948	pomegranate
83	45	37	23.45734086	82.49583764	5.005306977	241.0220568	rice
12	24	29	26.59249397	91.43507383	6.074236046	156.7506435	coconut
11	68	16	21.95862396	59.73988509	5.278347227	117.2804554	pigeonpeas
99	83	53	29.90888522	78.67755129	5.875586518	93.78818133	banana
31	5	14	17.66545409	91.69865887	6.583411671	110.6857506	orange
73	42	45	23.87895771	79.47193705	7.043934932	150.2355238	jute
20	64	20	24.10707878	46.26100802	5.379401386	130.2036898	pigeonpeas
98	25	46	25.24079416	88.9438496	6.687872606	54.00772392	watermelon
112	15	33	23.05951896	60.34625743	6.020947179	179.0733021	coffee
22	17	5	24.12188673	90.72351622	6.945562889	102.835632	orange
24	57	15	27.21260182	86.51055052	6.732418218	50.05244571	mungbean
100	14	49	29.48882958	91.07574233	6.365956658	26.01909355	muskmelon
15	43	21	27.99147936	53.09537803	6.490059067	63.15049749	mothbeans
13	26	33	25.00872392	94.73801939	5.50158009	187.7484889	coconut
7	56	23	26.33908791	40.00933429	5.545219232	55.50429227	mothbeans
40	145	203	24.41355912	83.07953498	6.152159314	69.60948925	grapes
93	26	27	24.59245684	56.46829641	7.288211994	137.7044047	coffee
52	58	16	30.64095781	61.14508627	7.167435834	71.36947525	blackgram
92	22	53	29.23204127	94.96218673	6.235377454	24.15539246	muskmelon
122	40	22	23.88515592	80.47966604	7.215281631	92.61229506	cotton
28	8	11	13.18288632	91.49861979	7.680580116	111.9052988	orange
0	127	200	22.42348808	92.11210688	5.548066734	117.0019052	apple
15	137	203	21.84947296	90.02575116	5.888852825	103.0396655	apple
36	27	26	26.58413917	95.78923137	6.25449571	171.6262299	coconut
40	145	203	14.86571298	82.19333104	5.94453662	74.38720877	grapes
97	25	50	26.22005978	80.90127035	6.093814669	49.08553937	watermelon
125	39	22	24.88124246	75.8076688	6.423120196	87.33285746	cotton
102	37	25	25.31468463	77.91757121	5.907930899	72.82902109	cotton
5	19	25	27.3511056	54.43945147	6.441328044	96.27792547	mango
75	45	45	24.40831701	78.99676038	6.874270243	164.2857601	jute
18	60	19	27.57791579	83.19409611	6.367502844	51.38599085	mungbean
30	37	25	29.89129144	80.14487166	7.120032489	54.7960127	mungbean
60	55	19	26.31623464	59.94358978	6.748645745	69.44265734	maize
103	38	34	25.21269099	69.94807345	6.329109599	175.6465609	coffee
20	68	20	25.87021475	65.19953188	7.11312408	68.22533451	blackgram
111	30	47	28.49621128	90.64724367	6.724272371	21.21555719	muskmelon
137	52	15	24.59715926	81.91135467	6.334033503	81.38383824	cotton
14	59	20	29.08296891	86.40989054	7.199495368	46.07313164	mungbean
14	39	19	25.16934289	41.96322884	8.398515854	65.70128248	mothbeans
38	68	80	19.26837584	15.22210494	7.535951766	88.0731862	chickpea
11	16	11	34.39964418	91.06016537	7.08836834	112.2107232	orange
86	48	16	19.91571252	70.39926193	6.064836731	60.65171481	maize
16	145	201	22.92181854	94.11089302	5.523315059	120.769526	apple
11	46	24	27.65280218	89.80650642	6.459252023	56.52558045	mungbean
117	32	25	25.07208607	57.35901086	6.020947179	186.4879894	coffee
60	52	22	19.68828111	64.81249769	5.909148487	95.04805577	maize
100	57	21	20.06968713	55.28220433	6.249553912	72.23478363	maize
71	35	42	24.41230915	73.41038532	7.400642023	188.076969	jute
70	63	48	36.82503819	93.01072484	6.79662072	248.8592986	papaya
22	58	20	22.54767441	64.53400313	6.622014411	171.7547321	pigeonpeas
23	62	19	27.18516959	43.84245194	4.548202098	161.4417871	pigeonpeas
16	5	31	26.81012267	96.70078527	6.470465614	158.2693206	coconut
9	46	18	27.15769751	53.55404836	7.026632375	57.93312152	mothbeans
21	72	17	27.95282486	69.03490076	6.780328448	45.47740759	lentil
27	80	15	24.78078041	64.63944248	7.219375196	44.84125328	lentil
27	66	15	27.79611684	57.49900215	6.169800893	174.9455503	pigeonpeas
20	73	22	27.47284012	68.13553281	7.772284217	65.16118395	blackgram
100	34	35	25.00542704	50.22958217	6.038214446	199.4735636	coffee
100	70	49	27.29272497	79.0185028	5.623277524	107.6407019	banana
30	30	29	30.78609226	54.9640534	5.483775409	91.26354433	mango
49	69	80	18.44479814	16.64619286	7.33360888	76.56566384	chickpea
84	39	42	23.61105052	82.27565739	6.466790087	265.2591661	rice
97	22	55	25.28756539	81.27819506	6.754852671	51.8548191	watermelon
31	80	17	18.31910448	41.67915007	5.342379701	150.9520692	pigeonpeas
130	59	19	25.07278712	82.50257909	6.520403794	93.51042684	cotton
16	59	19	28.86142337	52.11352879	5.747564838	196.442625	pigeonpeas
86	24	29	25.9459787	54.25435534	6.34400449	156.800011	coffee
38	25	28	28.15449053	90.90191844	6.470465614	225.6323656	coconut
119	44	15	22.14593688	82.8597549	7.091992365	60.65381719	cotton
41	62	15	29.38400259	64.14928485	7.358974541	65.24194361	blackgram
28	35	18	27.25469196	64.01383256	6.948402701	42.02660291	mothbeans
81	40	38	26.35441233	80.8300097	7.066964035	220.0685769	rice
98	11	53	26.04033476	89.98405233	6.682322486	50.02053826	watermelon
20	71	19	29.51824673	65.95573019	6.885422257	69.40746335	blackgram
21	73	21	25.71946337	41.50621956	7.09996071	100.8653956	pigeonpeas
40	80	21	23.96685048	30.40046769	5.571693161	165.0284295	pigeonpeas
27	17	32	25.04969431	93.34937915	6.323506807	188.9159953	coconut
0	65	18	26.29201488	64.31292895	7.36624237	43.72443851	lentil
39	51	18	29.39790385	80.40955717	7.080978603	49.2550439	mungbean
31	56	53	30.94422041	92.62824864	6.87420578	178.1924358	papaya
27	133	199	19.98939091	82.16619346	5.510924849	71.04668863	grapes
30	61	17	22.05373919	69.92375891	7.841496029	45.16861502	lentil
100	13	47	24.18000876	87.66296973	6.542811173	45.77881331	watermelon
12	18	43	24.96273236	88.36745771	6.915574443	107.1772999	pomegranate
11	6	13	15.46698276	92.6858757	6.600568197	117.4671469	orange
111	57	16	24.13740102	77.22945908	6.423302292	78.64153415	cotton
94	32	27	27.63196467	65.13724386	6.467284252	163.1551277	coffee
126	38	23	25.36243778	83.63276077	6.176716425	88.43618918	cotton
32	70	19	36.97794384	54.03768942	6.8301425	142.5472816	pigeonpeas
110	27	32	26.40543139	56.60827404	6.020947179	161.5109106	coffee
30	24	11	18.00105576	90.33808936	7.429551465	104.9658838	orange
86	54	40	22.9710445	83.15094843	6.806834942	216.1074167	rice
116	85	50	26.20567185	84.67915093	5.594671431	90.10978128	banana
27	75	20	26.18853076	65.38235794	6.745901217	44.10008966	lentil
88	32	30	23.39522288	52.45825212	6.75390934	141.4015414	coffee
22	44	20	29.9145443	89.99615558	6.814961231	58.61737273	mungbean
13	135	200	22.60255392	92.17818374	5.713363233	110.0610406	apple
20	77	23	34.87248659	38.83786012	5.180271502	148.2502786	pigeonpeas
6	80	21	28.1646824	69.57479631	5.91645379	43.19366541	lentil
12	65	21	18.07068175	67.12611357	6.477976463	44.87874111	lentil
95	55	42	26.79533926	82.1480873	5.950660556	193.3473987	rice
7	80	24	29.94413861	65.71379102	6.963407663	51.35261204	lentil
60	36	43	23.43121862	83.06310136	5.286203711	219.9048349	rice
10	24	26	27.08495604	97.02798936	5.913843798	161.4178909	coconut
40	46	22	28.71929976	88.60983726	6.954876201	52.41054385	mungbean
117	34	25	24.83846178	56.7685316	7.21270048	124.4135035	coffee
96	31	30	25.14441165	52.98868811	7.416967803	159.937645	coffee
0	145	196	21.64297695	92.99037922	6.243316055	121.686527	apple
18	19	29	27.59376845	92.48519606	6.206077742	162.8432736	coconut
6	124	200	22.98208095	93.84505029	5.971332179	109.5852253	apple
22	17	26	28.69818144	47.71875722	4.754435025	99.642454	mango
122	54	20	25.5181242	79.75951669	6.812633779	88.06209645	cotton
47	64	79	19.85865409	17.33241604	7.178306922	82.38922092	chickpea
48	56	53	41.64803124	90.72018894	6.618859331	159.8068071	papaya
88	46	42	22.68319059	83.46358271	6.604993475	194.2651719	rice
26	69	20	30.04606571	42.32356388	5.8249848	164.7321423	pigeonpeas
22	71	19	23.4338358	64.8532832	7.592110369	52.75641501	lentil
2	35	30	31.38306576	47.16462159	5.477711893	90.86228324	mango
21	20	38	19.36207403	90.88429664	6.779791057	105.6539905	pomegranate
60	66	84	17.76421838	15.51241999	7.32407624	68.38521807	chickpea
113	56	25	23.90528531	78.80297268	7.161602964	92.68917341	cotton
16	139	203	17.82803682	80.96093443	6.27564088	65.84748763	grapes
24	68	17	25.79344262	60.09116626	7.502065068	51.77205116	lentil
49	77	79	19.46549349	15.58467734	7.653769145	84.61686103	chickpea
60	46	41	20.0454142	81.3121886	7.580068794	261.9050663	rice
104	35	28	27.51006055	50.66687215	6.983732393	143.9955548	coffee
8	135	201	18.84344401	81.62199488	5.671489357	66.42246413	grapes
27	62	77	18.19737048	14.71070537	6.576415562	70.18185181	chickpea
35	58	20	29.38538562	63.47742011	5.761702519	90.05422663	pigeonpeas
40	123	198	30.4909038	80.76993554	5.780701297	72.31712783	grapes
17	58	22	27.3463973	59.19631477	8.009201694	44.33977221	mothbeans
120	23	54	28.55440976	94.79002034	6.776405947	24.23748229	muskmelon
1	11	28	27.56595915	95.51049639	6.177777133	162.0110075	coconut
22	67	20	18.48490332	18.47733827	5.728479473	137.8868193	kidneybeans
31	137	205	24.80764803	80.91462969	6.102294762	65.01095312	grapes
0	46	17	28.57527027	84.36795472	6.613732504	59.87232071	mungbean
93	81	50	27.71822477	76.57853189	6.036079266	102.2099836	banana
109	35	18	24.58193025	79.62151462	7.994679507	98.02998665	cotton
114	21	55	25.4438391	87.9392312	6.472756256	57.51549686	watermelon
89	25	34	23.07895447	63.65861483	7.184801627	129.8765443	coffee
21	129	202	14.28016172	82.85107297	5.668124493	71.08090958	grapes
17	56	17	27.94293692	45.41393636	5.9565851	69.66289997	mothbeans
89	25	50	27.04863538	91.34685096	6.375923383	25.08146686	muskmelon
27	63	19	20.93409877	21.1893007	5.562201934	133.1914419	kidneybeans
58	73	16	33.36984395	65.67718163	6.874142175	64.89517488	blackgram
106	19	49	26.93899196	86.29211031	6.322831334	50.03562299	watermelon
3	69	16	16.87201796	23.11747232	5.697207066	101.3500408	kidneybeans
103	95	51	29.30836965	81.65627661	5.947708486	94.61274454	banana
53	69	23	25.9971694	66.72920829	7.407434223	66.18560809	blackgram
25	29	44	20.73440044	89.36077718	6.654337818	105.3092292	pomegranate
103	31	32	26.51026553	63.74515475	7.242521155	170.3286579	coffee
109	12	45	24.64794703	87.1495687	6.23388328	54.765161	watermelon
104	25	25	26.54250435	55.52850255	6.523873109	153.1585334	coffee
65	61	52	24.2231834	92.74339791	6.8732576	114.7001284	papaya
19	70	17	23.06863001	68.17855492	6.698207865	43.28733032	lentil
22	132	199	21.77668021	92.22281706	6.021472468	109.4723666	apple
100	41	22	22.4204752	84.55794703	7.318802162	93.46595573	cotton
36	123	196	31.13491949	80.34799594	6.154975257	69.10369727	grapes
87	21	52	27.3506296	94.2911951	6.067665498	27.21244021	muskmelon
106	87	45	28.45320077	78.37052751	6.259275863	116.0902826	banana
16	68	23	20.67371007	23.37064989	5.899010876	119.0644588	kidneybeans
104	73	46	29.1400919	80.1190228	6.28236237	90.45142867	banana
115	6	49	28.3651979	90.01506395	6.670180274	26.27882904	muskmelon
28	14	44	19.88141465	91.32376236	6.803741443	107.515035	pomegranate
22	60	24	18.78226261	20.24768314	5.630664753	104.2570723	kidneybeans
21	64	20	25.34704972	69.69141302	5.700543177	180.5119021	pigeonpeas
0	23	26	33.14602437	50.15296809	5.439913656	96.65660297	mango
133	41	15	24.79324534	76.11333131	7.789012505	73.06235511	cotton
102	11	45	29.03167341	93.12603235	6.35544263	24.15591199	muskmelon
40	138	196	23.82255795	91.33065089	5.724699116	113.2676681	apple
59	55	50	32.95877502	92.41576735	6.850981251	179.5870432	papaya
109	52	15	24.17088123	83.65575909	7.090495887	65.72756223	cotton
99	8	49	24.47616951	89.98405233	6.499180603	44.98484695	watermelon
39	52	48	37.77969693	91.71739944	6.788360863	110.994769	papaya
10	23	11	23.33181789	92.77049148	7.043726936	107.006738	orange
27	74	17	18.97210624	60.09116626	6.966152833	40.68961243	lentil
0	12	40	22.47570215	85.36992383	6.473144699	109.1497512	pomegranate
52	63	50	32.59236713	93.73792672	6.629921472	85.94237962	papaya
15	15	14	10.01081312	93.34499733	7.446335592	100.7795507	orange
18	69	18	29.94413861	65.38649719	7.769204034	54.9393771	lentil
79	48	15	26.11233561	62.09101408	6.069263034	70.17511768	maize
21	135	204	21.30049843	91.96373749	6.091579506	121.0388197	apple
32	17	9	23.99334487	90.00621688	6.574244032	111.5888844	orange
111	29	31	27.92374437	56.66325013	6.848874088	181.0128133	coffee
10	49	22	28.03080944	86.30001457	6.455662187	45.94676314	mungbean
34	58	79	17.17114938	14.69692599	8.260030139	81.90157	chickpea
40	141	197	9.220381101	82.1962809	6.380293657	73.10724096	grapes
17	65	16	22.9264546	24.93159328	5.527336205	134.0788826	kidneybeans
28	31	28	32.33970866	50.15913079	5.938104019	91.71051726	mango
79	44	45	23.96270527	83.9254653	6.486114443	170.5361661	jute
28	10	30	29.8690834	91.14723422	6.305740522	192.7678575	coconut
19	58	21	28.64513148	50.54503248	6.754411163	72.38610005	mothbeans
82	26	47	28.50416396	93.46806467	6.565312653	24.20007242	muskmelon
20	31	30	27.56150531	49.49219328	6.083097652	95.29443988	mango
112	20	28	26.88517292	51.2851321	7.202559748	160.146538	coffee
44	55	17	28.95836386	61.71993513	6.920712316	65.32014592	blackgram
39	69	53	25.9300384	93.02357765	6.964955435	241.8202079	papaya
113	40	29	25.18885571	51.32831839	6.800862249	138.4675385	coffee
103	10	45	24.86294702	88.98227219	6.725135814	47.40231828	watermelon
36	49	19	27.93253047	86.22570458	7.089735821	54.06763678	mungbean
40	69	20	29.87846464	66.63321829	6.86021373	61.14045758	blackgram
28	57	80	18.79616793	18.62046982	8.652350887	69.51135691	chickpea
46	65	17	27.96560024	60.06534859	7.27439267	63.93274099	blackgram
80	38	35	25.12376408	65.76418441	7.444242427	199.4735636	coffee
24	25	25	27.13721963	94.56158248	6.08151479	205.674972	coconut
9	66	21	30.11812084	34.13307843	5.719889876	157.0858232	pigeonpeas
84	7	51	26.81530456	87.65694462	6.399669044	55.74073582	watermelon
6	78	18	20.90905968	65.36639544	6.529944933	52.60488372	lentil
10	5	10	14.81964267	91.90597559	7.15437245	108.9587632	orange
76	44	43	26.43834596	80.1769573	6.155570128	170.7529739	jute
88	81	45	27.99827258	77.94528677	5.886139238	98.74636879	banana
47	68	80	19.1670452	15.74509382	7.231779941	78.36811126	chickpea
109	30	33	24.72239132	57.24658693	6.441242905	176.1753635	coffee
67	60	36	24.60926021	80.18821132	6.141905343	168.0632688	jute
7	63	24	22.95458237	24.03553105	5.858617867	107.7315386	kidneybeans
89	50	37	26.85173813	80.52381468	6.387082698	150.2355238	jute
17	68	18	16.47294904	24.13670007	5.711447653	149.7441028	kidneybeans
21	9	30	27.55575742	95.7774383	5.957406548	158.0370069	coconut
79	37	39	23.51982504	80.12267476	5.516530625	240.2548637	rice
6	48	21	27.67230768	88.35947703	6.634937008	54.91681912	mungbean
6	60	15	25.99932466	53.13434217	6.598032331	51.81579459	mothbeans
27	15	31	27.58660027	97.76975854	6.120048496	139.8726227	coconut
26	25	35	27.03034169	50.55134633	6.386825224	94.30809263	mango
40	15	8	24.37509426	92.59767457	7.638898639	100.547922	orange
29	61	22	19.29267214	63.82047656	7.142637532	42.97823636	lentil
109	76	55	27.3573135	78.66860789	6.152297592	114.1972106	banana
16	29	40	22.70896131	89.53982896	5.884824231	102.5184759	pomegranate
15	13	8	19.1788903	93.29658751	7.299567263	107.2396565	orange
26	15	31	33.62114243	54.9640534	5.734758964	90.07713945	mango
18	76	21	23.47184751	66.52514508	6.449546227	54.27455688	lentil
14	37	15	27.96235681	83.97586797	6.581351374	48.9366954	mungbean
0	21	35	26.47273015	90.92272079	6.326173946	172.7343642	coconut
7	11	32	29.25902906	95.11294697	5.542169139	184.7624496	coconut
18	19	27	27.75518664	52.34605806	4.772385986	94.11213345	mango
92	38	25	25.93764343	58.13229775	6.585183207	136.6826371	coffee
25	79	20	25.09658435	63.92783655	7.017480085	46.13692807	lentil
26	32	28	33.57667008	45.5013299	5.810730524	89.34293846	mango
22	58	18	24.50811215	53.06557703	6.429083233	30.92014047	mothbeans
25	19	43	20.98250468	86.51145681	6.387349869	105.3716086	pomegranate
33	71	19	21.59520093	21.05185179	5.722913862	82.19279494	kidneybeans
15	16	27	31.38972855	51.96845004	5.608643737	93.49007024	mango
103	33	25	27.10210397	55.7497332	6.911066044	139.5013171	coffee
24	69	21	32.63137149	30.40046769	5.540296208	150.614378	pigeonpeas
31	59	17	23.49388548	67.55364025	7.36009608	54.9393771	lentil
79	56	41	21.99107284	83.67493651	6.3522255	231.9946343	rice
6	80	24	18.27758106	19.19174491	5.687436014	107.5526115	kidneybeans
111	78	45	28.69276881	79.28585044	6.24549818	109.35483	banana
82	49	42	23.73677321	83.18088853	7.028654862	267.709829	rice
19	35	29	29.757088	54.77088246	6.105108158	93.44291597	mango
109	70	55	26.37414661	83.62850892	5.936012133	107.6266615	banana
24	68	82	19.19324653	15.87601804	7.204377994	77.61948935	chickpea
6	22	42	23.34367589	94.64504303	6.276659234	112.0112008	pomegranate
43	80	80	18.67418837	16.48806833	7.8571676	91.87355394	chickpea
106	15	55	26.58837433	85.89192532	6.491165738	43.35738765	watermelon
108	5	47	29.24865299	93.29171667	6.388435711	22.10661357	muskmelon
11	139	200	30.68809713	81.36034737	6.159053808	70.06860884	grapes
18	49	21	27.83872662	89.8438842	6.969161874	51.29175754	mungbean
109	12	46	28.61771376	93.05285455	6.002927293	28.67956578	muskmelon
14	18	30	29.80747243	52.13797867	5.191265116	95.74606104	mango
105	88	45	28.09427713	84.97849241	5.973846839	101.6346931	banana
83	21	52	25.44291651	84.09329411	6.324090411	52.70691567	watermelon
21	66	19	18.31910448	35.17999095	5.97309992	129.8949506	pigeonpeas
2	24	38	24.55981624	91.63536236	5.922935513	111.9684622	pomegranate
50	56	76	20.99502153	19.8601304	7.966605025	73.50734019	chickpea
40	22	35	32.09809559	47.59760907	5.950241838	92.12081927	mango
22	9	8	11.97242974	92.00837041	7.995848977	105.0962572	orange
15	68	19	25.85516672	50.09707508	4.548202098	147.473458	pigeonpeas
20	54	17	29.47702168	58.31654059	6.039223766	53.07798859	mothbeans
70	53	35	22.79559753	82.31919583	6.680673202	222.4798514	rice
0	49	18	29.68361658	87.93598094	6.990095452	41.82490236	mungbean
96	30	53	28.2653553	91.34151973	6.298976452	27.77319552	muskmelon
28	23	34	26.89477645	95.23453755	5.924330119	132.8191095	coconut
85	26	26	25.40325896	52.2199612	6.214149214	177.5332343	coffee
104	82	53	25.11267535	78.83250918	5.611793711	109.9439747	banana
10	144	196	23.4173273	90.57049362	6.136963983	113.8032493	apple
80	89	51	29.27102459	83.55640317	5.847591709	98.63954701	banana
8	55	22	28.44436025	42.2610167	6.942253599	96.75672434	pigeonpeas
50	60	55	36.0616829	92.77546115	6.702756059	112.6276368	papaya
5	75	22	26.36201112	62.01325205	4.607129014	162.7235252	pigeonpeas
74	53	20	25.29794195	67.8191298	5.615196306	85.26940724	maize
22	69	20	24.8708168	66.47243563	6.898696681	41.52216745	lentil
111	26	53	24.99417043	88.43170691	6.699752881	47.68571204	watermelon
32	68	76	20.1963511	18.97275125	6.749835322	65.62340194	chickpea
93	38	43	24.28090242	82.70053765	6.260087479	264.5463781	rice
25	79	19	21.22715792	45.2034819	5.704192405	198.8298806	pigeonpeas
7	75	20	25.07948783	62.2269555	7.841496029	36.75092096	lentil
10	69	17	28.07209195	69.92375891	7.237203444	48.38238997	lentil
41	63	54	29.97600239	94.94482086	6.666924763	204.9884737	papaya
23	48	22	27.01470397	88.87027206	6.949469857	49.66391206	mungbean
30	28	6	26.20282858	91.18466333	6.55363508	103.3313044	orange
30	28	27	29.31021769	52.21774981	6.301253356	93.7583296	mango
21	76	21	28.03796788	44.06700573	4.649561105	197.7792375	pigeonpeas
40	30	43	24.68527739	89.27077228	6.772943685	108.524324	pomegranate
101	20	48	24.6774157	82.75411437	6.206247494	57.05709413	watermelon
7	45	22	25.50634557	44.8302551	9.926212291	74.32635105	mothbeans
63	44	41	24.17298839	83.7287574	5.583370042	257.0343554	rice
15	64	20	21.14419301	68.9754629	6.483905018	54.18410794	lentil
28	130	196	22.13450646	94.67695747	6.062356467	112.9203223	apple
98	22	52	24.78522952	85.13666535	6.519462366	43.41276729	watermelon
25	21	14	21.03748209	93.77329609	7.559639016	115.5409645	orange
83	72	47	27.58326365	84.97849241	6.341996311	105.5892868	banana
6	128	200	25.96308415	82.57813624	5.838748311	70.31782647	grapes
8	26	36	18.78359608	87.4024767	6.804781106	102.5184759	pomegranate
115	18	53	29.17052093	94.19790371	6.012480351	22.06994464	muskmelon
12	29	13	22.45616931	91.52781832	7.57125447	118.0069295	orange
34	7	15	25.10615427	94.0118772	7.346920161	105.5067962	orange
108	81	52	27.04689564	79.57929054	5.665441932	104.5883683	banana
63	55	43	24.37268357	80.73601625	6.109297803	191.9415237	jute
5	8	11	14.66196114	91.73357277	7.22157038	103.1466564	orange
24	55	20	24.63756361	67.57732402	7.841496029	44.82343031	lentil
90	54	21	22.2592981	65.45829906	6.627185936	60.65171481	maize
21	29	12	22.30318989	92.15987039	6.438668989	117.3688104	orange
40	58	53	40.56611386	91.46487286	6.872654431	103.6568924	papaya
87	48	38	23.81579631	80.94023552	7.161865733	190.312216	jute
107	26	49	28.26425377	91.43034767	6.386482348	24.51693947	muskmelon
96	24	45	25.8731414	81.46286373	6.43393039	47.50735952	watermelon
102	43	20	25.07507938	79.50034204	6.273635526	75.24401577	cotton
25	71	18	21.72717976	69.92375891	6.751934875	46.5948397	lentil
80	76	47	25.28283329	75.72184055	6.318658962	106.8697241	banana
15	71	16	20.30700042	21.43306238	5.827028748	116.567713	kidneybeans
16	27	27	27.00315545	48.60542982	5.737909493	96.70630912	mango
103	25	53	27.76699567	93.98552056	6.185482113	28.85944264	muskmelon
16	11	31	25.81013476	92.12962413	6.46592068	171.1762069	coconut
10	68	22	29.94413861	69.92375891	6.2791541	42.97650639	lentil
20	65	24	20.65407738	21.05628903	5.695154712	149.7441028	kidneybeans
97	49	18	25.23339448	63.16833396	5.601255265	79.91473601	maize
60	52	35	24.40977539	74.62858711	7.027244837	158.8291692	jute
6	142	199	22.72183934	90.02575116	6.138181725	113.9218378	apple
21	47	15	28.57905872	86.94506475	6.603278908	59.87232071	mungbean
64	49	42	25.66197964	81.03016373	5.73172139	246.1670713	rice
74	50	39	25.23686645	83.20822152	5.678595343	283.108426	rice
94	50	19	23.30355338	73.62548442	5.873242491	97.59081274	maize
25	5	27	25.93969423	93.12989831	5.825955698	213.1550931	coconut
96	54	22	25.70196694	61.33450447	6.960358276	83.20711308	maize
23	5	44	21.20725375	94.26304717	7.16300467	107.5660804	pomegranate
88	26	52	28.16691429	93.69825383	6.781050373	24.8170886	muskmelon
40	131	204	22.96431171	93.13031116	5.956523599	101.5096938	apple
120	35	22	24.68188415	80.25429326	7.994679507	82.22104688	cotton
40	22	34	29.6001039	95.5245535	5.50158009	195.7369926	coconut
58	46	45	42.39413392	90.79028064	6.576261427	88.46607497	papaya
28	69	19	19.78751635	69.82312331	6.795541052	44.29070334	lentil
35	68	21	17.45491278	24.96969858	5.634721566	60.27552528	kidneybeans
37	8	25	28.23902566	91.98303656	6.191103751	173.4840638	coconut
13	126	204	23.1094265	92.79630809	6.383180271	108.183792	apple
49	71	83	18.52176077	19.21142277	7.509086638	71.24663509	chickpea
23	142	198	20.7666096	80.24462349	6.093728358	66.2142911	grapes
4	49	22	27.72077366	85.26245505	7.040122047	42.48871435	mungbean
10	29	7	22.28833637	91.36546527	7.995848977	105.2246814	orange
94	47	19	25.18930802	60.83603944	6.899397361	88.59595657	maize
23	78	84	19.31847885	15.45028958	7.50928239	81.21961331	chickpea
22	80	23	21.68938389	65.70958686	6.474169949	36.11477646	lentil
40	18	13	21.2698289	93.34332512	7.286068024	100.4902666	orange
94	70	45	29.1869113	82.25326625	5.546045286	94.14601495	banana
31	60	19	27.9363862	53.31417844	8.904940309	48.60978756	mothbeans
9	15	42	21.98570944	89.94123367	7.199504273	106.3037135	pomegranate
18	30	12	19.72639108	92.21385937	6.602056941	109.4415729	orange
33	26	36	22.65407713	90.88575194	6.422214222	102.5184759	pomegranate
15	44	24	25.0046677	40.00933429	5.123293499	64.6316386	mothbeans
26	135	205	23.07250625	83.98351748	6.499604931	72.56862639	grapes
67	37	17	18.04185513	66.6891358	6.908038059	84.95917037	maize
13	64	18	23.4209226	20.39297412	5.990361332	117.6749654	kidneybeans
77	60	42	23.46762873	82.3727027	5.951822064	283.2412365	rice
116	5	46	25.57890118	87.25096061	6.40026933	50.81190988	watermelon
99	25	50	27.02415146	92.09024996	6.526160347	29.85790585	muskmelon
82	18	48	29.09588297	94.16748386	6.159050816	26.70581328	muskmelon
36	61	21	34.53823889	39.04468913	5.617008201	168.5948318	pigeonpeas
84	52	19	25.40868991	63.80537417	6.351159584	66.32087907	maize
15	54	15	29.97604322	57.03184356	8.35495812	44.86052932	mothbeans
74	39	38	23.24113501	84.59201843	7.782051313	233.0453455	rice
86	30	49	27.07614637	92.30305051	6.581505274	25.4701374	muskmelon
74	45	45	23.27481153	82.66117975	6.491573423	234.2715715	rice
43	50	48	28.28222883	91.37059792	6.63016515	179.2720807	papaya
13	132	200	17.5995835	83.60519817	6.079201924	70.74133732	grapes
9	43	20	31.09371913	60.9700103	4.462941163	38.64951977	mothbeans
106	60	24	23.41875883	80.13957965	6.460568874	70.07084779	cotton
40	37	22	25.9435791	42.04265251	6.439060378	58.45860116	mothbeans
82	80	54	29.77527172	84.71899106	6.0231705	116.0548014	banana
14	21	35	29.52501367	91.91185319	6.121005506	194.3100272	coconut
18	20	41	21.29533251	85.98484324	5.839472163	102.5184759	pomegranate
26	56	24	27.64132763	53.2918867	6.093814006	149.764433	pigeonpeas
1	132	200	16.27852801	82.94270065	5.620745638	66.57462809	grapes
8	145	195	20.59272957	83.45773441	6.080212315	67.79313634	grapes
60	69	76	17.61872007	17.29560841	5.988992796	88.18930272	chickpea
85	8	51	26.05444491	84.60693862	6.614503761	51.59176625	watermelon
1	27	36	23.98598756	93.34236582	5.684995235	104.991282	pomegranate
21	46	21	29.55631251	61.15173699	6.292900193	31.91061136	mothbeans
11	59	19	33.93958124	45.22861868	5.629119402	90.05422663	pigeonpeas
10	13	9	31.48737663	91.50749658	7.261426756	114.4909814	orange
118	50	19	22.95604064	82.33733678	6.360812227	66.48339303	cotton
37	24	13	19.14381903	90.71037456	7.8546243	108.0230792	orange
120	21	54	25.26209258	82.53409929	6.956508826	47.66527471	watermelon
28	37	28	32.13409675	50.52559148	6.097869767	98.63333684	mango
37	67	16	30.01690225	68.54326583	7.350099609	63.93145762	blackgram
31	39	18	29.84369598	54.70037006	8.024638305	42.47074218	mothbeans
34	80	20	22.83670769	69.15422849	6.684231731	46.14629287	lentil
111	32	34	25.46743689	69.35161206	6.392048018	171.3764462	coffee
93	85	49	27.96799119	79.28625709	5.694243847	119.4765557	banana
73	58	21	19.97215954	57.68272924	6.596060648	60.65171481	maize
3	129	203	29.74900576	82.42635154	5.928284597	69.84590798	grapes
28	30	35	32.13597129	50.21782219	5.432868469	97.60838127	mango
29	56	24	27.65994982	44.77637031	4.992146499	43.77729642	mothbeans
15	15	28	32.44314709	54.9640534	6.48649483	91.01947598	mango
13	74	25	24.12192608	61.09533545	6.461618577	44.23629285	lentil
7	27	37	20.24483633	87.49974129	6.555621766	105.4970693	pomegranate
46	56	53	37.80236322	90.03863107	6.662429421	86.85929506	papaya
8	32	33	27.00315545	50.06727368	6.735135348	89.29312339	mango
40	29	42	24.63228709	89.01574455	7.104094929	110.6956184	pomegranate
30	72	18	22.56082894	69.02373921	6.895027178	46.11151126	lentil
94	52	35	22.50769795	81.88859112	6.337242031	253.3642474	rice
83	56	45	24.34748976	82.56417196	7.190734041	263.141321	rice
21	134	203	8.825674745	81.15252718	5.660100058	69.84197663	grapes
17	44	20	27.01470397	85.58579168	6.763977072	50.09782694	mungbean
42	67	77	18.99424448	15.9362937	7.114405288	78.69707199	chickpea
75	57	21	19.34463986	60.45972571	6.380384353	94.60595201	maize
31	66	15	22.04328133	65.92893518	6.7426363	47.78843983	lentil
104	43	20	22.58768164	84.87668973	6.299631261	80.36687696	cotton
31	59	20	31.99928579	56.39302731	5.257349171	51.88397844	mothbeans
100	32	26	25.234661	57.53161469	6.043485685	124.2261737	coffee
28	6	40	22.10621387	91.34039616	6.769855664	106.8704803	pomegranate
7	128	202	8.825674745	83.98351748	6.274026045	65.76466612	grapes
40	55	19	23.42235587	61.5821859	5.20141616	181.9333546	pigeonpeas
17	77	23	24.51324787	20.81527638	5.670062975	64.19497947	kidneybeans
43	67	16	27.45371284	63.02861201	7.57326249	60.41790253	blackgram
40	10	30	27.8587446	93.78194821	5.994758938	191.6201939	coconut
29	72	19	22.90943889	18.63503559	5.822099117	60.27552528	kidneybeans
5	123	201	22.24725823	82.27843994	5.787712007	68.17007129	grapes
94	50	37	25.66585205	80.66385045	6.94801983	209.5869708	rice
97	78	52	26.8375814	80.41403448	6.490074429	94.45060509	banana
84	15	45	26.27352467	85.3531934	6.46686681	47.38377413	watermelon
30	35	17	28.41097936	57.55343168	4.993293995	66.49541573	mothbeans
99	88	49	28.82835844	82.93508502	6.1249077	114.1241373	banana
13	75	20	30.55992394	35.29006485	6.979540061	178.8998611	pigeonpeas
24	137	196	25.23515014	83.40891555	6.479714672	67.96269471	grapes
111	43	18	24.45734146	83.84452102	6.915020344	84.32378017	cotton
107	26	46	25.32645	85.17846787	6.38275108	50.13634266	watermelon
22	130	204	21.56926309	92.76593294	6.189205329	124.9831618	apple
21	60	21	26.26459882	48.17348371	9.347236594	50.10434265	mothbeans
25	68	19	19.72981221	24.96969858	5.759880169	94.71231567	kidneybeans
17	62	25	30.81068604	49.83203845	5.938685927	112.3358998	pigeonpeas
68	40	40	24.82619755	81.25937686	6.696679884	181.003309	jute
61	45	19	23.54415393	59.08703696	6.653036202	90.71921958	maize
26	61	20	36.27358702	45.99698162	5.848347873	90.05422663	pigeonpeas
46	80	83	20.32310274	17.25503275	5.988992796	65.31939963	chickpea
31	53	16	28.7420098	85.81675947	6.452006451	48.54598575	mungbean
30	71	25	30.85836255	62.04742895	6.876020474	73.74420488	blackgram
90	25	31	26.48144659	53.59875268	6.389877421	151.3691786	coffee
107	49	22	24.99363557	78.86794406	5.83641127	71.95795226	cotton
38	65	80	20.99502153	14.25926032	6.297203818	68.55422763	chickpea
32	75	82	18.99227622	15.37150196	6.229782125	80.82070505	chickpea
20	47	16	26.74512161	53.7213795	5.923163533	67.50872038	mothbeans
29	75	75	19.62416326	18.71483156	7.064790365	88.4585692	chickpea
42	53	45	34.28753174	91.48390633	6.724085373	168.6627329	papaya
37	48	53	23.10578561	92.27879326	6.668537444	153.6863065	papaya
117	24	53	29.17220859	92.21405224	6.293486295	21.30290472	muskmelon
29	126	196	22.37756907	92.63012299	5.952214463	106.5956108	apple
84	21	55	28.47090661	94.79453182	6.494251024	21.08484101	muskmelon
15	74	23	28.02868178	66.08760357	7.058071266	43.42375687	lentil
49	63	46	27.27797642	90.66757861	6.743546196	187.8448002	papaya
32	59	48	24.43416482	91.324436	6.648875575	209.6437352	papaya
0	57	22	18.6476553	24.35532812	5.926686975	97.10447624	kidneybeans
40	49	17	31.02215872	45.89239456	6.68727523	53.56783314	mothbeans
8	145	198	23.0756021	90.58337721	5.580576509	121.7738339	apple
1	7	9	27.62716493	90.00621688	6.502390784	109.7364955	orange
34	34	35	27.27433181	47.16808054	6.422710539	95.257992	mango
9	121	201	17.537603	81.58241313	5.640696109	74.35794313	grapes
80	89	47	25.11900369	76.95355141	5.870775284	103.3185728	banana
25	21	31	28.48848782	99.98187601	5.834932913	169.9861759	coconut
18	61	20	33.71742155	59.27732646	6.24452607	198.8298806	pigeonpeas
85	53	38	24.90075709	73.84186449	6.588017308	153.8990984	jute
20	79	77	18.54988627	16.02542689	7.64867466	76.32565249	chickpea
31	71	24	27.21663621	67.59309229	6.534294474	46.33091261	lentil
100	17	52	27.90214886	92.68700032	6.559491253	28.00342444	muskmelon
72	51	40	26.7703506	80.71241	5.343987257	205.9618393	rice
20	76	18	19.10779002	22.47608303	5.586222592	98.54057364	kidneybeans
40	132	205	29.7740637	83.30454567	5.722599452	65.01095312	grapes
97	20	51	24.4750103	84.59013175	6.78781435	49.1891226	watermelon
38	77	22	28.234829	69.3159965	6.313284268	35.36831423	lentil
43	68	20	29.57812712	66.17587668	7.497469256	69.43895491	blackgram
30	55	21	25.30757483	59.38277663	4.87999429	146.4636612	pigeonpeas
87	84	45	26.03995727	78.95477543	6.373724933	106.8455434	banana
75	35	43	23.28027436	79.29125329	6.44580675	177.3861895	jute
40	72	77	17.02498456	16.98861173	7.485996067	88.55123143	chickpea
61	64	52	43.30204933	92.83405443	6.641098708	110.562229	papaya
80	93	51	26.306932	79.55235243	6.187162599	109.9856827	banana
21	71	23	20.11594677	22.81044893	5.668731304	113.7502967	kidneybeans
30	12	15	14.64405642	93.86536395	7.152554164	114.8478792	orange
105	36	25	23.65102574	80.8727307	5.927445929	94.87807464	cotton
21	64	17	19.78690326	23.32776552	5.834576615	87.03027276	kidneybeans
34	65	48	41.41968393	90.03863107	6.665024508	199.3096432	papaya
18	65	19	27.10447418	54.39399368	6.475179018	166.8388156	pigeonpeas
4	72	18	27.45738334	51.19983637	5.203035776	153.8455006	pigeonpeas
31	15	28	28.08698239	91.01484499	5.907360401	172.7221742	coconut
34	79	21	24.3992063	67.11415593	6.425010905	47.8069214	lentil
33	64	49	29.9502979	93.24976587	6.650735774	248.8592986	papaya
93	42	43	26.07716299	71.44819989	7.062886788	184.9247324	jute
80	75	52	29.90888522	83.81036655	6.042577799	109.8664176	banana
0	25	38	24.4632306	91.4341245	5.78430628	102.5184759	pomegranate
102	86	45	29.84966216	84.26393811	5.974941369	92.80980756	banana
19	16	43	19.14755127	90.27458676	6.728213848	105.7577465	pomegranate
109	81	53	26.76877726	83.25375669	5.847960339	95.05443753	banana
36	6	30	26.68968873	97.93951488	5.680504037	224.882864	coconut
90	60	24	22.98437608	65.88499721	6.123332997	88.9521103	maize
17	137	198	23.56946423	91.92292589	5.866912743	122.4287904	apple
31	137	196	22.14464104	93.82567435	6.400321212	120.6310784	apple
68	36	20	23.48005108	59.71449424	6.66460729	71.61747155	maize
58	74	25	32.65329565	64.96343212	7.232880548	68.67766326	blackgram
113	44	18	24.59503873	81.87658427	6.886749386	99.32855781	cotton
1	21	14	32.78256651	91.96984435	6.640586452	108.4640187	orange
112	39	29	26.12492233	63.37479229	6.726528895	147.8035305	coffee
27	27	26	29.8690834	90.89123271	5.630743868	187.7841097	coconut
26	72	23	21.13624494	24.0441758	5.662543062	118.0582109	kidneybeans
7	65	18	23.2639433	31.83082257	6.534225125	102.2628055	pigeonpeas
24	30	38	24.00358389	89.42287003	6.895871137	102.8767108	pomegranate
100	11	52	25.60973895	83.30296726	6.354537696	49.05753431	watermelon
20	52	21	29.56599253	86.15987341	6.852872936	36.12042927	mungbean
60	49	37	25.05691488	81.60654337	7.348414006	150.2355238	jute
45	65	21	29.33177352	67.43359793	7.354952029	60.41790253	blackgram
16	56	22	28.02317584	84.59911229	6.578881516	54.34838271	mungbean
50	67	55	37.40549478	91.74946882	6.552009826	133.7222169	papaya
74	39	35	23.81216007	80.50117841	6.210485579	240.4243845	rice
10	128	200	21.95000578	91.06357214	5.787424455	118.0165661	apple
0	142	203	22.97075828	94.10669443	5.849444184	104.9034163	apple
31	134	195	23.0316979	93.6960061	6.052554196	113.0018218	apple
70	64	55	37.44730284	92.3670469	6.803792172	248.8592986	papaya
79	52	23	26.54986394	55.28220433	5.839748822	87.13485314	maize
60	40	17	21.10705396	69.36980977	6.558430148	60.65171481	maize
117	22	50	27.66061535	92.9541836	6.281661756	26.20458803	muskmelon
27	25	40	22.77683796	91.88097058	5.955234319	105.4826049	pomegranate
140	35	23	24.71176122	76.96376501	7.453623385	69.01760429	cotton
54	50	50	43.07246721	90.03863107	6.712564595	40.35153141	papaya
24	80	19	29.67892453	69.0854554	6.808041722	65.66436565	blackgram
11	27	30	27.69637763	48.5622488	6.39474303	89.85646496	mango
35	65	20	26.06760248	38.18134119	4.74182176	90.99714229	pigeonpeas
83	94	47	27.39872329	81.10523402	6.469370954	112.1355384	banana
17	131	198	23.4222007	90.02575116	5.896347861	117.7323558	apple
114	49	19	23.72921294	77.47520408	6.276722172	96.13129229	cotton
102	74	51	26.78712033	84.97849241	5.84171558	100.1561626	banana
108	18	49	27.94572479	92.25871294	6.478167854	22.16638631	muskmelon
105	25	29	24.40876253	54.3541749	6.430726576	172.4030183	coffee
37	65	16	22.8352024	18.97267518	5.683548308	63.59276673	kidneybeans
73	56	19	24.73540002	65.46259733	6.828146569	83.3994585	maize
94	27	34	27.92374437	69.94807345	6.979419362	175.3141008	coffee
98	77	55	29.73027884	79.97186773	5.946360157	109.3058649	banana
16	71	24	18.33124824	38.40975482	4.946369874	139.6483317	pigeonpeas
39	65	53	35.33294932	92.11508608	6.560743093	235.6133585	papaya
94	29	34	25.21877225	50.04557009	7.493191968	173.4696036	coffee
42	55	22	26.96150404	65.35759246	7.29389205	73.37668609	blackgram
14	61	21	28.52427888	64.47083248	5.938765824	49.14319629	lentil
11	11	43	22.39187903	89.70471674	6.197579706	105.6433803	pomegranate
93	25	52	26.98603693	85.88347657	6.339046153	59.75980023	watermelon
120	27	45	27.88423212	90.27962256	6.310927481	24.90244949	muskmelon
104	40	21	24.51240055	79.63155458	6.902269606	94.77126421	cotton
37	49	20	28.09331853	84.24673134	6.449257124	46.38295875	mungbean
38	60	17	28.9286276	64.83370171	6.99883405	66.69775721	blackgram
84	52	42	24.92353705	81.94264991	6.013149433	184.7482693	jute
4	40	21	28.79728147	80.45744422	6.725551062	44.30070517	mungbean
80	44	39	24.987302	79.72522705	6.434935742	162.2828332	jute
31	53	23	30.60622708	55.52514548	5.097157907	31.42855511	mothbeans
47	80	82	19.08067005	16.40404415	7.759043564	79.35372808	chickpea
88	43	18	20.73609392	58.5592032	6.62001221	107.1125414	maize
98	44	21	25.77175115	74.089114	6.524478032	107.4931917	maize
125	49	18	24.90125996	82.01738476	6.904993233	77.33197276	cotton
20	80	19	19.8489366	24.5016076	5.846505899	126.6472161	kidneybeans
23	21	28	27.78574424	97.99791102	6.01694481	175.1379725	coconut
25	42	19	28.49163039	84.76504773	7.02455095	46.31635161	mungbean
23	20	30	27.44321794	98.95377848	6.238726661	146.9817273	coconut
31	63	46	30.29615448	91.42778658	6.992949727	138.4493579	papaya
10	44	19	27.85794203	55.64132393	5.552990412	52.87676772	mothbeans
68	47	17	23.07966343	66.32398001	5.939669647	100.5135454	maize
89	20	29	24.0470246	60.57271915	6.940401549	199.4735636	coffee
38	28	29	32.27134157	49.14538974	5.788482443	100.8124659	mango
19	65	20	22.91267973	20.18782965	5.864353137	86.02054784	kidneybeans
94	91	51	27.90967891	76.73049231	5.73457683	99.20597806	banana
114	84	55	27.14219478	80.97412223	5.995781948	98.64137772	banana
18	14	11	28.04799508	90.00621688	6.550814117	117.1311498	orange
7	144	197	23.8494014	94.34814995	6.133220586	114.0512495	apple
9	60	17	15.86285135	24.96969858	5.748750801	99.57691203	kidneybeans
42	59	17	29.62415334	68.05907032	7.419827976	63.48226219	blackgram
96	14	49	25.36029168	83.1921485	6.528263258	58.84102124	watermelon
60	59	77	18.68942579	17.61320904	6.747543541	88.82519572	chickpea
60	67	18	33.47521658	63.64239861	6.639631974	60.46588638	blackgram
12	8	10	16.14820285	91.4448027	7.995848977	107.4287664	orange
18	145	201	22.50881257	91.29805378	5.993441392	103.5565859	apple
81	47	40	23.24645576	83.51114857	7.611941534	225.6491659	rice
9	12	29	28.37655004	99.98187601	5.523946734	131.0900076	coconut
72	39	22	23.26347614	55.28220433	5.858673329	86.82809385	maize
20	75	20	24.3406069	62.97793338	6.95169142	36.47113944	lentil
110	7	45	26.63838589	84.69546874	6.189213927	48.32428609	watermelon
20	67	79	18.92123845	14.25803981	7.429737268	85.73880531	chickpea
93	47	37	21.53346343	82.14004101	6.500343222	295.9248796	rice
56	65	45	38.2016825	93.97379963	6.751298936	218.0908814	papaya
24	51	23	27.81233246	60.668232	6.647916618	67.70284917	mothbeans
23	30	26	31.33582816	54.64714661	6.967417766	93.44252971	mango
38	72	21	28.23416057	49.4421345	5.902103172	186.5008581	pigeonpeas
80	36	30	24.86922608	54.03442545	6.496360253	136.5131685	coffee
130	49	21	22.00085141	80.35754943	7.304917363	80.07668349	cotton
39	120	201	16.21023459	83.0197461	5.606333792	67.75768717	grapes
103	74	47	28.89680556	83.22843344	6.184704417	108.5441117	banana
102	24	29	25.71914416	52.43530454	6.479405004	156.8104571	coffee
79	48	16	21.12743608	58.38893271	6.44943861	65.90976614	maize
35	38	20	26.72161205	61.68007462	6.351263872	50.90178262	mothbeans
38	73	80	17.60023633	17.51435194	7.219893644	78.85400508	chickpea
111	27	31	23.59302313	55.27564977	6.043330951	191.3980675	coffee
21	60	17	27.97568022	60.46298143	7.548937154	30.92014047	mothbeans
13	11	39	24.03153399	87.20152452	6.708308093	104.0445675	pomegranate
19	39	25	29.16211616	85.38682863	6.401818552	42.44252852	mungbean
38	73	23	28.32223121	60.09116626	7.592992181	52.15509104	lentil
31	66	16	24.08958098	65.0521177	7.02768264	37.40741396	lentil
118	88	52	28.65003945	82.68752542	5.843163161	98.75084366	banana
33	132	196	15.99998933	81.12911867	5.811910999	71.84511616	grapes
82	46	41	23.3250131	79.79609448	6.581693772	187.3096148	jute
90	36	31	27.92374437	68.43435133	7.035621362	193.1865389	coffee
35	64	21	18.89614649	19.77839012	5.826029427	117.9878229	kidneybeans
37	57	20	31.1006247	44.82069159	7.354286985	70.79934452	mothbeans
28	58	25	27.4818649	62.04814951	6.861640036	37.81123974	lentil
20	8	38	18.46690297	92.90843741	5.792543573	109.5750707	pomegranate
66	42	37	26.98582182	73.24402855	6.891996604	178.7672305	jute
98	36	34	27.74964868	56.34023879	6.867060736	199.4735636	coffee
45	61	19	32.86507489	65.04939909	7.388480564	69.37517013	blackgram
81	43	45	24.80929807	70.88259632	6.548275327	199.8362913	jute
39	40	17	30.00116247	59.31952555	9.658438436	70.46030959	mothbeans
19	51	25	26.80474415	48.23991436	3.5253661	43.87801983	mothbeans
24	74	22	17.3966855	19.14557468	5.502999119	112.6323669	kidneybeans
36	67	20	20.39078312	60.47528931	6.924042372	53.31508572	lentil
23	140	202	22.69808922	93.94168886	5.65171691	119.1905161	apple
23	80	22	21.2015997	23.87014744	5.646647715	107.5718515	kidneybeans
101	5	51	25.16795554	80.57500141	6.483017483	47.95476984	watermelon
17	80	23	20.60829165	19.39853008	5.502999119	98.21821963	kidneybeans
74	35	40	26.49109635	80.15836264	6.980400905	242.8640342	rice
25	135	203	22.26559417	92.60991622	5.888180096	118.3523253	apple
36	140	198	23.34386401	91.47684705	6.28188384	104.4267991	apple
33	55	52	34.5753599	93.38747503	6.691473993	134.7257518	papaya
40	44	25	27.17438347	50.45658797	4.896302686	61.36815707	mothbeans
6	13	29	27.31155708	99.96906006	5.832608028	201.8258633	coconut
48	63	49	34.55857971	91.2320583	6.641043761	162.2015869	papaya
40	49	47	42.93368602	91.1756748	6.501521192	246.3613268	papaya
114	83	47	28.11944996	76.61849098	6.151896315	112.1840138	banana
39	60	15	35.09357419	30.98685456	5.004074624	116.9106908	pigeonpeas
27	49	16	29.61407239	59.17054322	9.93509073	71.36520497	mothbeans
17	133	202	22.6351259	92.04733701	5.681791275	110.0951653	apple
106	15	48	27.02415146	93.23192639	6.531877897	20.21126747	muskmelon
0	9	6	15.42268836	92.8466962	7.995848977	112.6913852	orange
15	78	15	16.08161392	20.71491858	5.751233488	91.32764014	kidneybeans
4	127	200	22.10080184	92.86773099	6.499226821	109.1402798	apple
13	8	28	26.1652401	93.44758279	6.297383123	181.9918968	coconut
115	47	16	24.1724739	81.04569588	7.635103603	65.46060114	cotton
25	48	21	29.65177057	89.99615558	6.681076169	59.87232071	mungbean
81	53	42	23.67575393	81.03569343	5.17782304	233.7034975	rice
74	50	43	25.30577376	82.4644781	5.538650242	262.4471236	rice
8	5	41	24.96273236	90.97044395	6.256644356	110.7384502	pomegranate
85	40	40	22.06861533	81.17427106	6.024568338	298.5601175	rice
27	14	10	23.63701285	94.11724151	6.617989881	101.4445891	orange
40	145	199	27.07865516	81.04107658	6.367209382	69.83233302	grapes
50	64	25	28.84079155	63.37230676	6.734447425	70.25496749	blackgram
95	14	50	26.6333118	84.31756844	6.560443519	56.31866159	watermelon
107	36	30	25.71102605	50.04557009	6.972740638	172.7392569	coffee
37	52	25	27.53635256	88.9317815	6.52742314	56.26296597	mungbean
108	33	31	23.69287069	66.76090123	7.393825704	144.6576424	coffee
26	63	20	26.68571157	44.067975	5.788038077	155.4592411	pigeonpeas
10	34	34	33.65277536	51.58226407	6.882373844	95.38084141	mango
38	138	204	25.11108456	83.25447587	6.325480034	73.01026829	grapes
30	137	200	22.91430043	90.70475565	5.603413172	118.6044645	apple
21	77	21	29.75230572	63.23398921	6.836976411	38.1827852	lentil
21	48	25	27.5489432	60.25506702	4.143692617	48.00807854	mothbeans
33	38	17	30.02880204	40.00933429	6.462955156	51.80137181	mothbeans
1	124	199	23.71059131	93.27392415	5.658473817	112.6676589	apple
58	54	53	40.53331892	90.51300008	6.501521192	144.5851629	papaya
114	18	46	26.00096808	84.31035775	6.282403453	43.43779386	watermelon
22	30	38	22.76610485	85.43323119	5.561851831	102.8795328	pomegranate
70	56	35	25.01016478	81.2430554	5.941698851	217.3866927	rice
5	24	43	18.07132963	88.59157757	6.687745019	107.9753635	pomegranate
29	43	21	28.93392123	85.65536085	6.565031292	48.60810005	mungbean
94	25	32	25.78362895	69.94807345	6.937256778	119.5478513	coffee
86	89	53	29.2038292	80.08018784	6.330459924	99.3455505	banana
79	46	39	26.98582182	84.72879511	6.776718301	194.9387124	jute
89	41	44	21.655437	84.07825448	7.749435233	221.3247753	rice
80	20	45	28.92959543	90.75489519	6.652036586	26.29053442	muskmelon
5	21	34	30.5395593	48.5281038	5.690281227	93.84235773	mango
126	35	21	25.70237196	79.64522645	7.204085988	74.31213336	cotton
31	137	200	38.96726679	83.98351748	6.094509911	67.88342111	grapes
39	73	24	25.65842532	61.18235808	7.22405917	69.28607828	blackgram
60	48	36	26.54000761	84.99910073	6.904665882	178.1772483	jute
37	76	75	20.47645637	14.25803981	6.245772114	80.31104512	chickpea
100	28	30	26.8629069	62.5267785	7.117737438	115.1564012	coffee
38	55	19	33.18184225	38.23184742	5.864623352	198.8298806	pigeonpeas
39	75	18	29.36672875	61.17224716	6.944569925	60.41790253	blackgram
22	16	9	29.62869189	91.06958009	7.191381456	105.6369008	orange
107	20	48	25.7464694	85.92545138	6.894997916	51.58489598	watermelon
83	53	41	26.47061456	70.88259632	7.018737164	177.0491542	jute
0	14	35	23.58539548	91.59480777	6.681339156	106.6496009	pomegranate
96	28	45	28.59828012	94.67923786	6.592082555	24.18150778	muskmelon
9	40	20	25.35121302	60.15672906	9.895884602	53.88438461	mothbeans
120	43	24	22.60193331	76.89434887	6.340534826	99.93100821	cotton
23	120	201	23.99686172	91.45231834	6.000124359	101.7308998	apple
120	11	48	28.37285958	91.83101955	6.700427441	25.01431354	muskmelon
17	7	15	10.06711948	90.00621688	7.195319425	106.7933237	orange
20	57	17	29.66049999	60.06534859	7.13647035	68.49031488	blackgram
16	17	9	19.60159301	91.48321642	6.308479598	114.0116504	orange
41	69	19	29.58690332	60.81100104	7.132487037	66.40315973	blackgram
118	51	24	22.58476109	84.36145958	7.861510726	75.90061303	cotton
18	12	8	12.59093977	91.81668769	6.206053072	119.3916718	orange
113	6	52	27.76317235	90.35567642	6.740983646	25.21609113	muskmelon
40	131	198	23.42035124	92.49613953	6.159530683	115.6327776	apple
40	24	25	28.70595247	50.44030129	5.445008416	95.8946444	mango
64	45	43	25.62980105	83.52842314	5.534878156	209.9001977	rice
85	50	35	25.72912692	72.9855642	7.078748191	170.7898131	jute
105	77	48	27.6190367	81.31855084	5.941594988	119.84797	banana
86	87	51	26.09078901	84.97849241	6.188052911	100.3225155	banana
3	126	199	22.77162321	83.98351748	5.714032746	70.41985663	grapes
104	13	51	28.45554562	93.75060733	6.446963091	23.51754065	muskmelon
63	58	50	43.03714283	94.6428898	6.720744449	41.5856585	papaya
112	35	27	25.03684194	57.6331417	7.062714704	148.1585993	coffee
13	77	21	20.67227986	20.28705191	5.813158952	89.00475594	kidneybeans
99	40	39	23.92208436	80.66023197	5.005306977	233.6171509	rice
65	49	37	23.79796794	81.44879855	6.852206967	275.5569215	rice
28	128	201	14.05646176	83.0003136	5.510924849	69.96718373	grapes
90	51	19	18.64435969	61.0735244	5.631338196	74.71160772	maize
91	12	54	24.17630885	83.21910725	6.343416555	53.06311417	watermelon
17	30	30	28.51779513	97.22612008	5.928948119	179.2447041	coconut
10	136	204	21.19852186	92.15595143	6.276198595	105.8554351	apple
86	74	46	29.62397068	82.26970768	5.849254533	107.2711445	banana
18	22	42	20.02308646	89.28612463	6.91641826	105.424316	pomegranate
75	58	38	24.48260606	80.68802512	5.354166031	280.3006367	rice
36	25	33	27.98392787	53.33018851	5.548584852	99.61465679	mango
34	64	22	32.1327092	61.74584319	6.99894773	61.82197838	blackgram
26	125	203	23.78755347	92.9714336	6.224453355	114.8379334	apple
60	63	78	17.91356666	17.22185649	6.74230693	80.34203217	chickpea
110	27	33	25.10074939	63.22053494	6.800896181	188.9740781	coffee
4	36	22	27.60887393	86.13316408	7.012740397	43.80041104	mungbean
16	143	197	22.61711614	93.51978375	5.90402645	116.9256766	apple
101	43	19	23.89080171	75.52027847	7.994679507	92.52877321	cotton
0	48	15	31.12316047	55.19954373	8.876066275	74.44330654	mothbeans
104	90	54	25.75851104	82.78788476	5.706796205	98.34514012	banana
63	58	21	19.68532719	65.83684956	6.496467445	84.84974625	maize
5	39	17	28.6084106	81.37968535	6.693012439	51.46678772	mungbean
20	80	24	30.56130685	67.93761334	7.102711301	68.07779307	blackgram
63	43	19	18.51816776	55.53128131	6.641906353	90.988051	maize
2	21	35	25.02887163	91.53720922	6.293662363	179.8248944	coconut
10	68	18	28.5218331	65.65905903	6.718924877	53.1357939	lentil
114	88	47	26.89471787	82.95420943	6.042148449	119.84797	banana
6	123	203	12.7567962	81.62497448	6.130310493	66.77844567	grapes
54	58	53	36.51531516	92.00701493	6.899289274	129.022557	papaya
100	16	45	26.48743798	81.23797259	6.677626038	59.44742764	watermelon
100	25	31	24.73148117	53.32067588	6.060658292	159.942992	coffee
29	76	15	28.5417236	64.2020154	7.025607706	69.68862306	blackgram
29	37	18	26.18086903	58.15080495	7.907454162	55.34171225	mothbeans
25	57	19	17.15432954	19.87070659	5.566522896	87.99669731	kidneybeans
126	35	25	24.81773866	83.61626573	7.994679507	84.20059264	cotton
18	135	200	22.37605613	91.70090814	5.99810067	111.5422992	apple
22	20	32	31.20630489	52.44807338	5.29367389	90.94142122	mango
19	57	23	23.6734328	47.2879691	7.342409555	141.1250722	pigeonpeas
40	17	32	27.35815961	94.16211901	5.984776857	182.5475601	coconut
11	70	15	24.91372015	67.92419146	6.361691528	39.33122651	lentil
25	69	23	28.41935792	61.63285658	6.679181515	53.14287392	lentil
26	36	25	25.57219555	50.03836113	9.93509073	67.50866648	mothbeans
40	30	35	20.89273273	91.07776977	6.269663963	104.4407083	pomegranate
68	36	41	22.32449616	82.2165029	7.033040066	212.7064385	rice
89	41	38	23.12844351	74.68322732	6.344751947	199.8362913	jute
11	76	25	20.59099119	34.02617095	6.238345149	195.2605977	pigeonpeas
34	134	196	15.76534694	81.80779253	5.761982604	65.01095312	grapes
28	57	17	30.47757686	61.58245338	9.416003106	61.86633917	mothbeans
9	10	31	28.0408461	96.20755205	5.783084154	168.8469505	coconut
46	67	77	19.48388525	16.59637216	8.188271903	83.29096012	chickpea
42	72	17	32.92904844	63.63715429	7.419558583	67.91981837	blackgram
18	39	24	28.7806612	84.52730424	6.780842278	45.04112632	mungbean
89	28	33	26.44414097	53.83876189	6.993236001	175.3723314	coffee
114	25	28	25.14923793	50.04557009	6.374389566	190.6020062	coffee
37	5	28	29.8690834	92.91588938	6.4039474	160.9972075	coconut
81	41	38	22.67846116	83.72874389	7.524080076	200.9133156	rice
78	36	39	23.8058723	81.01428116	7.398330308	156.2357748	jute
52	54	50	30.39806602	91.80248212	6.644524851	109.1342629	papaya
86	41	22	22.2896368	74.82913698	6.450348546	85.20628349	maize
124	35	16	22.94568641	81.02827402	6.072882552	92.49154515	cotton
89	47	42	24.99734779	70.88259632	6.002524871	188.7403921	jute
35	66	15	27.06946735	64.79659804	7.38742376	71.68583933	blackgram
4	23	5	22.67594476	93.36348717	7.477935216	110.3332655	orange
37	27	29	32.18675798	49.42325881	5.758585361	93.78413863	mango
92	75	51	25.01018457	76.35306454	5.799135303	119.4928362	banana
9	77	17	20.12373284	24.45202552	5.783425416	106.158201	kidneybeans
86	48	42	24.15655665	86.49709093	6.759766619	163.0921247	jute
1	66	23	19.54317155	56.92831399	4.803564468	173.1686574	pigeonpeas
100	46	41	24.77199808	72.91005322	6.32487724	171.2377788	jute
34	140	198	21.70416965	93.44006288	5.751707342	115.1781396	apple
35	63	76	17.81564548	17.60756635	7.714153038	90.82097601	chickpea
39	28	30	28.06520389	51.84142934	5.056341297	92.63423794	mango
117	41	16	23.14892389	75.91921783	6.596707027	90.67576589	cotton
16	23	34	25.94505826	92.26498827	6.124157274	146.4213784	coconut
14	137	198	36.90911265	83.03414201	5.959209813	69.9648772	grapes
33	14	33	28.60279491	92.8298168	5.970468033	135.622134	coconut
12	58	23	21.74600081	63.39503184	6.765091462	50.43306085	lentil
58	61	45	23.0124018	93.05378994	6.749436355	139.8478417	papaya
88	18	46	26.98603693	85.85212068	6.126114468	59.34635519	watermelon
92	50	39	21.44683106	80.62620589	6.707068118	223.4687781	rice
46	60	23	31.94732091	60.82948016	7.545077012	67.39755255	blackgram
98	15	46	27.58948277	91.08009213	6.092587339	21.86765575	muskmelon
116	56	17	24.71252544	77.7293114	7.979090365	85.24963302	cotton
18	125	203	22.44307715	91.59234006	6.160267496	102.5565807	apple
30	66	15	22.13507368	21.00311022	5.99812453	73.44816669	kidneybeans
103	10	50	29.08190817	93.85714042	6.543537013	24.45966409	muskmelon
25	63	19	20.28077295	69.92375891	6.877274699	46.54444284	lentil
99	17	27	26.66424114	58.37162222	7.067552106	162.5799734	coffee
13	5	6	22.21586878	93.57240854	6.101543993	103.2264957	orange
44	61	21	29.48125801	65.85519588	6.800932069	65.36415956	blackgram
80	19	50	28.45698805	93.77460032	6.678217735	22.2447703	muskmelon
42	65	78	17.68893698	14.86485221	7.807953445	84.27881295	chickpea
3	49	18	27.91095209	64.70930606	3.692863601	32.67891866	mothbeans
21	19	32	35.57063197	54.53126192	6.43917217	98.71635488	mango
56	61	55	30.16412232	92.83312661	6.714652891	42.16611708	papaya
67	40	38	23.778231	82.0011054	6.841891266	166.9181151	jute
28	72	18	27.4696576	60.09116626	7.203536582	46.22153142	lentil
32	15	29	34.81311576	47.18950431	5.732679135	94.04463464	mango
22	14	31	28.06054651	92.48436259	6.18295049	163.5737284	coconut
112	19	45	24.04355803	80.02621335	6.852018591	47.85050323	watermelon
64	39	42	23.27539583	80.68004042	5.005306977	255.8043503	rice
37	61	21	29.73038985	64.30062299	6.500144962	60.41790253	blackgram
77	48	36	24.72137905	82.23298903	7.868474653	255.1901009	rice
23	52	23	28.66870607	81.62142002	6.739831544	58.33265104	mungbean
27	6	15	29.08491482	90.20607677	7.076468551	117.1069043	orange
6	79	15	20.42332867	45.65444851	5.403916563	120.9614605	pigeonpeas
27	56	19	29.5354325	58.2683917	9.93509073	43.10767061	mothbeans
86	8	55	24.04355803	80.02621335	6.885185648	40.12650421	watermelon
80	13	49	25.891519	82.90293583	6.253475259	52.01935192	watermelon
36	63	25	20.85162776	20.44266762	5.801849517	91.11203828	kidneybeans
49	69	82	18.31561493	15.36143547	7.26311855	81.78710463	chickpea
127	57	15	22.20482173	81.67220108	6.134983802	87.27733496	cotton
32	67	17	30.51825571	63.2006435	6.934898513	66.52448027	blackgram
59	53	55	24.64988832	93.77361796	6.589002672	173.5539757	papaya
106	47	22	22.55070877	81.70405625	7.255376496	99.2743589	cotton
32	14	37	22.73031253	88.48567856	6.825256236	104.6843243	pomegranate
10	128	199	22.41952209	93.48252905	5.886631417	106.5227186	apple
80	19	50	25.51806855	89.98405233	6.588031785	59.75980023	watermelon
100	5	53	24.93696156	89.42947865	6.517026941	54.59518182	watermelon
17	131	197	34.15803803	81.09314308	6.28287939	65.1028039	grapes
4	62	25	26.48722568	52.59320512	6.067252965	145.3144933	pigeonpeas
115	31	30	24.22984659	67.37768353	6.840927967	122.4073418	coffee
17	30	27	29.03065024	90.79093862	5.894027065	205.5720367	coconut
82	41	40	25.01320993	83.5956589	6.87076034	228.8442699	rice
80	11	49	25.85632052	84.4547432	6.274849771	55.75475148	watermelon
38	12	39	23.40932663	91.2512529	7.108608865	110.6402697	pomegranate
40	43	21	28.04796655	87.69558155	6.349301123	47.56267011	mungbean
34	38	31	35.37775595	45.58110023	6.454045329	97.41586402	mango
14	71	20	17.45768898	18.09224048	5.766190162	134.4348983	kidneybeans
120	32	31	26.98558348	59.18371512	6.676309425	115.1564012	coffee
18	39	18	28.38597667	80.03499648	7.130501534	57.27656808	mungbean
7	57	22	27.07767233	64.2216766	6.398115817	42.80212899	lentil
25	69	18	32.28865102	65.03841739	6.936192362	62.47631602	blackgram
110	24	55	26.98603693	80.02621335	6.383797671	57.81689078	watermelon
24	30	11	32.39523995	94.51768464	6.601395755	113.25373	orange
81	56	36	23.39605743	72.60512854	7.097586415	174.7876411	jute
53	59	81	19.41878291	17.94446499	7.772695259	82.42499887	chickpea
80	76	51	25.31857938	83.04403823	5.505393833	100.2138845	banana
26	56	22	23.05276444	60.424786	7.011121216	52.60285259	lentil
39	62	21	32.37982063	65.36593965	7.398892734	73.57628778	blackgram
67	46	42	23.8622428	83.16914322	6.002524871	180.0409871	jute
58	75	25	25.25596239	61.36669662	7.261791753	68.64685069	blackgram
15	50	20	28.61016035	85.59978842	6.345057348	45.69456288	mungbean
112	23	32	24.82143771	56.94672283	6.020947179	137.5922618	coffee
104	23	47	26.98212846	86.70068316	6.770434148	42.91292205	watermelon
13	130	195	41.94865736	80.28253505	6.331460496	70.50901825	grapes
39	66	17	28.65983068	68.34052938	7.775306272	63.53059956	blackgram
48	59	15	28.40845662	67.61622861	7.160994684	62.39960062	blackgram
11	41	19	26.85911286	41.81420849	5.131779302	44.13827124	mothbeans
80	33	29	25.50631472	64.19783607	6.749632675	159.4303092	coffee
99	16	30	23.52652084	65.44340921	6.392791654	186.1728203	coffee
2	140	202	22.06214842	93.56752544	6.499226821	118.3061523	apple
76	46	20	19.51985891	63.48370259	6.422125911	88.44036936	maize
118	16	51	28.14081517	91.04978976	6.515260831	22.0828649	muskmelon
29	55	19	23.13967439	65.51313866	6.682407478	52.79795107	lentil
40	20	43	21.43206769	92.84426347	6.481737723	105.9649819	pomegranate
60	47	39	26.98582182	79.03504576	6.267404694	191.2941556	jute
82	44	16	18.04185513	57.5833906	6.116537194	93.85950103	maize
17	26	14	18.7661421	92.14702598	6.8562706	105.9230208	orange
25	10	27	27.1686557	93.95064832	6.184904658	177.1384162	coconut
44	66	47	35.42468214	93.9932872	6.680486342	248.8592986	papaya
65	49	40	20.0454142	80.68663764	6.615094286	226.8751185	rice
0	80	15	20.90932015	23.63031833	5.863000058	60.27552528	kidneybeans
93	7	51	25.99632579	86.15998694	6.178537579	49.03191784	watermelon
32	120	204	10.38004759	83.44518113	6.138958698	67.3917379	grapes
109	21	49	27.85004911	92.01343909	6.563988921	27.79459344	muskmelon
70	65	55	23.0124018	92.21977276	6.632884056	91.94701696	papaya
114	18	55	27.20446194	92.26107006	6.183856544	24.354937	muskmelon
77	36	15	24.59146929	65.33274899	5.720691269	66.11781763	maize
8	50	17	28.73510759	47.25642307	7.990049255	45.33464449	mothbeans
44	80	17	29.30608294	66.45000518	7.227929344	70.37219724	blackgram
112	88	45	27.95171012	84.90833414	5.644944091	103.1167999	banana
58	49	45	26.32161677	93.40898505	6.983952256	40.35153141	papaya
60	63	15	31.36792465	60.83728854	7.577435324	65.89888173	blackgram
68	57	43	26.08867875	80.37979919	5.706943251	182.9043504	rice
10	33	28	33.7285097	53.06273451	6.067775971	100.6988884	mango
14	139	197	21.72484506	92.83975602	6.056529526	121.6961761	apple
129	56	17	25.25057559	82.86155746	7.39672885	78.23795779	cotton
33	59	22	22.64236876	21.59396123	5.946999529	122.3886015	kidneybeans
46	67	19	31.818556	65.56898675	7.18157489	74.91559514	blackgram
33	56	52	30.78149584	92.91165339	6.962471568	144.8010943	papaya
19	15	30	28.06838948	93.05217317	5.692666285	182.1635613	coconut
34	43	19	25.27214673	55.57523094	9.713619737	64.44347516	mothbeans
96	91	45	27.12622168	79.53559475	6.241117197	109.2218921	banana
14	18	14	16.65889277	90.02157139	7.804325613	101.0586724	orange
135	43	18	24.54904649	80.30664791	7.467006721	65.867766	cotton
24	65	17	20.2613644	64.36389421	6.340305745	44.82798459	lentil
82	28	33	26.69831331	55.75347987	6.311951446	115.1564012	coffee
25	26	31	26.50007149	94.46494091	6.019285984	184.9037578	coconut
29	69	22	24.85381456	62.61830632	5.142300641	184.7609669	pigeonpeas
36	55	15	25.87021574	45.65883502	5.367041668	135.8031885	pigeonpeas
32	71	80	17.45119732	19.63092727	7.853470542	87.58902816	chickpea
7	30	12	27.36206504	94.68311998	6.293118179	113.0444385	orange
104	5	45	28.05390071	91.36099168	6.231471276	21.39195498	muskmelon
41	46	55	23.0124018	92.08653638	6.891408854	85.08866078	papaya
112	13	53	26.98603693	88.66655165	6.395232051	49.92567461	watermelon
30	13	25	27.15116142	91.48889469	6.413184638	164.9182225	coconut
7	28	35	30.02086169	46.78393776	4.66910839	96.63721027	mango
92	35	40	22.17931888	80.33127223	6.357389366	200.0882787	rice
25	30	34	28.11691249	96.12406702	5.970770188	225.6323656	coconut
26	76	21	29.94413861	66.06790845	7.725282331	54.9393771	lentil
17	29	26	26.14162144	93.28415295	6.071897347	195.4115025	coconut
35	54	48	41.22661356	93.55422061	6.779170693	149.3420832	papaya
18	45	20	27.06365525	84.29553491	6.809515466	56.54233045	mungbean
63	49	18	23.2901339	66.65810032	6.353900398	93.54722684	maize
66	39	40	24.49271877	81.44157693	7.031898102	201.516574	rice
0	58	22	22.36581335	24.96969858	5.943987479	79.91566067	kidneybeans
7	72	21	27.50612591	61.96112532	7.39538641	45.60856391	lentil
64	50	39	26.67439095	79.70026665	6.650611655	166.8360839	jute
60	68	23	31.81467104	66.39969988	6.614215535	71.99737526	blackgram
1	29	33	27.51735864	95.96313787	6.406118265	131.0900076	coconut
69	39	43	24.3407117	78.94642789	7.070418923	175.7143944	jute
55	67	49	36.17866281	92.47981925	6.701815582	153.2230452	papaya
22	80	20	23.00884744	18.86880997	5.669560726	100.118612	kidneybeans
19	55	24	20.13384959	21.57057634	5.821037307	91.19999238	kidneybeans
33	5	31	28.24465398	92.97251302	6.224850851	131.0900076	coconut
15	60	21	20.31993683	23.05177685	5.831879259	111.5800676	kidneybeans
96	40	28	27.23283847	66.46805657	6.890558349	149.645941	coffee
33	69	24	29.8225576	50.30744715	6.614397472	137.1447446	pigeonpeas
80	50	39	24.1093015	84.40055616	6.002524871	180.6557071	jute
99	16	51	29.86611805	91.90584174	6.483262186	25.43206028	muskmelon
82	85	50	27.13408574	80.27946094	5.797835914	107.8243852	banana
39	16	27	35.53845018	52.94641947	4.934964765	91.54560427	mango
27	58	23	20.7262798	18.56462376	5.740248829	149.7441028	kidneybeans
13	144	204	30.7280404	82.42614055	6.092241627	68.38135469	grapes
74	48	25	20.11570032	70.49678274	6.576075891	77.331051	maize
0	13	7	17.61521569	90.81102076	6.664351804	112.2752958	orange
28	5	30	27.33613676	92.82568026	5.611038203	225.5664588	coconut
12	22	39	22.06414139	87.29151952	6.869264588	107.2220146	pomegranate
99	90	54	26.71668301	79.69988832	6.060687608	112.180392	banana
96	23	54	24.04355803	84.10910262	6.709633984	44.74704973	watermelon
17	66	20	17.712389	24.96969858	5.7599947	60.27552528	kidneybeans
37	30	31	27.41770335	97.77913412	6.334574777	169.8123363	coconut
64	35	44	24.05240372	80.74701792	6.626422702	198.9390072	rice
111	28	30	23.17372974	68.75781976	7.195474856	124.9649171	coffee
24	27	43	23.81443918	89.61565631	6.45716527	108.6919807	pomegranate
29	64	85	18.21835673	14.74507747	6.640450221	72.78008574	chickpea
6	77	25	20.61162204	24.36314135	5.792744849	69.63833855	kidneybeans
37	72	17	18.12036198	22.56275062	5.764046345	143.301218	kidneybeans
16	45	19	29.9145443	87.8772061	6.684655311	51.49998968	mungbean
114	49	16	22.59979546	76.84185768	5.988453507	95.88267597	cotton
5	27	9	16.78963885	93.03231759	7.229235539	104.3852422	orange
26	16	45	21.98374465	92.00218423	7.199504273	107.0249582	pomegranate
21	27	7	23.40249665	91.37762381	6.010391864	106.9369236	orange
14	25	39	21.61036861	88.67401846	6.271957156	103.6136385	pomegranate
0	23	42	18.07132963	88.8158311	6.056697547	112.4750941	pomegranate
47	74	16	28.91683678	60.27760281	6.895045496	71.46528325	blackgram
28	15	28	29.74884099	54.9640534	5.918643248	98.27894668	mango
62	50	52	41.07949095	93.64952475	6.820431768	168.9984886	papaya
35	27	6	25.94662962	92.07950241	7.004359358	116.0449746	orange
105	88	54	25.78749808	84.51194224	6.020445317	114.2005455	banana
43	78	82	18.9218097	18.14919023	7.184292047	78.7338957	chickpea
13	76	25	22.18135025	20.5060208	5.680605047	98.04663112	kidneybeans
32	7	36	23.0623817	91.41709002	7.199504273	112.4750941	pomegranate
10	75	18	23.62722898	64.24773497	7.123779668	53.52901438	lentil
120	12	53	24.05035499	87.69657274	6.383643276	53.42651276	watermelon
60	60	83	17.87738121	15.98576791	6.676383804	80.8226453	chickpea
32	16	12	12.1740846	93.56445703	6.281246829	107.4628088	orange
37	51	15	27.71378759	52.0356453	7.586471556	56.01164649	mothbeans
16	62	17	24.92360104	21.23836886	5.55886648	108.6117577	kidneybeans
67	46	44	26.82489244	78.20392774	7.093328631	153.9199807	jute
29	121	196	22.84852833	94.32130209	6.079497202	123.5977843	apple
31	5	35	27.03936268	96.38428778	5.660710571	180.1945041	coconut
39	9	15	25.35467646	91.81183218	7.992041984	116.7555937	orange
74	51	40	26.79187437	82.11036227	6.749792773	172.676269	jute
99	19	33	27.5364547	55.51673151	6.273741983	130.6377143	coffee
34	12	38	20.57301381	90.55206194	6.228972536	108.1887943	pomegranate
55	66	22	30.91219459	68.79427388	7.747775263	66.63830637	blackgram
112	24	54	26.55529743	83.62507056	6.529947064	44.53483899	watermelon
36	24	41	24.94467632	94.25702672	7.009180374	103.8799347	pomegranate
86	48	45	23.05485336	84.52835793	6.503060227	253.0961663	rice
94	89	48	28.55980972	84.51602322	5.653437902	111.0843029	banana
28	130	204	26.96154426	82.10046229	6.382969956	66.1343902	grapes
27	60	17	26.74694698	65.92797329	7.841496029	43.44613987	lentil
11	16	43	24.07459248	85.12912161	5.561851831	106.9102183	pomegranate
80	20	32	26.08033215	57.69881757	6.276966555	169.1868459	coffee
12	80	17	21.74452243	58.41584728	6.849703128	90.32043516	pigeonpeas
97	21	47	29.13005268	91.88422786	6.188640538	23.40563506	muskmelon
90	15	52	27.04927452	91.3821731	6.448061578	23.65747461	muskmelon
9	56	17	26.13708256	66.7729209	6.261937875	46.48280681	lentil
70	50	21	21.14487762	61.79778245	6.738962255	60.65171481	maize
27	69	19	24.92360104	23.59679419	5.873128785	96.51511321	kidneybeans
103	83	48	27.98918658	83.21407041	6.079255732	102.6771618	banana
69	60	21	24.38912678	73.10033126	6.021691499	95.52363196	maize
69	66	49	40.00439101	90.17015833	6.52711001	92.11877372	papaya
22	20	12	21.04407024	91.721608	6.784368506	106.2369704	orange
70	55	20	22.84720929	64.16955317	6.586864352	90.97005919	maize
106	40	30	23.42611644	64.10651528	6.779984384	122.6847408	coffee
0	56	21	29.21086674	43.67076524	3.968031916	57.41390735	mothbeans
66	62	45	32.37633443	92.87604809	6.988062304	81.98936795	papaya
22	45	22	28.4444987	84.87184101	6.690874697	48.44767053	mungbean
6	139	195	31.67586206	83.60333089	6.499604931	69.92669014	grapes
8	45	15	28.09568993	60.9835384	4.61136408	33.84110759	mothbeans
35	67	82	19.72229996	19.37631293	7.298044702	89.04354293	chickpea
64	49	35	24.7934281	85.52196868	7.418906404	199.8362913	jute
17	76	17	15.64170605	20.83155153	5.78431977	133.7757164	kidneybeans
0	22	43	21.96272023	88.14534861	5.898413473	108.6594858	pomegranate
26	10	45	22.35878771	91.03392508	6.551424912	112.4750941	pomegranate
56	55	51	31.4886925	92.65910532	6.849726844	146.5063048	papaya
35	145	195	22.03911546	94.58075845	6.231950009	110.9804014	apple
36	72	80	17.97108358	17.41690905	7.816971097	65.11365631	chickpea
1	29	29	27.32961444	49.30347234	6.052026047	93.53197359	mango
14	19	37	23.84015972	94.31385344	6.360221535	107.9054119	pomegranate
89	39	21	24.39751939	55.67106191	6.995843776	91.7983357	maize
106	77	49	28.61982615	82.3232117	5.653219008	98.34124787	banana
4	19	43	18.07132963	93.14554876	5.779427402	106.3602023	pomegranate
28	145	202	22.63247904	93.1555869	5.643654493	111.9897047	apple
96	84	48	26.33231593	81.31004243	5.704446505	98.13337615	banana
53	67	17	31.77681682	69.01852894	7.296972161	61.46892873	blackgram
45	55	51	38.39988684	93.66688473	6.501521192	149.6028308	papaya
22	18	31	30.7645515	47.93791463	5.956027059	90.38503469	mango
95	53	40	20.26187016	80.98336713	6.674519641	296.2825961	rice
29	24	31	27.25045982	90.61202205	5.592616034	147.8814456	coconut
22	17	28	29.90550633	51.63029792	5.50497062	97.0792773	mango
9	142	197	34.95362772	82.42176133	6.32660653	74.21062836	grapes
19	145	200	23.09892107	92.50746206	5.95134833	104.429517	apple
7	58	20	19.18866707	21.09978909	5.65018694	129.337187	kidneybeans
28	68	15	26.83575178	65.72786352	7.121719381	67.00240444	blackgram
13	139	204	22.17524215	93.13793239	6.15698954	123.3612115	apple
23	59	80	17.39572239	16.78588863	6.918679925	84.06939183	chickpea
37	60	18	28.75664635	80.72103282	6.438807235	41.9715314	mungbean
19	24	12	10.01081312	92.66623035	6.352628632	111.2868816	orange
21	38	20	27.10508014	63.56791363	5.794289715	62.20279647	mothbeans
25	130	197	39.70772192	82.68593454	5.554831977	74.91506217	grapes
35	38	20	29.33790937	82.80957503	6.71782355	57.70456345	mungbean
83	45	21	18.83344471	58.75082029	5.716222912	79.7532896	maize
81	46	42	24.7600076	76.59900167	6.832020247	163.6957986	jute
28	50	21	29.9145443	82.29351804	6.459624479	47.99057468	mungbean
66	59	38	20.0454142	80.12267476	6.459460179	254.7739792	rice
13	52	22	27.73653708	83.29778913	7.153595258	39.63556773	mungbean
30	69	25	24.92360104	23.4066808	5.575514017	69.21533432	kidneybeans
107	11	54	28.59052369	91.33617236	6.094016338	29.44008034	muskmelon
94	22	28	27.06945789	58.23669878	6.366692257	186.6346195	coffee
14	67	21	18.81728371	37.80564406	4.990080324	198.8298806	pigeonpeas
1	145	195	22.53820876	90.81854534	5.598930218	119.5393066	apple
13	129	200	22.45150676	90.37737721	6.100421294	109.9222909	apple
51	55	48	30.09690073	91.37786769	6.900172077	120.1469425	papaya
36	49	19	29.41797108	85.28884435	6.350818707	59.87232071	mungbean
44	63	18	32.60553948	64.84270197	7.480450575	70.9095225	blackgram
60	50	41	24.03405236	80.67295422	6.725610505	228.7999884	rice
112	24	35	27.92374437	52.60187201	7.493191968	120.0681672	coffee
36	133	200	21.24055518	90.77264797	5.965758572	124.9831618	apple
111	22	34	26.76314824	50.04557009	6.998437998	146.5557101	coffee
21	145	203	22.23341745	91.09734445	5.970258126	108.9790512	apple
113	15	29	27.09617155	63.55324262	6.779230041	190.2440566	coffee
117	43	25	25.94893998	81.87074163	7.757355532	81.45109425	cotton
57	56	78	17.34150229	18.75626255	8.861479668	67.9545435	chickpea
25	58	25	27.96379279	82.34908098	6.894289923	42.27432828	mungbean
16	7	8	22.79196751	90.60901895	6.420457311	116.5084074	orange
111	8	46	25.7323857	89.98405233	6.149224431	51.30014746	watermelon
30	75	81	19.41789736	16.80472243	6.408437886	68.4951189	chickpea
58	66	79	20.99373558	19.33470387	8.718192847	93.55280105	chickpea
120	26	47	29.38197991	91.3439552	6.166444463	20.34524522	muskmelon
81	35	37	25.18856718	79.03549456	6.905329176	180.4051182	jute
28	145	202	19.2077707	82.9042841	6.484323189	66.83113717	grapes
83	38	35	25.70822684	52.88667115	7.18915558	136.7325092	coffee
24	30	45	18.07566435	87.62208216	6.905099014	110.7757664	pomegranate
5	30	39	20.8871927	90.66017713	6.294494524	108.2864705	pomegranate
128	46	17	24.79932142	84.05407115	7.244642678	85.11396374	cotton
25	130	199	23.99686172	92.75000436	6.161099266	115.8969365	apple
5	75	25	19.11774323	18.09224048	5.678809985	67.19081844	kidneybeans
9	60	23	31.96987867	57.17377029	6.276004336	64.25520357	mothbeans
4	6	7	23.01014302	91.11764246	6.708889665	112.6738296	orange
22	37	20	27.62749466	86.49366929	6.605733068	39.26137642	mungbean
1	36	20	29.36694128	49.19453943	8.890109443	30.92014047	mothbeans
36	17	29	25.45997652	91.95323881	6.154420275	194.2578439	coconut
20	80	84	18.53521416	16.99555769	6.095333631	82.9831869	chickpea
8	46	15	30.87243633	64.62850303	7.3369802	74.44330654	mothbeans
111	17	46	28.56442874	91.66668001	6.231149962	22.79212546	muskmelon
84	53	39	24.63626582	82.06817129	6.465211008	270.2792054	rice
29	71	25	20.32601336	40.46292096	5.780152115	145.9114405	pigeonpeas
13	45	15	30.29962797	54.14151738	6.378536252	55.21178076	mothbeans
60	60	45	24.92206952	83.5803492	6.436279123	173.8774681	jute
13	141	204	23.7852556	92.76236964	6.202237217	123.7971883	apple
0	30	8	31.11288862	90.88277967	6.138674735	112.5602665	orange
117	40	23	24.57175913	81.97618241	6.265598544	69.17659869	cotton
119	23	51	28.01554322	93.40743835	6.512290008	21.29881155	muskmelon
106	85	49	29.90888522	80.53789061	5.870513296	116.4276809	banana
14	9	9	22.04144626	94.26935843	7.443186363	112.4765951	orange
61	56	21	25.48745814	57.92359528	6.595501057	90.88355644	maize
19	66	17	24.28195232	63.65467536	7.690181538	52.95792268	lentil
48	71	79	19.2665489	16.50048266	7.974694106	68.82953361	chickpea
84	38	20	20.37781414	67.09742522	6.167296665	87.22243093	maize
18	11	5	22.49220171	90.00621688	6.650471922	105.4366142	orange
72	35	41	22.85582013	80.97109721	6.888997467	246.7914444	rice
83	60	22	24.35220881	66.6730985	6.02992677	89.37163651	maize
74	40	40	25.13842773	83.12053888	6.386259978	169.3388465	jute
72	54	40	22.05773314	80.56693936	6.127381423	220.2765502	rice
25	73	15	19.9106432	21.27309801	5.682092465	132.0293203	kidneybeans
17	55	20	29.23183988	83.50418105	6.947635866	52.4999771	mungbean
120	35	27	24.23434708	55.36545757	7.320533566	181.4853328	coffee
32	48	15	28.64601917	87.439741	7.030664354	46.53454772	mungbean
118	15	49	29.94349168	91.37066598	6.248780509	21.86709371	muskmelon
12	45	23	28.31153922	86.65763285	6.98285237	58.99484784	mungbean
29	11	5	23.13338811	91.94670335	7.639788459	104.4224145	orange
22	133	201	23.81995682	80.12211649	6.00299607	67.2739864	grapes
37	59	49	39.66526035	91.01433763	6.739881045	144.2550978	papaya
80	23	32	24.07413733	61.8411329	7.051334201	147.9659566	coffee
114	8	50	24.74631269	88.30866319	6.581587932	57.95826144	watermelon
8	71	22	17.04553534	20.50765705	5.673175004	140.7884684	kidneybeans
29	40	24	29.43952385	55.98615072	3.896783789	56.1685072	mothbeans
44	68	79	20.45133	15.01391175	8.745381352	78.67094416	chickpea
10	17	29	28.38153816	96.18940122	5.945762749	223.114391	coconut
80	16	52	25.23080508	80.02621335	6.000975617	44.79150415	watermelon
24	16	45	21.93641779	90.87559412	5.997020002	104.6238745	pomegranate
12	51	17	28.22105579	50.13045957	6.434219571	58.52578026	mothbeans
26	145	205	23.67411622	93.72649444	5.846814073	122.0663652	apple
39	7	29	27.54273211	94.59086121	6.362544111	150.2012138	coconut
23	127	202	33.9253079	81.92024953	6.01859294	67.74757984	grapes
24	136	203	30.26317911	82.55775973	5.640131701	66.96893151	grapes
31	52	52	34.22701753	94.94482086	6.819592029	40.35153141	papaya
103	42	15	23.84786966	77.47174081	7.7681262	80.24769349	cotton
97	39	36	23.21375957	81.04849526	5.005306977	182.5616319	rice
56	57	48	31.56213762	93.0484859	6.506120752	63.62250788	papaya
97	70	45	27.73908307	76.06500493	5.595302771	95.79329411	banana
20	132	196	22.25324994	90.7362772	6.205164845	109.5035339	apple
25	52	18	28.70817721	55.096656	6.692993795	30.92014047	mothbeans
30	60	21	28.87667593	62.4901206	5.457871273	182.2688175	pigeonpeas
113	16	54	27.96002552	93.27917795	6.572276171	24.90982894	muskmelon
17	23	9	15.99300236	92.91483779	6.343481106	107.7209699	orange
107	57	20	22.72439179	79.57979131	7.870796986	75.7780348	cotton
13	124	202	12.73796252	81.90722762	5.982642834	67.99841848	grapes
121	37	19	24.36004665	75.00539324	6.263532626	93.42136409	cotton
9	12	42	20.33278052	85.12912161	6.46303595	102.5184759	pomegranate
93	41	17	25.6217169	66.50415474	6.047906679	105.4654703	maize
9	11	13	26.52510941	94.05533782	6.643014824	119.6946577	orange
15	19	38	22.44697263	85.12912161	6.066845427	107.9136907	pomegranate
35	38	19	25.32688786	63.18180319	9.112771682	32.71129281	mothbeans
7	48	20	27.28891932	84.26970938	6.350760422	59.87232071	mungbean
24	65	18	33.41695807	53.26706661	7.333714912	159.6342338	pigeonpeas
40	35	34	31.37329684	52.73757071	4.618412636	95.47966354	mango
104	25	51	28.96361426	93.88482153	6.469983276	23.56130173	muskmelon
86	24	47	25.89889773	81.78420041	6.725468036	46.90102022	watermelon
27	61	19	19.37343142	23.18625946	5.99812453	83.96217739	kidneybeans
106	86	52	28.61261924	80.82885738	6.407553515	109.1868932	banana
90	85	49	29.90888522	77.64622409	5.912654712	105.0455759	banana
38	62	25	32.7477393	67.77954584	7.453975408	63.37784443	blackgram
48	53	52	34.27550118	94.204891	6.643806857	152.5447952	papaya
92	40	27	27.65225276	50.04557009	7.184285138	131.2657149	coffee
80	49	40	22.20186145	84.96907151	5.111602488	203.1315039	rice
120	21	25	25.53799998	54.33076022	6.562042385	159.903541	coffee
27	38	15	29.71535615	83.40679136	6.760016395	59.87232071	mungbean
20	18	31	29.99312245	50.03238205	5.801244383	95.66978207	mango
28	131	205	8.825674745	82.57579319	6.098380255	68.75785063	grapes
121	42	15	24.65372045	84.87668973	6.679585816	99.93100821	cotton
18	78	22	18.31910448	30.40046769	7.331808282	90.05422663	pigeonpeas
97	24	25	25.54278321	63.78150917	6.020947179	115.1564012	coffee
16	66	20	19.25803387	34.80940158	6.204085493	150.5602323	pigeonpeas
13	21	31	25.63133071	94.63484649	5.730127475	162.331964	coconut
31	5	15	12.23260546	92.12059161	7.403998763	119.6946577	orange
122	38	18	23.39342854	77.30915329	7.624365501	75.53106735	cotton
32	120	200	22.95413321	91.24593201	5.514253142	109.3409508	apple
26	72	18	29.00614768	41.73039405	5.281651769	132.4467124	pigeonpeas
8	80	23	23.66226522	41.356478	7.445444883	151.1288666	pigeonpeas
35	29	30	30.5848046	46.07068748	6.106416464	93.05423891	mango
9	26	29	29.8690834	99.98187601	5.50158009	225.6323656	coconut
20	22	32	29.21071019	91.11309078	5.571275635	131.0900076	coconut
9	18	35	27.13614194	97.74931248	5.83152818	140.4514388	coconut
18	25	31	28.40971329	94.44507536	5.927201154	158.3861486	coconut
84	51	35	22.30157427	80.64416466	6.043304899	197.9791215	rice
109	30	35	27.92374437	54.41237983	7.22653757	149.8731507	coffee
47	63	51	28.46238501	93.632052	6.646532381	151.9905118	papaya
92	42	39	21.48221739	82.06279843	6.761893338	268.0854679	rice
7	77	18	20.5591255	60.54880693	6.655918078	191.0895109	pigeonpeas
29	14	15	34.90665289	90.00621688	6.899908828	113.3901199	orange
115	95	45	26.7513501	83.61663594	5.979914853	109.2558522	banana
25	35	20	28.90245417	43.35365671	8.923095695	71.90018566	mothbeans
58	63	54	38.66365736	92.54347676	6.604138061	120.706293	papaya
22	145	196	22.38994555	93.71787244	6.499226821	124.9831618	apple
44	55	82	19.34490244	14.56235759	6.233956436	84.76045168	chickpea
31	136	197	31.11047251	83.34010951	5.653776058	71.43001582	grapes
39	71	84	20.28155898	16.39535215	8.140825437	82.52339655	chickpea
21	67	22	35.7543803	65.39240049	5.318150697	90.05422663	pigeonpeas
89	9	47	29.47156259	90.77069618	6.668382766	28.75226067	muskmelon
120	16	45	28.28407707	90.89623284	6.497968504	23.49385612	muskmelon
56	56	49	32.32211753	90.03863107	6.713208314	170.6355316	papaya
76	44	17	20.41683147	62.5542482	5.855442401	65.27798457	maize
85	51	45	20.61245332	83.4205681	6.983616925	217.5338091	rice
0	24	39	18.53415043	90.97936202	6.869075857	102.5184759	pomegranate
48	57	54	29.02328049	90.20396783	6.617703178	126.8069869	papaya
101	25	51	25.33007549	82.91525652	6.064286006	51.60218879	watermelon
60	62	79	19.68729655	15.30065141	6.555434858	75.14034384	chickpea
40	135	195	20.21812949	83.01615798	5.703344532	72.85432074	grapes
16	19	12	18.76642988	92.40287765	6.603242852	119.6946577	orange
12	136	203	26.82028889	81.38875262	6.365432756	69.73440081	grapes
19	19	9	32.18949583	92.02919509	6.654742526	103.9338601	orange
25	76	22	36.97794384	50.86880947	4.686504435	107.8374332	pigeonpeas
117	82	45	25.29391516	79.29122198	5.614471478	105.4220251	banana
119	16	49	25.68678635	88.01278226	6.775132898	48.52407673	watermelon
54	47	50	36.45158765	90.03863107	6.84058092	163.7107895	papaya
28	60	25	29.9145443	86.95502574	6.734963715	58.19459835	mungbean
5	40	28	28.84322828	47.02958041	5.842354633	98.96027902	mango
123	46	21	24.58025992	79.22318148	6.632570006	65.01667776	cotton
30	40	33	27.86839116	50.35075272	4.911927685	89.29147581	mango
77	52	41	23.89069041	83.46409075	6.097294061	167.7230632	jute
87	52	22	22.79536763	69.19627497	5.978070235	105.6177663	maize
20	80	15	18.14466066	20.62738039	5.758735587	79.54316225	kidneybeans
20	123	204	28.79644137	81.90404081	5.652512732	70.3047869	grapes
6	67	20	23.44036664	20.07081532	5.754667824	64.03471471	kidneybeans
7	28	28	34.18849536	46.71380362	4.507523551	99.57448264	mango
95	19	51	28.93333355	92.04861949	6.668734692	23.8097433	muskmelon
100	52	19	23.45969093	82.44777468	7.903528673	93.50153555	cotton
90	40	39	26.45968313	82.57820273	7.868474653	221.5191514	rice
5	72	18	21.472604	36.76295344	6.705589728	158.389455	pigeonpeas
87	27	35	25.144988	55.98306915	6.745088956	138.7495603	coffee
34	6	27	25.84726298	90.92669463	5.860740481	147.8888994	coconut
71	60	42	26.98582182	70.88259632	7.151198855	160.5383124	jute
29	25	35	28.3575072	91.64509299	5.542873799	160.7306991	coconut
26	145	205	21.53904848	92.46411086	6.055386083	107.1554033	apple
19	57	23	28.00185507	83.24452279	6.394788386	53.08820805	mungbean
95	21	47	27.93114233	93.56161439	6.431970877	20.66127836	muskmelon
61	52	41	23.60284345	82.4571116	5.642699918	256.0839502	rice
0	30	43	24.5820546	92.81685264	6.716761517	112.4750941	pomegranate
94	81	54	28.50465861	81.66471169	5.655950802	99.78737419	banana
25	72	23	29.39368595	68.17528529	7.200897834	68.22028818	blackgram
23	8	7	23.3046676	91.00776231	6.511873413	119.6946577	orange
32	120	198	22.38545437	94.42802644	6.202810373	110.4871508	apple
24	45	19	26.85851927	48.8246387	5.952384957	34.7426459	mothbeans
99	50	43	25.54983575	80.81087192	5.857886751	279.6050073	rice
68	45	35	24.35953727	80.12267476	6.091320914	197.0813401	rice
35	61	22	24.48352135	69.34156021	7.031540808	50.69602407	lentil
31	54	54	31.1728816	91.91791073	6.909169524	40.35153141	papaya
33	58	24	35.45790488	68.75810535	5.269504214	108.6333046	pigeonpeas
105	14	50	26.2148837	87.6883982	6.419052193	59.65590798	watermelon
44	63	15	26.42333018	64.51136845	7.338929556	63.46546487	blackgram
21	42	19	28.34267562	59.60102145	5.651399243	47.24615715	mothbeans
18	64	23	24.18782636	69.92375891	6.724727296	41.60968273	lentil
40	10	36	20.38182301	87.96229732	5.907106593	107.2400309	pomegranate
91	53	40	26.52723513	81.41753846	5.386167788	264.6148697	rice
11	80	19	27.98546068	61.35926524	6.096909594	37.86002953	lentil
120	7	50	24.81914332	81.21438215	6.089581847	44.8087529	watermelon
22	65	82	20.30876567	16.57684023	7.164109012	85.04875857	chickpea
121	60	21	25.10187817	79.34120261	5.801047545	75.4108621	cotton
3	136	205	17.5862944	80.84806564	6.334771461	71.4065452	grapes
83	52	45	23.78356864	70.88259632	6.74542553	180.5199458	jute
8	61	20	16.79403194	18.09224048	5.725431543	64.97409429	kidneybeans
30	65	25	32.88733849	64.59457409	7.70650895	71.50569456	blackgram
97	22	50	26.22413862	80.02621335	6.956508826	41.74480804	watermelon
20	69	20	23.69472126	47.00033706	7.341163653	149.9391718	pigeonpeas
25	57	24	25.88454839	59.85157853	6.91794001	52.33994481	mothbeans
101	45	24	24.39216528	78.33243039	7.067601511	73.65958812	cotton
21	78	19	27.16159076	66.76017239	6.92009048	69.85112265	blackgram
25	76	17	31.74105409	68.63525428	7.241148507	62.3061735	blackgram
20	60	17	36.58190563	53.72893235	4.548202098	143.3786527	pigeonpeas
97	23	54	24.7861435	80.02621335	6.628524796	54.3367073	watermelon
38	63	21	31.49250464	60.06534859	7.04239532	67.38533566	blackgram
54	49	47	36.26017309	90.48166639	6.811346662	150.0494667	papaya
81	45	35	26.52872817	80.12267476	6.158376967	218.9163567	rice
5	134	198	35.69350169	80.77746163	5.697438954	71.87533021	grapes
52	46	46	34.76789155	93.27453277	6.993473247	126.6337483	papaya
115	12	52	27.51492243	94.96218673	6.685553129	21.01796432	muskmelon
45	59	53	33.23368964	92.07929994	6.993473247	235.9695762	papaya
98	20	49	24.72684909	80.5497973	6.68996559	51.88236986	watermelon
35	59	45	31.09527776	91.85328801	6.769112514	110.694963	papaya
90	16	45	24.92093261	80.61750795	6.291540278	50.55710813	watermelon
11	72	22	29.37735586	44.82294584	6.842744374	172.40168	pigeonpeas
101	24	45	29.78232685	93.44489942	6.56088824	23.8873214	muskmelon
33	65	20	24.59256672	59.10609124	6.345790563	160.8967296	pigeonpeas
38	56	17	28.54826449	81.17574998	6.880746087	39.66863217	mungbean
46	61	49	43.67549305	94.0151338	6.645954963	124.7865633	papaya
34	15	39	21.23806093	91.06184442	7.016975575	108.1067891	pomegranate
43	55	50	30.86094477	92.73999783	6.879218661	159.677154	papaya
35	140	197	16.77557314	82.75241875	6.106190557	66.76285469	grapes
79	43	44	24.86994675	85.57080199	6.58788636	168.8697492	jute
31	36	29	33.93679864	52.72170281	6.460542749	97.4611918	mango
109	36	30	23.21012245	69.94807345	6.020947179	156.5882829	coffee
80	6	45	25.5647463	87.05089706	6.374527645	52.91357117	watermelon
23	68	24	20.32586241	20.66716173	5.695291405	93.98047224	kidneybeans
19	38	26	31.48451729	48.77926304	4.525722333	93.17221967	mango
37	136	197	21.59550226	92.9025434	5.906953179	113.7489586	apple
14	28	30	32.1102195	49.79609616	6.117433375	95.54305411	mango
24	60	22	28.65922067	85.05938217	6.714092444	50.66259673	mungbean
17	70	15	22.88245699	61.48533796	6.779933482	54.4184459	lentil
15	145	205	23.26939131	90.37544422	5.922885513	100.1173443	apple
113	19	46	25.41864024	81.12122989	6.286387658	49.52320689	watermelon
28	73	18	33.87375944	66.86720155	6.957014799	67.66921882	blackgram
82	35	35	25.49386782	86.97061481	7.299076163	176.5268267	jute
3	67	15	29.94413861	64.41907584	6.178742351	47.23131194	lentil
53	65	76	20.19137759	16.41998269	8.719960893	77.33795356	chickpea
34	55	21	16.33219343	24.96969858	5.907549432	70.72712132	kidneybeans
54	56	49	36.28650521	91.26619886	6.827326515	208.0604521	papaya
34	46	18	28.16911431	82.56716889	6.623194833	48.19488286	mungbean
33	63	17	21.43855369	68.50121386	6.27099542	53.02125396	lentil
10	49	24	25.44846986	52.20579334	7.235516217	63.37899004	mothbeans
40	49	25	27.37620209	52.89954424	8.176074948	43.3506679	mothbeans
29	30	43	23.87112749	86.15247232	6.121657149	108.1031618	pomegranate
112	21	54	28.27628301	90.72021302	6.324080633	25.05459305	muskmelon
14	67	22	23.82576704	24.75485098	5.624690248	84.64143632	kidneybeans
19	72	15	28.83600962	69.76112921	6.890760124	44.08562546	lentil
99	35	41	23.74625289	81.95162262	6.191040448	298.5601175	rice
30	8	30	27.95350235	99.98187601	6.402723203	163.706706	coconut
73	45	16	24.52450269	59.1623883	5.898337224	85.42590298	maize
60	39	42	25.81747124	74.60949779	6.780455273	195.393024	jute
40	125	196	23.04894723	90.02575116	5.844580501	100.1173443	apple
64	53	55	39.70141539	92.92895211	6.993473247	195.2297195	papaya
29	55	19	34.5036817	63.2017271	7.30500336	72.63201884	blackgram
23	75	23	29.59020765	63.86033534	7.224529956	47.41642149	lentil
9	71	18	26.38802118	64.19463697	7.51400312	42.59681184	lentil
37	30	34	27.53907547	53.63549533	6.797779227	99.35408185	mango
24	79	22	21.62351372	65.29192593	7.233248656	51.70721101	lentil
18	78	23	26.47771379	65.78964758	6.295285811	44.36007494	lentil
6	67	21	20.88082217	19.83761967	5.701676501	63.97779458	kidneybeans
17	9	30	29.8690834	97.79866434	6.34617155	182.1825928	coconut
14	15	39	22.79359484	87.55083884	5.980782536	112.0396884	pomegranate
56	67	79	18.06205493	19.44327562	6.741782888	73.64816147	chickpea
41	69	82	20.02381489	16.63294455	6.715587232	68.97806542	chickpea
84	57	41	23.3186254	82.27202285	6.350082554	286.4598835	rice
30	5	32	28.43297413	94.11072726	6.310468034	192.8138985	coconut
60	47	16	23.47739169	67.86223337	6.488800065	71.16136164	maize
8	72	19	20.11631945	22.49446829	5.5905675	109.3536062	kidneybeans
95	43	41	25.06381349	73.89523427	7.185747034	192.575984	jute
109	49	20	25.72148039	80.73565221	7.189056574	69.11087369	cotton
23	39	18	24.01825377	52.06691417	8.02958271	52.71721994	mothbeans
6	68	22	29.62788106	45.44297706	6.244620596	128.0064637	pigeonpeas
22	26	33	32.19256663	47.04466765	6.054742316	92.32897868	mango
88	34	26	24.49416145	56.56594197	7.343437295	132.7176845	coffee
104	30	53	25.41066584	85.92223974	6.398862464	55.56314455	watermelon
23	55	19	18.16794012	19.85790661	5.651422638	119.4925732	kidneybeans
10	131	202	22.17512179	94.13145997	5.603381232	111.797249	apple
26	13	15	30.74085622	93.80919559	6.386080609	118.2198809	orange
18	58	16	21.47607807	38.80023714	4.962661422	180.382234	pigeonpeas
104	14	55	29.0568001	92.64272076	6.377340899	23.53407766	muskmelon
9	45	20	29.64187226	53.34695698	7.610204933	71.75982449	mothbeans
96	18	46	26.98603693	80.02621335	6.452421619	44.81901714	watermelon
26	41	20	28.8791262	87.81067383	7.126344219	39.27511895	mungbean
34	120	202	8.825674745	82.15755768	5.693898789	72.6928122	grapes
126	58	25	23.64344564	81.95377492	7.687155018	75.10811628	cotton
103	30	55	26.13419472	86.77296181	6.513144139	44.35566392	watermelon
25	46	23	28.01169937	88.39904625	6.613536587	43.93315655	mungbean
119	50	16	25.16278064	79.35298043	7.594921602	93.00095439	cotton
7	31	27	35.29696853	51.0911317	5.957458934	91.06863096	mango
18	70	22	27.12715812	62.80144486	7.692829011	43.34312138	lentil
49	76	75	19.59711437	15.19548407	8.868741443	85.9687941	chickpea
19	60	20	25.55055391	65.9482508	7.201675383	47.00183643	lentil
14	53	17	24.53319727	60.40594452	5.504676374	49.61146839	mothbeans
89	54	38	24.51588066	83.5352163	6.685346424	230.4462359	rice
67	51	16	22.56599691	74.82913698	5.922170084	91.02192132	maize
20	74	16	36.04353699	43.61444121	4.759490199	159.8938645	pigeonpeas
60	58	51	42.07213781	92.92203105	6.840802254	165.7412972	papaya
20	128	200	21.05478502	82.10051341	5.898181757	66.76957012	grapes
82	40	40	25.88082894	84.54822988	5.679993116	195.1136261	rice
28	41	21	26.24968271	51.85845356	8.568838383	74.44330654	mothbeans
40	27	45	21.6602498	94.79397419	5.885638185	112.4349689	pomegranate
7	31	27	31.32863689	47.59319575	6.524114355	94.67344737	mango
40	131	201	21.77178224	93.2717983	5.898479947	105.9862165	apple
106	81	52	27.42433839	80.63608294	5.765697845	91.22307629	banana
86	26	25	25.46984583	57.46316818	7.069429315	153.294933	coffee
28	64	77	18.6097265	16.15844327	7.919511396	76.55092601	chickpea
11	24	39	20.09988809	89.19031716	6.909759378	106.3727992	pomegranate
33	129	205	21.09487402	81.88782829	5.832780669	68.90755318	grapes
15	53	18	29.1617617	86.11113857	6.68312351	42.33811455	mungbean
120	5	50	25.16723714	84.19263523	6.648111486	59.75980023	watermelon
17	21	31	29.03477536	50.51459515	4.550137627	91.35445677	mango
14	68	22	36.16672161	34.59990332	5.71788991	161.0557009	pigeonpeas
104	18	30	23.60301571	60.39647474	6.779832611	140.9370415	coffee
40	135	200	21.88321693	90.02575116	5.916223667	118.0918327	apple
30	67	75	18.46176193	15.85546626	7.319112903	77.68799454	chickpea
4	62	25	29.49713882	61.65042808	6.864956096	46.24264736	lentil
103	28	51	27.02415146	90.01506395	6.002927293	23.38835929	muskmelon
73	58	43	24.58104238	81.34183743	7.425660937	286.7071365	rice
22	128	201	23.99103015	93.14792899	6.058801051	116.1217371	apple
111	23	32	24.81049699	56.60960572	6.80806317	171.9909033	coffee
34	9	36	22.8122645	86.34233767	6.276038961	110.4432293	pomegranate
29	70	15	30.33499674	63.54718862	6.872594461	74.16699119	blackgram
4	130	203	23.20004198	90.25664871	6.049308455	103.7140317	apple
20	72	19	32.47648301	64.34848735	7.397190844	65.820457	blackgram
85	30	25	25.8770519	55.56078407	6.422815451	127.2250276	coffee
40	40	30	34.70041692	47.00741958	4.507523551	95.48363224	mango
11	26	5	25.99611105	91.48173693	7.590850484	106.2966746	orange
0	127	199	9.089930483	80.74236205	5.649140467	65.01095312	grapes
45	70	51	24.3465864	91.55452624	6.721384137	140.849925	papaya
50	70	78	18.18277472	15.58309702	7.4168067	74.0728514	chickpea
27	80	20	18.9660339	22.20261231	5.722471409	88.71567891	kidneybeans
8	71	24	28.35941694	64.19657223	5.91645379	45.4863525	lentil
84	25	46	28.11496688	93.4892468	6.486535575	22.0838085	muskmelon
90	48	41	26.28322756	81.55426582	5.313170079	220.3716812	rice
100	23	47	25.46073059	81.86450122	6.754924876	54.31857037	watermelon
0	8	9	34.90665289	92.26496958	6.010391864	116.7708786	orange
87	32	32	23.98071983	54.41156686	6.188558636	158.7922444	coffee
9	140	196	23.99686172	90.91847661	5.766161176	104.6152055	apple
44	58	18	28.03644051	65.06601664	6.814410928	72.49507741	blackgram
40	56	19	29.57945315	89.99615558	6.337718818	43.81203181	mungbean
124	53	22	25.1276971	82.72088058	7.389201333	89.90206429	cotton
18	26	31	32.6112614	47.74916499	5.418475257	91.10190759	mango
35	64	78	17.92845928	14.27327988	7.496645259	85.37378769	chickpea
101	73	51	27.05853248	81.02215337	5.6789047	107.7948069	banana
54	52	50	34.95745752	93.33676196	6.917220366	169.3354153	papaya
26	69	18	26.53966876	65.2497369	6.058192401	46.16080641	lentil
118	88	51	25.44926208	79.49221962	6.201911642	100.6619171	banana
69	57	35	24.30748599	78.54340987	6.186814392	186.2337571	jute
60	55	36	26.12797248	80.49172597	7.132389299	150.6326874	jute
24	56	15	28.00381289	54.68371269	7.490068801	58.54202988	mothbeans
9	54	17	28.34941337	89.61317142	6.289722037	49.72616579	mungbean
114	27	28	24.99451759	57.93250202	7.162802357	192.8736822	coffee
109	10	55	24.37256217	80.02621335	6.062578151	48.46321183	watermelon
118	27	29	26.08527102	59.24068428	6.609914707	162.9512394	coffee
26	24	32	35.66700821	54.21821073	5.296891099	100.8124659	mango
25	64	25	26.13474607	44.76341786	5.723089778	175.0076195	pigeonpeas
27	27	43	18.82559401	90.65104975	7.199504273	105.5646838	pomegranate
23	23	27	34.72413192	51.4271781	5.161148592	97.31258083	mango
21	68	21	36.97794384	31.55529706	5.644858998	152.6822696	pigeonpeas
10	16	30	29.15908973	96.14331135	5.75902873	190.0092021	coconut
51	65	53	41.06083641	92.35988577	6.664877198	180.5672081	papaya
106	9	52	28.19578411	94.96218673	6.541578053	20.21126747	muskmelon
16	29	28	25.00872392	90.01734526	5.5195874	204.4787504	coconut
42	59	55	40.10207731	94.35110201	6.979102243	149.1199989	papaya
100	34	33	24.72551438	60.19791126	6.862456644	174.5643092	coffee
57	60	84	19.1034283	17.26184541	6.586777189	75.49101167	chickpea
72	46	21	25.03151887	59.41948328	6.368346709	95.0112937	maize
6	12	32	26.04568949	99.54434449	5.671421626	160.41459	coconut
70	36	42	21.84106875	80.72886384	6.946209881	202.3838319	rice
100	22	50	27.56978727	93.02848207	6.549791791	29.60649598	muskmelon
7	62	22	22.41843945	19.88362769	5.780912897	83.08537315	kidneybeans
12	47	16	29.66219528	80.23667281	6.94511229	56.94754387	mungbean
69	51	44	24.30080376	80.39223243	6.33589365	162.941594	jute
85	21	47	29.87331077	90.60932469	6.186770318	24.69720481	muskmelon
65	56	48	29.64437128	91.39681866	6.655814049	230.4872959	papaya
9	57	24	29.89232778	89.71503316	7.165121109	42.99498978	mungbean
10	141	201	22.12659387	90.97818277	6.386021424	104.5412275	apple
118	31	34	27.54823036	62.88179198	6.123796057	181.4170812	coffee
19	59	22	25.21858656	54.59968487	5.09146762	168.8209962	pigeonpeas
11	13	43	18.82085341	90.30284237	6.463651017	106.9509126	pomegranate
40	30	30	32.63649711	50.52553036	4.906677116	94.06394086	mango
110	28	46	24.29105004	88.04541346	6.49889585	51.26046418	watermelon
89	70	55	29.90888522	80.42197318	5.621624441	107.4262603	banana
84	53	40	22.42059282	82.99594163	7.392315541	191.5354017	rice
7	50	15	27.61182884	60.46427402	9.93509073	38.93954954	mothbeans
118	15	45	24.21495706	84.20576992	6.538006356	48.01138482	watermelon
63	48	41	22.1451794	81.59471754	6.32574374	269.6493875	rice
108	92	53	27.40053601	82.96221306	6.276800323	104.9378	banana
50	63	76	18.95621491	15.89560043	6.446491647	79.6364558	chickpea
18	35	30	35.09043372	47.76230461	5.417727615	94.79855255	mango
97	84	50	27.0904997	84.97849241	6.006981765	101.8768578	banana
32	67	17	21.98880159	69.80465069	6.55744344	41.09409329	lentil
90	86	55	27.96236771	84.15403614	5.644486582	97.55986676	banana
10	68	16	27.96902322	62.96997026	7.445444883	137.5947935	pigeonpeas
80	89	53	27.51237036	79.86935541	5.581720246	119.84797	banana
91	84	52	29.14827211	78.71024836	6.390741836	117.536781	banana
78	48	18	26.53441307	64.87559703	6.406986421	99.35037498	maize
90	40	27	25.14173476	53.37689037	6.832231996	155.9775099	coffee
31	25	12	18.05142392	90.03969587	7.016482298	111.7793889	orange
112	73	48	29.2440638	77.32017166	5.707488987	90.66727868	banana
22	64	82	19.48974337	17.17260319	6.4740245	87.51312796	chickpea
27	5	8	17.94303908	93.12998684	7.995848977	114.3077252	orange
39	139	201	41.18664903	81.01783402	5.539980812	68.68895899	grapes
13	20	25	33.77178741	47.94485404	5.360856093	90.68442129	mango
24	70	19	35.73147385	62.25036518	5.225016421	175.5919495	pigeonpeas
25	40	21	27.73329078	81.13903037	6.248900919	44.17580911	mungbean
31	37	21	27.23924995	86.404241	6.713410626	37.31236904	mungbean
30	15	43	21.86603991	89.68111536	5.902679994	108.6482185	pomegranate
104	95	48	28.10077223	83.95614351	6.20086112	114.503819	banana
30	68	15	29.20337231	69.96100028	7.066686595	67.39305004	blackgram
20	10	25	26.94029138	97.1194173	5.901854995	157.9255917	coconut
23	21	12	17.6120245	92.35554952	7.13804988	105.462761	orange
36	69	15	19.47884665	23.05693043	5.7316595	69.92266514	kidneybeans
25	31	29	32.77946982	51.7064292	5.731329026	97.21993801	mango
13	131	205	27.54299349	83.09338391	6.117821054	67.64359075	grapes
13	71	22	15.33042636	24.5798849	5.67105882	64.82990835	kidneybeans
15	29	43	23.14848954	91.69821793	5.670511125	109.3545573	pomegranate
3	18	31	31.65333432	48.20662669	6.392313973	91.09745581	mango
18	17	31	31.74592134	45.16127859	5.667507706	93.75441586	mango
36	67	20	19.86417705	20.23194996	5.556322251	114.4543292	kidneybeans
27	72	22	36.97794384	58.66084696	5.774196998	91.92281865	pigeonpeas
21	6	5	34.14661457	94.00308945	7.028747719	119.035294	orange
19	80	20	20.07167543	23.34391338	5.683806742	149.7441028	kidneybeans
14	140	197	23.35225078	90.90054697	6.071255131	113.0381382	apple
25	32	31	28.27783494	54.9640534	6.472517121	91.50740302	mango
73	37	39	25.56436573	82.72394838	6.896420587	156.8759838	jute
20	68	17	22.77703777	32.04335148	6.317912487	143.2473157	pigeonpeas
7	40	17	31.2123945	40.92604945	8.532078733	53.78769958	mothbeans
27	13	26	29.8690834	95.82686785	6.165452573	204.9423088	coconut
34	130	205	23.87538911	91.55687229	5.744632633	102.9544937	apple
35	29	42	18.07132963	92.62671086	5.657800079	110.3589737	pomegranate
66	69	47	23.69212243	93.61055571	6.912299695	87.53393983	papaya
54	52	50	35.52544528	91.99123715	6.749170902	248.8592986	papaya
18	56	18	25.62324516	30.40046769	4.548202098	159.3609696	pigeonpeas
35	66	47	31.7018373	91.66232213	6.953439161	48.83810592	papaya
31	18	7	20.47243368	92.58975256	6.596146771	112.2464222	orange
22	60	77	19.5781841	16.78369334	6.975683025	73.91563937	chickpea
34	136	202	27.83559349	80.99006956	6.470992328	66.82580194	grapes
36	70	18	32.05141646	64.73580367	7.66974632	65.52023043	blackgram
3	40	17	27.01470397	85.880393	7.083693174	36.12042927	mungbean
124	42	15	23.29976361	83.75001481	6.674309296	90.31721551	cotton
56	72	15	28.03485529	62.87177571	6.957002119	67.3264004	blackgram
38	61	21	30.27374995	67.38680755	4.696518678	127.7767134	pigeonpeas
38	67	75	20.24213849	17.64057079	7.781898367	69.3871219	chickpea
25	27	29	29.25914744	49.62749339	6.255287451	90.32943236	mango
67	47	44	26.73072391	81.78596776	7.868474653	280.4044392	rice
24	68	21	34.3824074	37.52320844	6.440911981	166.2468964	pigeonpeas
40	29	25	27.00315545	53.05235533	5.631667553	94.97964466	mango
93	93	55	27.52667372	84.48431464	5.956687877	101.170452	banana
26	71	20	20.71616879	20.86419305	5.661556563	149.7441028	kidneybeans
68	66	51	23.03157928	94.89155623	6.990409294	222.083628	papaya
88	77	48	27.5389265	80.76116773	5.717968898	104.4360644	banana
30	17	37	23.40390655	88.46405388	6.512297055	108.499782	pomegranate
81	55	18	26.54986394	61.66872322	6.385063308	94.07726538	maize
30	72	20	22.69975185	67.69749333	6.079855813	41.87697723	lentil
24	35	19	24.01825377	62.6414548	5.021714773	70.76006376	mothbeans
100	46	22	26.54986394	61.40053813	6.503766074	89.5417054	maize
44	47	45	38.73218907	94.73613484	6.579441304	218.142147	papaya
36	29	28	30.049278	53.65913509	5.762685776	90.17139578	mango
107	36	21	25.29250148	75.66653335	6.205263534	62.64174227	cotton
78	40	38	26.46428311	83.85642678	7.549873681	248.2256491	rice
21	20	31	25.60033702	99.7240104	5.855457599	165.8248732	coconut
13	19	35	30.29435987	47.39105516	4.709358393	90.01396382	mango
24	44	17	29.8596912	80.03499648	6.666380512	50.66487502	mungbean
12	27	37	21.94626854	90.9759947	6.563855445	103.5547179	pomegranate
15	53	22	28.70568075	86.29299376	6.785548105	44.99436912	mungbean
35	48	15	27.10818093	87.4512669	6.981758362	55.03723979	mungbean
103	82	55	26.67848563	78.3028303	6.390345646	96.39712935	banana
51	56	18	28.12787838	64.2097765	6.706505915	70.86340755	blackgram
52	68	21	27.16374261	63.45470485	6.500144962	70.72643873	blackgram
58	51	47	42.13473976	91.70445386	6.757470637	197.402901	papaya
89	91	55	25.08347445	80.261731	6.275572298	94.32961456	banana
60	61	78	20.71219282	19.83643308	6.317153205	94.03659867	chickpea
132	41	22	24.29144926	81.02453404	7.810865753	90.41694635	cotton
20	72	19	26.34092056	65.72068202	7.205287946	69.4013462	blackgram
42	49	54	30.79477691	94.59277045	6.662442533	137.2243252	papaya
98	40	28	23.53043003	50.04557009	6.424784594	124.0270163	coffee
53	75	24	30.6723325	61.61598933	7.049579148	65.08183411	blackgram
78	49	37	26.83070637	83.67089447	6.490013021	193.6298585	jute
19	71	24	26.12988062	66.34260152	6.693711094	41.43137141	lentil
70	57	47	25.29891279	93.09539631	6.811803111	143.9339806	papaya
32	80	20	28.68384168	59.23403245	4.548202098	145.2283831	pigeonpeas
85	49	18	25.3876407	62.66144547	5.981661278	60.65171481	maize
99	29	55	29.19378695	91.46241065	6.660954816	26.48240255	muskmelon
31	77	20	28.62340663	60.09116626	6.50216243	37.35625895	lentil
81	47	20	23.88635248	59.33708884	6.527310507	87.69103838	maize
0	22	27	27.7716069	52.49750228	5.084996327	97.58859236	mango
120	18	53	26.98603693	86.63862796	6.508875031	56.13713104	watermelon
40	22	40	24.96273236	91.3405772	5.856374106	105.0732003	pomegranate
99	52	36	23.24808681	83.33273814	7.370482203	199.9213928	rice
81	53	19	20.75812517	58.62288369	5.969407196	74.37746963	maize
1	30	28	25.19956556	93.14622321	5.769869948	154.3212822	coconut
117	43	21	22.76368828	75.53466522	7.994679507	74.89571791	cotton
46	67	21	32.15457077	65.43841702	7.057280352	74.91559514	blackgram
95	93	50	26.09193295	81.47185734	5.505393833	100.2930654	banana
9	141	202	21.01245395	81.17931863	6.119495295	66.38448261	grapes
18	75	18	22.73326781	65.53574592	6.540486115	39.87838262	lentil
88	38	15	25.08239719	65.92195844	6.455116637	62.49190812	maize
24	17	35	18.96784591	85.12912161	6.643294496	105.1707631	pomegranate
126	50	19	24.69457084	81.7358876	6.628722836	78.58494391	cotton
102	20	52	27.93919387	94.06442774	6.431303286	27.85196916	muskmelon
15	63	20	24.92360104	20.43245851	5.502999119	99.55305826	kidneybeans
94	16	45	25.96799657	85.28757673	6.000975617	42.41777482	watermelon
20	80	15	24.35150739	62.22666326	6.60730583	48.99153999	lentil
100	30	31	27.16259817	64.02416442	6.726804146	115.1564012	coffee
88	35	40	23.57943626	83.58760316	5.85393208	291.2986618	rice
6	142	202	27.23708304	82.94573346	6.224542938	70.42508897	grapes
112	46	21	24.74897798	75.00539324	5.801047545	83.35737331	cotton
21	57	25	31.850865	43.17465437	8.865071643	67.08777395	mothbeans
116	45	20	22.77093567	80.6473687	6.33189744	67.82937252	cotton
113	53	22	25.99237426	80.61873813	7.386096466	99.93100821	cotton
20	68	80	17.55302323	18.14090048	7.442671154	87.82047001	chickpea
22	15	45	24.96273236	89.00561663	5.803010268	106.1640039	pomegranate
7	55	16	28.92992556	87.21263906	6.484586217	41.70776509	mungbean
96	37	26	26.39173363	65.96662235	6.436988051	199.4735636	coffee
0	66	16	17.99775498	22.22749452	5.912655567	106.3581397	kidneybeans
99	49	41	20.72948883	82.55598009	5.848950587	182.5616319	rice
89	35	41	22.04504535	81.44789966	6.046335235	238.4977144	rice
91	20	45	24.04355803	82.98671134	6.000975617	48.90958828	watermelon
80	48	42	21.77948724	80.37168555	6.951285394	273.914832	rice
40	44	17	25.47475977	40.06083219	6.651273222	60.58470488	mothbeans
71	53	41	25.84248902	86.84300636	6.190730722	171.2366761	jute
11	78	22	23.89756791	22.74378977	5.940546818	112.6616435	kidneybeans
20	62	25	19.12388481	22.25130517	5.798874745	63.01917617	kidneybeans
7	68	21	28.07738988	44.39539215	6.21282595	113.7689227	pigeonpeas
51	56	49	39.97515921	92.60727872	6.665342053	123.8766437	papaya
16	27	34	29.9005907	45.97069142	6.510214564	94.19672197	mango
98	13	51	29.51921812	93.08067776	6.66663534	23.31511205	muskmelon
70	47	38	24.77023168	80.18523063	5.689055068	200.3371456	rice
96	24	51	27.52046014	93.70231417	6.172292849	26.92483765	muskmelon
10	60	20	27.03977548	42.98835023	6.250036221	72.39628156	mothbeans
33	80	79	17.02498456	14.59793786	6.486074157	80.68130952	chickpea
102	19	49	24.07518786	84.54358178	6.465544399	43.03317536	watermelon
27	65	20	26.83176629	34.25988373	6.831404834	165.0233848	pigeonpeas
8	139	199	29.36947679	81.53996362	6.336426667	66.13442813	grapes
14	65	21	16.9869688	18.09224048	5.682309292	111.7488291	kidneybeans
90	70	51	27.91192763	79.430972	5.777152923	117.7067073	banana
45	58	22	32.22349768	65.50012475	6.698529164	74.00655756	blackgram
91	29	28	25.49404436	57.79496746	6.446667723	176.7335344	coffee
19	30	29	25.01946404	98.09224717	5.819029404	171.0041974	coconut
7	20	34	28.71406828	51.15947916	4.592847505	100.8124659	mango
40	62	19	27.32198928	34.13737127	4.697750704	96.51524028	pigeonpeas
18	11	14	17.91605779	90.5101029	6.115406355	115.877564	orange
34	77	20	27.0362776	60.06534859	6.754816553	70.05944018	blackgram
13	60	16	28.03008221	85.3319202	6.959091026	59.87232071	mungbean
17	23	10	21.16006013	92.88362308	7.235189647	108.1567115	orange
51	73	85	19.65837516	17.28077053	7.209039039	84.82287723	chickpea
11	39	24	28.1601673	80.03499648	6.792218975	43.63442193	mungbean
12	132	198	23.06236122	90.34019038	6.038386546	108.1078786	apple
39	24	14	30.55472573	90.90343769	7.189259647	106.0711985	orange
106	44	20	23.15983887	78.67204453	6.088202504	63.62973123	cotton
0	36	26	33.51335271	52.92167751	5.63958722	94.36178729	mango
46	60	21	34.66019214	61.51993346	7.01102405	63.27651235	blackgram
94	35	42	25.28685275	80.88299404	6.565168147	175.6765262	jute
37	15	10	24.51590463	91.77769069	7.032256093	113.2637117	orange
89	18	50	24.66767544	85.77347534	6.840400498	59.75980023	watermelon
21	9	32	27.66890341	90.81545732	5.872521385	164.1792454	coconut
33	137	200	28.89470395	81.13164463	6.47915542	65.83575488	grapes
9	41	22	29.02416551	89.99615558	6.625699826	54.61290891	mungbean
20	66	20	27.11601609	57.90888242	4.548202098	197.6444287	pigeonpeas
28	130	202	30.03191487	82.33774763	5.815120886	65.39740393	grapes
22	44	24	24.30935081	56.32938343	6.030447288	58.99536268	mothbeans
89	22	52	24.89681131	86.10782926	6.217300786	53.14626213	watermelon
96	58	38	26.76963446	83.75324751	6.260759488	253.6239774	rice
20	65	21	30.37534392	64.75283751	6.535968797	71.96557979	blackgram
30	125	204	38.71023749	83.97903191	6.213304079	71.10114757	grapes
102	15	32	26.32572203	59.10303946	6.36013073	120.1777771	coffee
20	61	15	31.00219044	68.56919489	7.355407802	69.81930408	blackgram
34	120	205	23.33322017	94.64807114	6.21025265	110.8421524	apple
0	21	33	29.43813094	54.9640534	6.261466608	96.90341976	mango
12	67	20	36.59369887	30.40046769	4.99484939	138.4483508	pigeonpeas
120	8	46	29.55657523	90.70937262	6.732834334	28.36535596	muskmelon
36	55	18	26.90467232	62.63242348	7.542103548	70.89605626	blackgram
102	82	53	26.06162172	82.64399865	5.717551749	113.9890534	banana
30	62	19	30.5314897	66.34829524	7.098902576	67.95148829	blackgram
106	22	49	28.13816824	92.03053357	6.781050373	26.81577397	muskmelon
120	88	46	27.47082417	78.73090886	5.672248206	97.62921955	banana
118	23	51	29.94349168	93.56975005	6.425038276	26.62509552	muskmelon
18	127	197	23.31858346	94.83055889	5.929806522	100.1173443	apple
57	57	75	17.09104223	18.25142068	7.785039076	87.27444866	chickpea
69	51	23	22.21738222	72.85462807	6.80163854	106.6213157	maize
16	51	22	25.03256714	56.15897401	3.504752314	55.2763218	mothbeans
8	59	16	31.27001887	54.98990243	6.110860738	142.2937268	pigeonpeas
19	65	20	28.11591863	49.00298838	4.548202098	198.8298806	pigeonpeas
99	22	48	25.06331871	84.63685666	6.668357015	50.0247006	watermelon
100	35	16	23.7085514	75.00539324	6.646230587	93.57280585	cotton
63	35	42	20.0454142	80.31269107	5.876763584	243.5951664	rice
60	67	18	33.72289056	62.28835706	6.980383139	69.492118	blackgram
15	7	38	22.55691991	92.75400198	5.964936213	106.8568849	pomegranate
18	18	45	19.45200725	88.15924974	6.124577032	109.3241098	pomegranate
50	68	50	43.67549305	92.3290192	6.806514328	55.63218671	papaya
34	60	16	31.35730791	64.24992106	7.322555223	63.85668948	blackgram
17	65	23	22.5030685	64.4466836	6.969749307	47.38853923	lentil
28	57	22	29.85387728	61.85278321	5.91645379	38.11271676	lentil
40	42	19	28.47028918	46.64276871	7.346234555	51.31734399	mothbeans
22	37	31	30.81458758	54.9640534	4.507523551	97.80317908	mango
78	43	44	23.26396593	82.3542509	5.805910082	182.5616319	rice
24	6	28	28.03754323	94.85244248	5.961022852	168.3802697	coconut
35	11	39	23.35087542	89.7946103	7.199504273	109.6788496	pomegranate
97	29	28	26.32823819	64.88404279	6.631329776	126.0503169	coffee
40	25	25	33.76211635	48.19718967	6.510216807	98.35473855	mango
83	10	52	24.46805695	80.5498538	6.290369628	52.28340944	watermelon
67	41	40	25.848795	87.81661683	7.333143205	152.6194403	jute
21	62	24	33.49077065	62.73317204	6.847382891	65.45328463	blackgram
4	55	15	25.70786481	67.79903607	7.194848113	41.67139501	lentil
16	27	31	28.76577428	49.12438881	6.967417766	91.44024869	mango
39	68	83	20.13910427	19.96978871	7.909703909	72.87941748	chickpea
32	12	33	25.36987288	91.17988079	5.687014709	214.4715709	coconut
13	71	17	18.01201614	19.8894694	5.760454123	107.3812383	kidneybeans
101	25	52	29.09910406	94.22237826	6.750145572	22.52497327	muskmelon
19	52	20	28.79467804	81.61502392	6.649246026	45.12610586	mungbean
17	26	31	28.21324743	53.41970006	5.331945339	91.84840905	mango
85	43	39	24.44750322	85.343236	6.121248919	199.8362913	jute
34	30	31	25.00872392	93.82209187	5.788375313	156.7024818	coconut
56	59	81	19.7372936	16.7211097	6.717814825	93.75035549	chickpea
40	13	36	20.72244775	88.16841924	6.547665883	106.8024057	pomegranate
48	73	76	19.64858068	16.53056234	7.623761967	70.85065661	chickpea
99	22	49	26.50903954	87.56304169	6.45695037	44.99639936	watermelon
107	46	17	24.20751489	79.37828387	6.472527189	87.51341727	cotton
95	54	20	20.32973339	56.39635991	6.605253527	76.50424719	maize
22	36	31	34.15468805	51.26992708	5.089888159	92.75004206	mango
108	15	51	28.14043447	94.2561522	6.070555801	29.86681385	muskmelon
26	73	21	31.33170829	57.97429171	4.946263888	161.7820226	pigeonpeas
104	70	50	25.01018457	79.86622855	5.803149572	111.7887552	banana
32	55	52	37.58899717	91.99740365	6.9677596	159.6577388	papaya
90	42	43	20.87974371	82.00274423	6.502985292	202.9355362	rice
54	55	85	17.16403509	17.27289052	7.711191694	69.28495955	chickpea
57	74	18	30.21720253	64.9964165	7.775306272	62.91956157	blackgram
69	49	51	31.93837868	93.70924131	6.720165581	173.5336642	papaya
19	51	22	27.84980332	89.99615558	7.199495368	51.56923717	mungbean
87	59	17	20.79571546	60.28178136	6.210979672	87.35482422	maize
9	80	19	21.80619564	18.57086554	5.945465949	125.0972687	kidneybeans
31	62	80	20.61773763	15.18163763	6.733670701	75.87201698	chickpea
15	47	20	31.99928579	57.22973976	8.060142337	46.47271106	mothbeans
12	35	19	28.22229977	83.88380146	6.499115167	50.21599876	mungbean
22	136	205	12.77028341	82.05006937	6.499604931	67.52825441	grapes
31	68	15	25.63011519	60.06534859	6.525199255	68.99445208	blackgram
80	53	37	23.59464128	75.39497964	7.251845226	173.4401659	jute
11	130	198	37.90125902	83.36949142	5.852178262	68.24205226	grapes
93	20	55	27.69670914	93.27462628	6.516063985	25.52867734	muskmelon
80	92	52	27.32503055	78.82038509	6.104678406	104.2420921	banana
40	55	20	36.97794384	60.0658347	6.3388335	164.5141812	pigeonpeas
20	77	18	27.48852872	63.09009487	7.16859527	65.80179974	blackgram
34	71	19	16.11737507	18.62419228	5.531730324	94.80550595	kidneybeans
22	55	15	28.46214011	85.40574665	7.199495368	44.96766211	mungbean
10	50	22	28.02318243	84.13907135	6.418060757	41.38300403	mungbean
70	55	46	35.7790521	90.63698866	6.993473247	194.8983079	papaya
18	5	28	29.8690834	92.72700244	6.201528409	156.4938597	coconut
14	51	20	29.48539796	89.99615558	6.71460099	43.37834425	mungbean
34	70	18	25.65542167	47.96348269	6.708136481	179.2134294	pigeonpeas
24	33	35	29.26382931	54.82257868	5.342866119	100.7586226	mango
13	10	27	26.24616128	98.35218342	6.363224293	225.6323656	coconut
60	50	19	19.34118045	60.19922137	6.406118894	91.56814665	maize
108	23	45	26.08259652	81.98159341	6.228106491	40.12650421	watermelon
47	73	22	33.59215577	67.04101802	7.243238337	70.01480045	blackgram
14	60	22	27.86677458	49.2583162	8.195225841	49.68520586	mothbeans
34	51	20	27.48393554	61.51003691	8.32804842	65.4042509	mothbeans
19	47	25	27.65549671	55.25427538	3.504752314	66.06377883	mothbeans
39	137	199	27.86457599	81.26656734	5.510924849	68.36198264	grapes
9	41	19	28.77943275	53.40211734	6.293218802	48.70066737	mothbeans
11	73	15	25.84777434	63.2282192	7.841496029	45.27785672	lentil
27	64	21	32.84213012	68.68401492	7.543804223	73.67166182	blackgram
84	53	20	20.57166061	67.49707994	6.2874577	69.29840486	maize
32	67	22	28.75338881	30.40046769	5.569799914	98.85780059	pigeonpeas
28	34	28	29.97142052	47.39930729	6.191544059	97.29634135	mango
18	27	41	22.36509395	92.30882391	7.175344328	104.8216333	pomegranate
79	43	24	21.44692837	65.5896817	5.661176877	101.907408	maize
7	18	45	21.58781026	85.71307015	6.891308505	105.4387326	pomegranate
19	12	12	26.5298596	91.43296284	7.006188965	111.7084988	orange
32	124	202	10.80389299	82.28973274	5.954150953	70.24522672	grapes
31	8	7	34.51465139	93.63812684	7.163245982	103.5684926	orange
33	14	11	18.94853198	90.00621688	6.290244468	106.391444	orange
35	61	51	31.33960911	93.6317228	6.677383782	72.15497343	papaya
104	7	45	24.04355803	80.02621335	6.239874184	49.71530282	watermelon
118	18	32	27.6496114	51.11044023	6.351823783	122.8392822	coffee
96	40	26	26.60349087	54.15151962	6.626365997	152.8924872	coffee
17	64	17	24.07648375	54.08093754	5.368482566	139.6089299	pigeonpeas
8	6	33	28.27804288	93.64761266	6.095261013	171.9457959	coconut
81	92	52	25.01018457	80.45784554	5.639976023	90.10978128	banana
26	28	39	23.36757705	94.99897537	7.064635601	105.6006812	pomegranate
20	12	34	26.64790663	90.48225286	6.227722113	163.6351627	coconut
25	27	41	19.20090378	94.27659596	6.923509371	108.0423555	pomegranate
40	22	29	27.55821802	99.98187601	5.735364307	174.6256481	coconut
92	72	50	27.6532241	79.00306891	6.173315783	106.3349781	banana
17	44	21	27.46746832	43.44325128	9.128139965	47.46390494	mothbeans
36	60	18	15.8152197	21.02228788	5.713143071	73.80811914	kidneybeans
13	47	20	29.21780035	87.93724219	6.54450214	43.1386631	mungbean
86	5	46	27.61003827	93.93436253	6.2848361	23.29216488	muskmelon
65	59	47	34.04395059	92.68978509	6.834387761	169.5711534	papaya
18	56	16	28.18715323	49.82260262	6.039048301	72.50728534	mothbeans
86	26	49	29.94349168	93.5996366	6.302863798	21.54337019	muskmelon
10	23	40	24.96273236	85.35635522	7.092284926	106.0474823	pomegranate
41	74	18	28.75751783	61.02701476	6.599147298	73.37686831	blackgram
100	86	48	27.76547418	77.40486721	5.830381319	106.6754979	banana
26	18	30	32.06097197	51.08494181	6.336234624	96.59816497	mango
18	125	204	22.35548159	94.47811755	6.046673619	116.7366261	apple
113	56	17	23.63783994	75.50295991	7.4152238	99.88187757	cotton
20	20	8	19.61418109	93.63154908	7.421318311	106.2303599	orange
88	51	42	24.89500322	81.87482315	6.785080247	278.4243596	rice
102	19	45	24.04355803	87.04015081	6.342185699	44.20276882	watermelon
90	70	52	29.49563925	81.16571174	6.184831791	105.8583878	banana
22	79	17	21.42451099	20.39659714	5.912289889	116.5206923	kidneybeans
13	65	21	30.44603228	50.09767263	6.755035447	133.4055249	pigeonpeas
98	75	51	28.46400375	79.48566609	6.275443615	107.9842598	banana
111	50	15	24.08309406	77.69931961	7.471852178	83.05470598	cotton
40	123	198	21.91735044	92.60722007	6.187695206	105.4889318	apple
22	57	81	17.02498456	15.22879484	6.786581926	93.35332249	chickpea
5	65	16	21.32776028	18.48522915	5.866744372	109.1013261	kidneybeans
21	126	199	22.38477825	91.61249421	5.834764503	116.2763083	apple
70	60	51	34.45480981	92.05696895	6.67820522	131.6879049	papaya
109	37	18	22.20301334	77.99944898	6.684792294	87.06280259	cotton
10	139	199	22.28703973	91.95954998	5.649443293	101.2835341	apple
30	28	28	27.70056967	96.0976187	5.8340688	186.9252922	coconut
21	5	40	18.34752759	88.29096088	6.222556541	104.5682637	pomegranate
80	13	54	24.69591006	86.45209915	6.410161179	47.98248611	watermelon
33	69	23	27.18716822	36.78809316	7.395787898	159.7068492	pigeonpeas
79	41	18	20.37422831	62.65089066	6.155128864	78.75836301	maize
84	54	39	22.85214474	82.82382603	7.166913316	182.5616319	rice
40	69	24	18.86212302	39.38214626	5.970290268	179.711657	pigeonpeas
60	78	21	26.93598512	66.21827064	7.775306272	64.21492599	blackgram
79	56	35	24.18469974	72.88916164	6.785027468	166.6333378	jute
93	60	18	23.59038685	60.46072396	6.499610931	81.84062837	maize
9	140	202	25.42253204	82.60366145	6.499604931	67.80397627	grapes
25	16	33	35.35508203	48.92066925	5.21933535	91.26033194	mango
88	21	27	24.43011925	66.02411187	7.231166546	181.6368274	coffee
21	27	12	18.63299278	90.00621688	7.254096104	114.3843298	orange
34	68	51	27.34734861	94.17756725	6.687088098	40.35153141	papaya
26	135	197	16.74111311	83.82088806	5.605584606	70.64181619	grapes
27	142	195	23.34071223	93.80736601	6.090615421	108.601402	apple
37	69	20	17.08409508	21.85262105	5.675642737	60.27552528	kidneybeans
3	24	28	27.00315545	48.64187551	5.414721824	93.26856985	mango
26	18	27	27.45907759	92.90736493	5.836075368	142.1430003	coconut
8	79	21	24.76579545	39.02732515	4.874922423	192.0274482	pigeonpeas
45	70	45	36.65029259	94.0488763	6.797373699	135.5442981	papaya
122	45	21	24.93739322	80.98447166	6.909417394	99.60716875	cotton
62	49	25	23.52591726	57.10504851	5.623230827	60.65171481	maize
75	51	45	20.90038969	82.91537481	6.435752802	241.7336241	rice
37	137	200	22.4012553	93.8941574	5.986165205	117.9169261	apple
24	45	16	27.76180388	50.59051168	3.814808604	31.06528525	mothbeans
4	64	25	24.36516734	36.47461365	6.315558229	198.8298806	pigeonpeas
76	45	40	25.25377615	85.24260979	7.130903157	166.7970051	jute
25	68	18	24.89637374	69.92375891	6.662971488	40.15301067	lentil
34	5	30	27.55331842	96.3341062	5.840527811	184.3350668	coconut
88	84	55	28.55932803	80.52631438	5.901491401	94.16418127	banana
23	37	24	28.77833449	44.2252605	7.991902443	33.95825723	mothbeans
22	64	18	23.80747092	60.09116626	7.226149583	49.80425088	lentil
35	46	48	36.28005878	90.19302596	6.59237405	130.9318351	papaya
32	17	31	27.98657262	93.99797469	5.50158009	170.4082968	coconut
19	23	14	10.01081312	92.10233677	7.040745678	117.8044611	orange
6	66	15	34.93174223	30.40046769	6.345806011	159.2649827	pigeonpeas
82	35	44	26.96656378	78.21047693	6.239011	169.8391177	jute
115	38	20	24.29227248	78.39669816	7.631600476	94.58108673	cotton
109	31	35	25.36623315	56.44745478	6.787090459	192.5437611	coffee
51	48	48	27.96556541	92.63488979	6.504221642	66.27613508	papaya
40	79	78	17.92865485	16.29400324	6.285878254	76.78853931	chickpea
112	50	21	24.10486841	78.58312908	7.000310005	83.35739418	cotton
15	125	199	18.4269936	80.55625868	5.569230319	69.75734306	grapes
36	73	19	25.65966861	67.27682904	6.322128061	40.19050645	lentil
35	77	19	33.6385654	63.7895473	7.775306272	66.68228123	blackgram
21	20	31	28.20024457	94.83713486	5.965932571	140.9039092	coconut
99	57	35	26.75754171	81.17734011	5.960370061	272.2999056	rice
38	61	22	30.89431929	65.34145231	6.890390631	70.41114172	blackgram
73	36	40	24.43979002	71.46088347	6.438139253	176.1605065	jute
32	132	200	33.65009829	83.31077774	6.418492753	69.17180999	grapes
93	11	48	25.07094218	89.98405233	6.231036961	42.73138149	watermelon
17	75	17	21.50997302	66.99281383	6.563600684	46.08346377	lentil
15	48	18	27.12372465	44.0731731	4.477882019	51.16570939	mothbeans
11	19	37	21.57503739	88.32672441	5.987363875	112.4750941	pomegranate
101	79	50	29.32935794	79.23989458	5.99517228	106.4413302	banana
21	120	205	33.36007615	83.19283411	6.012210302	68.71615509	grapes
87	57	43	23.97355654	81.83780788	7.032999406	232.4591944	rice
101	13	54	25.42900869	82.91481799	6.828982708	56.34144589	watermelon
19	17	37	18.07132963	90.33558962	5.602878439	106.6300835	pomegranate
39	77	21	22.99774444	60.24218572	4.603563116	159.689339	pigeonpeas
104	5	52	27.87596681	90.01506395	6.762727711	23.96568218	muskmelon
40	44	20	28.51320654	81.04612441	6.910012276	43.85698769	mungbean
107	10	52	25.33046327	82.79518304	6.297739416	49.96732276	watermelon
20	40	15	29.57329479	88.07505524	7.199495368	45.04467075	mungbean
139	52	19	23.28107616	75.89922151	5.902597391	76.65302105	cotton
34	57	22	22.08648153	21.90847983	5.845722648	92.64484406	kidneybeans
14	16	8	34.90665289	91.18569844	6.643016081	105.6703737	orange
120	30	50	27.57450687	90.01506395	6.122159666	25.27532341	muskmelon
67	64	50	35.11352416	92.27869211	6.677901445	118.8413775	papaya
111	35	34	27.92374437	65.20534257	6.626821535	139.6751172	coffee
14	36	30	32.15277618	49.12574509	5.470424786	92.70314665	mango
6	13	40	19.72214411	91.30950112	7.002711937	105.5224138	pomegranate
13	48	17	26.48585842	58.14903394	6.384135694	39.08922604	mothbeans
73	45	21	24.60532218	73.58868502	6.636803223	96.59195302	maize
131	35	18	24.49112609	82.24415809	7.057693366	64.02949379	cotton
11	76	19	24.14620715	64.79671777	7.037519901	42.07375999	lentil
30	122	200	33.22725046	83.3464087	6.499604931	67.88157544	grapes
128	44	22	22.49835083	79.40759071	6.572597352	70.24707518	cotton
53	67	47	29.46494195	91.51343416	6.701571732	96.41871059	papaya
11	45	22	26.70268726	42.27787816	3.504752314	72.77254683	mothbeans
13	61	22	19.44084326	63.27771461	7.728832424	46.83130119	lentil
13	14	45	24.96273236	91.44384654	7.157315647	107.4371877	pomegranate
74	44	42	26.92995077	83.16469435	7.384192365	249.2556052	rice
28	68	19	34.63880966	61.38597868	7.69950698	72.43169115	blackgram
45	69	21	34.9466155	62.24789351	7.593896785	67.63466741	blackgram
0	41	21	27.59386555	47.31420542	9.93509073	45.24599151	mothbeans
60	72	78	19.04593416	15.19163285	8.360609499	94.78189594	chickpea
25	45	19	27.29849003	55.37745736	8.325463611	35.07352127	mothbeans
88	55	40	25.19678148	77.40779775	7.18268904	169.8323983	jute
60	76	80	19.39271495	16.07652223	6.868508883	85.07908881	chickpea
112	25	51	28.76520871	91.78786823	6.237733646	24.59558277	muskmelon
20	43	19	28.43345276	88.25263773	6.974111219	42.31213137	mungbean
36	66	15	30.08545364	69.34811988	6.668238556	67.1367443	blackgram
60	59	16	26.54986394	61.01286943	5.702491293	109.7515385	maize
60	63	47	25.3023626	90.41707601	6.806058203	179.0280522	papaya
88	86	49	29.90888522	79.70039789	6.183386325	97.80323925	banana
40	57	20	19.54499853	22.52323067	5.636991259	77.11299943	kidneybeans
6	64	25	18.99644193	21.49409068	5.694990404	104.2867926	kidneybeans
20	69	19	23.17022507	49.9693644	7.385749332	114.2249918	pigeonpeas
71	52	43	26.47549543	73.96164569	6.732826127	180.2513601	jute
83	13	54	25.86667081	84.67838046	6.352826106	47.23268591	watermelon
94	19	45	27.76571034	91.9312653	6.206438097	28.28226226	muskmelon
28	64	25	31.29464372	45.62432224	6.267611093	178.3727652	pigeonpeas
126	49	19	25.7719876	82.9276329	6.110485268	60.65381719	cotton
23	6	33	29.18032562	92.73041222	6.025789594	204.9603677	coconut
38	121	200	24.11954474	81.60549262	6.075708747	69.10432442	grapes
54	64	19	28.63101806	65.62757479	7.452877028	70.05696892	blackgram
69	44	21	23.22358155	63.75432061	6.383786947	71.61444064	maize
2	62	20	16.28781042	21.89516429	5.784215999	66.3817657	kidneybeans
40	59	22	36.19053151	38.6780139	5.410566301	174.6284483	pigeonpeas
114	36	25	25.68763942	58.40042126	6.020947179	153.867968	coffee
78	43	38	24.35633686	81.63459203	7.41787463	271.8229746	rice
96	33	28	27.92374437	69.94807345	6.020947179	168.5833575	coffee
68	50	40	20.0454142	82.26160992	6.289520675	264.4280071	rice
8	15	33	28.97318719	98.09861043	5.50158009	213.9011021	coconut
83	41	43	21.0525355	82.67839517	6.254028451	233.1075816	rice
19	139	197	22.71258917	90.42142006	5.920611397	105.9448827	apple
8	67	20	25.13280522	69.11807254	7.841496029	42.9949179	lentil
118	13	54	24.41311871	89.81574032	6.039584629	44.07843475	watermelon
26	46	19	29.32317252	85.68107894	6.799789979	40.85198564	mungbean
60	59	22	31.86847286	66.74217464	7.191522601	74.22238583	blackgram
110	43	21	22.00085141	76.67492526	6.97634397	79.48072897	cotton
4	33	29	33.66056485	46.02290723	6.600119771	91.08049963	mango
97	89	54	26.24895302	81.74311657	5.588947923	119.84797	banana
93	27	48	26.8612297	88.48944165	6.277364744	44.16899558	watermelon
18	134	205	33.07161872	81.88417267	6.24585177	69.80263967	grapes
94	10	46	25.44007577	80.02621335	6.669762021	49.51802535	watermelon
129	47	20	24.41212325	80.80343786	6.281913858	98.60457373	cotton
88	52	40	26.13409001	70.88259632	6.367788737	171.4697662	jute
36	68	23	36.97794384	69.69141302	5.818630905	139.3561507	pigeonpeas
96	19	50	28.12784446	94.0787685	6.551691388	20.83910424	muskmelon
78	48	40	24.4570941	80.28029168	7.278695708	236.495681	rice
60	63	20	30.61653441	62.59315649	7.161228124	69.83367413	blackgram
25	59	17	29.461352	88.12364013	6.960092158	44.36124775	mungbean
30	65	20	26.65813716	45.59204492	6.142536608	137.4195206	pigeonpeas
64	48	45	37.32620934	91.79293017	6.735060678	132.073545	papaya
103	5	51	25.87640051	87.85053809	6.323857544	45.96885364	watermelon
107	31	25	27.92374437	67.25816458	6.211830574	126.9410226	coffee
24	14	8	27.21710181	93.71393199	6.415392723	116.782028	orange
76	43	41	25.31407932	78.70854293	7.488014404	168.7839493	jute
77	44	42	24.42617343	77.92507832	6.389354887	178.6634023	jute
95	24	34	25.62534569	58.6219591	6.28925456	192.2584673	coffee
0	12	12	27.76461665	92.5035429	6.471291908	113.594683	orange
27	137	198	26.19379778	81.96908526	6.001742157	71.68827071	grapes
42	73	21	31.79175031	65.6146652	7.027064863	60.41790253	blackgram
86	46	45	24.65890448	78.56985918	6.205022744	193.5213468	jute
13	40	27	32.94593262	47.88831638	5.38239249	90.39578257	mango
20	64	21	32.0982356	47.8810247	5.352429151	132.7245849	pigeonpeas
136	45	16	23.83477061	77.92126771	7.994679507	90.59406829	cotton
28	21	42	24.96273236	90.49422371	7.199504273	107.4005353	pomegranate
83	25	53	26.49195283	80.04678201	6.057697106	57.72799157	watermelon
0	50	21	28.6633649	84.8586065	6.862133311	56.36502551	mungbean
26	5	30	25.00872392	97.22603448	5.50158009	189.9966871	coconut
120	12	49	27.85891918	92.53498507	6.302881082	23.15342464	muskmelon
86	21	49	27.75072184	92.0956881	6.781050373	26.615482	muskmelon
33	37	27	33.68764714	51.65073679	5.956726347	90.41281568	mango
22	55	82	20.56238545	16.11772554	7.208278724	66.53459034	chickpea
20	71	19	28.82014762	68.35829731	7.309913798	68.40415036	blackgram
40	120	202	22.63807051	83.11497055	6.427928314	68.33351221	grapes
24	123	204	25.87229101	80.98955734	5.510924849	73.04165179	grapes
95	12	51	25.76484262	84.1726996	6.681606702	44.22066914	watermelon
114	30	50	26.57514169	86.26673981	6.573126375	54.90891663	watermelon
65	44	43	24.55893963	86.58053583	6.002524871	151.3691881	jute
42	56	82	17.30204244	14.38752178	6.790392836	89.8169521	chickpea
27	13	12	20.62032056	90.84871868	7.759335552	100.1737964	orange
80	16	46	25.50405534	81.40297428	6.940236218	48.47833278	watermelon
83	60	43	25.89830612	83.50173248	6.970104848	162.3973243	jute
56	75	15	30.20157245	60.06534859	7.152272256	66.37171179	blackgram
21	9	40	24.51147697	90.64498715	5.956401828	105.6209954	pomegranate
24	55	78	17.30287885	15.15405941	6.64919573	75.57790384	chickpea
90	39	43	24.44743944	82.286484	6.7693455	190.9684885	jute
14	59	22	23.82723528	67.89815262	6.76660668	46.90725077	lentil
19	22	13	17.84206333	90.99759034	6.780906586	109.7080294	orange
26	78	19	25.10125022	65.45054703	7.841496029	50.67434098	lentil
48	59	75	19.11757973	16.42127317	7.068857252	69.78626851	chickpea
68	41	39	23.9845744	70.88259632	7.195699072	167.9222536	jute
19	44	21	27.72586125	88.08352448	6.633367489	46.96224312	mungbean
24	27	40	23.06241584	89.57666558	6.63675752	109.0514026	pomegranate
16	27	26	32.81497065	51.66626991	6.501686327	93.21216059	mango
54	58	52	40.53982532	93.38836952	6.759640955	74.34717073	papaya
11	7	8	10.01081312	94.96419851	7.517195501	116.8873094	orange
7	32	30	32.04547099	51.0338802	5.685499104	91.70416602	mango
39	55	76	18.05522801	16.84828478	7.455751396	77.0877014	chickpea
35	26	45	23.01779506	90.45244074	5.994098762	112.0274102	pomegranate
87	11	46	25.28686482	80.51654939	6.342510325	49.07956026	watermelon
73	45	19	20.49656988	61.25549418	6.53393179	92.60607274	maize
94	23	50	28.90557997	92.47405351	6.323983594	21.05629613	muskmelon
93	35	31	25.76633964	52.64278839	7.175631486	139.7042829	coffee
28	59	22	30.90607799	52.79913039	7.05181629	170.9919828	pigeonpeas
92	80	51	27.26162424	78.84200594	5.672625935	112.541103	banana
74	54	38	25.65553461	83.47021081	7.120272972	217.3788583	rice
3	25	38	24.43822838	89.54394231	6.526161532	108.0344688	pomegranate
2	70	23	27.57502239	45.68693277	6.035066007	150.1603888	pigeonpeas
31	56	23	31.46846241	35.39454002	5.661826398	174.5723999	pigeonpeas
26	25	36	20.59882299	87.6707262	6.00257385	102.5184759	pomegranate
30	127	199	11.21203954	80.01639435	6.273149517	70.36423818	grapes
99	79	54	26.32291557	79.86771712	5.708929271	99.33426348	banana
6	56	22	29.7671701	81.99888696	6.704401644	59.44722028	mungbean
21	137	197	22.97345165	93.60710158	5.514253142	119.8225982	apple
14	20	28	30.001855	49.69446428	5.521580047	94.22573636	mango
38	70	21	32.09120927	63.26126548	6.500144962	67.63123475	blackgram
26	67	16	29.10713092	67.90577375	7.17620823	67.83345933	blackgram
13	29	35	34.28660717	48.00808114	5.955261924	97.79375522	mango
40	72	18	26.45107123	66.73542051	7.572609833	50.19306424	lentil
27	69	22	17.91652287	24.90814655	5.932323085	69.14681022	kidneybeans
5	120	196	29.66188811	81.49156009	6.198780981	73.03651266	grapes
83	35	42	23.99625824	87.15706001	6.771497036	182.2228135	jute
107	37	25	24.77600885	75.00539324	6.474972329	78.79027359	cotton
64	56	15	24.03176984	63.34029787	6.415824993	109.7515385	maize
109	13	50	28.77290338	92.19562728	6.042197524	24.27307233	muskmelon
91	24	27	25.01581518	60.79458636	6.401270169	175.199873	coffee
25	55	77	19.58803226	17.56904174	8.612522837	80.27894536	chickpea
86	35	40	20.67278067	82.37675386	6.670756569	182.5616319	rice
10	60	17	29.3950013	43.11878449	7.001393968	40.21612322	mothbeans
75	50	20	22.1782424	66.01866069	6.275261081	90.5469851	maize
17	66	25	21.04701741	52.53689408	4.706408306	123.049938	pigeonpeas
67	59	45	24.8120292	75.52393109	6.604535776	184.3097993	jute
79	56	41	26.58510181	72.86495014	6.531603604	177.8534275	jute
140	35	15	25.03378623	81.4139867	6.648909615	78.39674051	cotton
36	130	205	22.32233606	93.03064828	5.926024795	100.7381395	apple
80	41	43	23.84920981	80.95262677	6.233046354	150.2355238	jute
25	51	20	30.90302347	55.2539559	7.453346221	40.7122143	mothbeans
8	65	21	36.97794384	30.40046769	5.727826237	198.8298806	pigeonpeas
59	60	84	19.03025305	18.66725565	7.690962338	94.70992037	chickpea
38	64	19	28.40323437	63.92032713	7.689703008	74.11093396	blackgram
104	20	55	25.66761889	85.92519788	6.668382311	53.28874982	watermelon
87	15	55	24.50429862	84.69673636	6.220882499	59.75980023	watermelon
22	144	196	21.91191314	91.68748063	6.499226821	117.0761277	apple
40	139	199	21.40866369	92.76932779	5.885162497	114.7280203	apple
81	50	35	25.6331999	79.22290884	6.845858113	187.977162	jute
7	17	10	10.16431299	91.22320999	6.465913274	106.362551	orange
33	61	24	20.04611791	48.93905624	4.567446499	122.4564203	pigeonpeas
93	28	34	23.06904274	69.73540234	6.020947179	144.7300814	coffee
30	78	16	21.02156082	19.98083969	5.99812453	110.6997891	kidneybeans
40	5	32	26.07010807	96.7036223	5.981169595	143.533473	coconut
113	77	54	28.99020912	79.43768196	6.267176464	90.10978128	banana
24	38	22	24.47876451	58.51663927	8.202706015	34.96933295	mothbeans
26	54	21	29.12190669	44.19595669	6.218383267	48.488868	mothbeans
99	44	38	23.25924328	83.96112872	5.005306977	235.3019034	rice
15	15	32	31.54515395	51.68027512	4.559479058	89.98777962	mango
90	55	19	24.33852834	61.09209965	6.303188361	82.08472991	maize
18	65	16	22.44213389	64.30443818	6.827692091	42.24036648	lentil
9	59	24	20.43517772	39.37252634	4.747352458	137.2279662	pigeonpeas
20	35	24	28.33077999	88.70520343	6.93282296	45.83898848	mungbean
24	27	29	27.00315545	47.22670616	4.557436316	95.01721935	mango
35	73	17	25.09737391	67.81594666	6.800190471	70.11566927	blackgram
98	21	50	28.53423057	90.01506395	6.002927293	24.10917408	muskmelon
27	74	20	24.69487673	59.96669215	5.859813416	91.95792434	pigeonpeas
60	67	80	19.92696283	15.49232232	7.31757345	78.35615043	chickpea
40	23	40	23.50542917	88.67022486	6.154290262	104.6692057	pomegranate
35	16	11	25.8394991	92.02802042	7.733740774	109.9201455	orange
82	40	16	22.46913936	55.61796807	6.681232835	102.3576256	maize
18	40	23	29.9145443	81.39771465	6.702621619	38.60315218	mungbean
31	50	22	27.01470397	80.03499648	7.091677519	45.24800969	mungbean
111	90	55	26.35125674	82.45655321	6.225173461	109.6404575	banana
51	65	17	33.89770707	66.45638507	7.345981843	65.22469613	blackgram
98	25	52	25.2801372	83.15393658	6.224066378	49.29456609	watermelon
100	56	41	25.65557396	85.52921379	6.129645007	171.8982496	jute
59	56	48	39.05258613	90.4442149	6.705600348	150.9758971	papaya
93	11	50	28.13195449	90.94732005	6.153760351	24.98512769	muskmelon
12	11	15	15.47734423	90.3038583	7.198040053	119.6946577	orange
53	64	77	17.80558253	18.50797176	6.277759728	84.18344098	chickpea
5	23	15	25.66901098	92.04670813	7.408939392	112.5424199	orange
8	12	5	11.14370386	92.38137803	7.659030326	119.6946577	orange
30	16	32	34.56874607	45.02236377	6.069001433	96.15339228	mango
70	47	40	23.63997762	83.24832897	6.558460127	276.6096172	rice
39	28	10	31.34920143	91.48247612	7.181907673	109.1549823	orange
106	20	51	29.73019662	90.97015715	6.342573112	20.49035619	muskmelon
100	40	25	24.33906791	80.73022643	6.504839433	93.67296249	cotton
114	94	53	26.33544853	76.8532006	6.190757459	118.6858263	banana
50	55	16	28.81460716	65.33538112	7.581442888	62.26242533	blackgram
25	140	198	41.94865736	82.49326821	5.976350161	66.9104139	grapes
27	24	29	26.61423461	96.97300803	6.142010637	191.006688	coconut
32	6	27	28.17976849	97.27485095	6.008121814	211.9344576	coconut
92	24	33	26.79242901	65.26034164	7.493191968	191.2638942	coffee
39	55	82	19.03046841	15.47746483	7.706156586	65.11365631	chickpea
120	23	28	25.67324193	51.29043632	6.877799264	196.2736367	coffee
25	19	8	29.44069734	92.32800104	6.639446308	103.015835	orange
101	58	18	25.66891439	81.38103349	6.652143699	78.59595817	cotton
112	40	27	24.18286148	62.0796668	6.275689414	154.0233242	coffee
24	25	32	32.89661234	46.59096757	5.456209824	93.12228466	mango
100	10	48	25.41340471	85.68306322	6.280727247	56.71154058	watermelon
87	14	48	29.69238699	92.58862544	6.606033244	29.1102594	muskmelon
92	16	27	27.35802843	50.04557009	7.160793191	170.7384962	coffee
64	38	17	18.99553696	64.73370698	6.493438152	109.7515385	maize
90	5	53	25.94864378	83.93881714	6.238563727	45.58187462	watermelon
76	56	39	24.39459498	89.89106506	6.551130445	197.1220049	jute
35	52	15	28.69841277	61.14754363	9.93509073	65.67591794	mothbeans
32	145	203	23.83053666	90.84422164	6.406818518	109.5966791	apple
15	11	31	26.54862387	99.51226271	5.850652579	165.9063659	coconut
121	44	15	25.20422738	80.16993174	6.555364101	90.29909461	cotton
37	63	19	28.82666802	63.27223214	7.079291299	68.1965156	blackgram
89	57	43	26.91515043	73.19897535	6.998787171	177.2233048	jute
33	12	34	28.76115559	96.44475271	5.779422431	181.2727504	coconut
0	55	21	31.86512591	35.5028836	7.445444883	181.0138416	pigeonpeas
106	24	51	28.873233	94.96218673	6.484228809	24.5428747	muskmelon
63	45	41	26.74709284	81.51992029	6.764423185	150.6487678	jute
23	14	40	19.06304879	91.65479018	6.59609117	110.1120431	pomegranate
70	49	25	20.55319197	67.82318256	6.060983176	108.5160461	maize
0	131	203	21.0365275	92.03663192	5.924463979	124.9831618	apple
28	9	45	20.22052937	87.24289172	6.823300204	110.9389426	pomegranate
12	23	36	24.96273236	91.51977246	5.561851831	102.5184759	pomegranate
9	35	28	29.02374718	45.85038957	5.600631649	100.7208611	mango
21	5	11	29.0061458	94.77206201	6.590513183	108.796791	orange
39	76	76	19.96837462	15.57324389	8.135900726	69.15759062	chickpea
8	59	22	23.70328955	20.52379897	5.852332635	110.522895	kidneybeans
71	49	37	23.29731147	88.685237	6.309637467	183.5760232	jute
22	55	20	22.11594062	18.09224048	5.626017319	91.53026864	kidneybeans
94	7	52	26.24039724	84.47194861	6.47373409	50.75042767	watermelon
35	136	203	22.24697933	81.01616461	5.510924849	72.34812591	grapes
32	142	202	34.05386006	83.25628707	6.134714623	65.19614928	grapes
81	18	50	26.80750629	88.22874955	6.429788073	58.79889057	watermelon
22	17	28	35.99009679	51.12544785	5.117238678	92.54339385	mango
115	91	51	25.8340888	79.19397449	6.070422514	100.1002449	banana
27	45	24	28.87684665	87.68377029	6.811879387	51.01457739	mungbean
12	76	18	21.09699078	62.72139602	6.670500483	47.42916946	lentil
21	127	202	20.5244663	82.1997564	6.07202568	70.27334491	grapes
17	67	20	22.72376192	66.78514565	6.329593812	43.197187	lentil
25	23	34	31.03083591	45.81469888	6.395584491	95.47653488	mango
3	127	204	22.64854244	94.23416098	6.048085933	100.1173443	apple
30	56	21	31.6069751	61.67901269	7.080673964	65.76691894	blackgram
79	37	22	18.57988501	59.16677817	6.570634774	96.84926705	maize
7	25	27	33.77552799	50.94982682	6.239489738	93.78027568	mango
39	68	80	17.1637411	17.77161037	8.310328903	86.45612243	chickpea
16	48	17	28.26448919	87.86152309	7.071607515	59.87232071	mungbean
0	21	42	20.91597798	90.92557391	7.199504273	106.9899915	pomegranate
100	24	52	26.57081455	86.80921032	6.651948151	46.66161469	watermelon
105	31	32	25.4795789	63.54228319	6.911834852	115.1564012	coffee
77	46	18	23.24202052	62.7378027	6.609757396	109.7515385	maize
20	12	39	20.48132731	89.85393692	6.112973077	106.8438394	pomegranate
83	19	49	26.28759427	84.84261518	6.133720452	46.97680094	watermelon
18	57	21	27.37659643	63.93927841	6.155915975	49.47371773	lentil
120	37	20	24.37182484	75.00539324	6.547173479	81.79090317	cotton
3	55	22	29.42291516	58.40897201	9.93509073	58.80489099	mothbeans
63	37	43	23.41798979	85.08640476	6.661957897	185.7446728	jute
71	40	38	24.74714062	74.04430262	6.454856372	194.7520673	jute
110	35	25	24.19439144	78.29928493	7.257555899	80.85133374	cotton
105	5	51	29.15449522	92.24674387	6.158623712	23.99759828	muskmelon
13	67	21	26.20344102	51.98750048	6.046407026	198.8298806	pigeonpeas
88	30	35	27.79315762	56.83489302	6.383869438	184.2472906	coffee
15	80	18	23.05386483	54.99864805	5.556293864	163.5498281	pigeonpeas
102	15	49	28.52507412	90.01506395	6.651606685	24.88827632	muskmelon
55	60	78	17.65127638	14.25803981	5.988992796	87.25664119	chickpea
33	55	15	30.41844557	64.77725257	7.223753184	70.05737154	blackgram
107	81	55	25.76792186	79.32842933	5.696569892	104.2390418	banana
77	58	19	22.8056033	56.50768935	5.791649933	101.5952794	maize
40	141	201	27.6129929	82.02835773	6.048664365	71.10368776	grapes
113	73	49	28.76068946	80.46334411	6.117461901	103.9274847	banana
120	23	55	27.84492803	91.60666594	6.732049075	26.47844429	muskmelon
54	61	47	28.42031928	91.95458146	6.626798759	183.3843522	papaya
7	138	196	22.29511817	91.51442997	5.880608591	111.1850749	apple
36	49	19	28.20418106	86.64088993	6.662552802	48.51323443	mungbean
0	7	9	34.02012402	91.27999649	6.447498975	103.1542619	orange
90	30	55	27.12238781	92.15932947	6.295747621	29.30750016	muskmelon
40	23	43	18.93948117	85.17341448	6.132439669	109.5407147	pomegranate
42	54	48	33.54974485	93.09568833	6.823029759	132.0519015	papaya
46	72	75	17.64898325	14.25803981	6.432936596	65.11365631	chickpea
112	49	25	25.68959532	77.90621048	6.470135478	66.19426787	cotton
20	66	15	16.6291843	21.89750239	5.799919246	81.08813512	kidneybeans
36	76	18	18.80693542	20.21685038	5.803373112	60.27552528	kidneybeans
10	121	196	24.99097193	83.22905581	5.996720505	74.91506217	grapes
40	74	22	25.11016644	60.09116626	6.45715414	35.99654223	lentil
104	17	55	27.83634595	93.3217073	6.428269459	20.69134136	muskmelon
12	38	34	29.59767598	49.01424429	5.281367113	95.39313577	mango
81	38	41	26.98582182	81.59425432	6.002524871	173.3266542	jute
34	63	84	19.10328059	18.70738166	8.134102445	78.45231121	chickpea
5	144	205	21.42177231	92.62665309	6.184922574	102.8045658	apple
15	133	198	22.62682341	93.40949262	5.89590348	116.7166929	apple
125	42	18	24.09435819	82.74407781	7.276552735	98.14132114	cotton
90	48	35	21.33820676	83.72655116	6.590815139	273.2969361	rice
29	80	19	24.3469035	42.31885659	5.573850574	155.3836603	pigeonpeas
80	35	23	21.02038045	67.6401417	6.689844954	102.7358405	maize
99	24	28	26.2961127	53.40738742	6.956345761	153.9587465	coffee
11	16	11	20.38424387	91.86264168	6.921180345	111.5813093	orange
10	56	16	28.17432665	81.04554836	6.828187499	36.35720652	mungbean
22	14	9	13.62170704	91.28015756	7.995848977	106.578357	orange
2	18	29	27.72139607	93.92725921	5.50158009	186.5773491	coconut
14	67	15	19.56376468	24.67385131	5.690065688	139.2921004	kidneybeans
97	30	25	23.41234352	57.99179081	6.215289589	137.0450994	coffee
108	13	50	25.64812005	83.38978679	6.57310186	51.96833982	watermelon
25	24	37	21.12078801	93.04439521	6.732791254	109.3287501	pomegranate
8	19	7	14.51712518	91.76441209	7.275071463	106.9958123	orange
98	89	50	27.24065078	84.55239695	5.939990749	110.3330259	banana
60	44	38	25.89367626	80.85839881	6.999968457	198.6980211	jute
5	131	199	21.48600641	93.85944309	6.105254988	111.6739445	apple
24	48	23	30.90582295	52.94148471	5.125223477	30.92014047	mothbeans
24	69	24	18.28113656	18.24616842	5.653916893	129.8041667	kidneybeans
18	6	30	26.96758854	97.566409	6.00807799	182.7116701	coconut
37	67	79	18.23320469	15.91064626	7.127199843	85.59554303	chickpea
23	59	18	27.65972543	89.99615558	7.199495368	59.87232071	mungbean
79	48	22	25.00066241	66.12047861	5.555574908	107.0621557	maize
9	138	201	25.56850243	81.52939174	5.605523896	68.01642758	grapes
0	144	200	23.99686172	90.57623704	6.471021107	101.5393344	apple
100	49	20	19.81434908	69.89213589	6.697139318	68.23785456	maize
40	59	23	36.89163721	62.73178224	5.269084669	163.7266551	pigeonpeas
85	35	41	20.0454142	83.87416125	6.399640227	182.5616319	rice
33	12	15	30.25578031	92.03272799	6.052318465	116.7173125	orange
36	55	21	29.43041641	60.06534859	7.246673125	68.33040313	blackgram
140	51	18	24.86297152	81.87384052	6.635115752	71.10608974	cotton
40	122	202	23.21109947	91.15031042	5.783956521	114.8756334	apple
13	141	198	12.00000362	80.74463997	6.23377041	68.16854831	grapes
35	55	22	28.80824643	88.19950205	6.951125955	51.17313333	mungbean
29	56	16	28.82397489	87.02840183	6.939667871	53.68634745	mungbean
78	54	16	23.08479608	69.82489063	6.443210314	70.86326661	maize
25	41	23	27.5478899	53.71574009	8.453473453	47.04847918	mothbeans
31	15	26	31.20092089	47.15478306	5.958660161	93.67642688	mango
100	50	36	23.09433785	84.25575882	6.651726982	171.188326	jute
20	139	201	25.99430957	82.48019046	6.499604931	69.80638937	grapes
47	64	15	29.54885832	66.1588078	7.740545811	73.08059147	blackgram
24	14	9	33.72490348	91.65419337	6.840029545	104.5529255	orange
66	58	35	23.5643831	79.46283115	7.321619041	185.25947	jute
5	59	20	27.34438671	54.97731256	4.261881535	57.42334632	mothbeans
10	140	197	22.16939473	90.27185592	6.229498836	124.4683112	apple
24	132	204	26.12653471	83.59915166	6.195447868	65.01095312	grapes
92	20	55	25.10474753	87.5267616	6.587791262	59.26519444	watermelon
30	136	195	23.08564166	92.71079827	5.793016187	118.0560782	apple
85	55	38	26.92995077	83.07442444	5.669768334	216.7128854	rice
81	25	49	29.86895762	93.25103208	6.076459669	26.26243014	muskmelon
8	58	17	28.75273118	69.15640149	7.286049978	35.15426171	lentil
83	60	40	25.39899196	82.22833871	6.223238347	199.8362913	jute
82	40	45	26.21312799	81.70476368	6.667633355	180.1237765	jute
109	19	47	27.2429474	93.18670136	6.002927293	23.18666562	muskmelon
0	19	8	27.22380523	90.00621688	7.35442107	105.3430214	orange
101	29	27	24.64521991	61.18185959	6.276662984	199.4735636	coffee
31	128	199	23.16410579	92.41246588	6.004942808	100.1173443	apple
45	47	55	38.4191628	91.14220381	6.751452932	119.2653877	papaya
26	16	35	29.52420124	95.09023791	5.774429127	131.0900076	coconut
36	80	79	18.38121318	18.63418265	6.544036741	82.24988132	chickpea
10	61	19	21.49257361	20.24967052	5.768378365	76.77846167	kidneybeans
27	42	20	26.9504874	42.15709978	5.997869794	30.92014047	mothbeans
0	12	10	28.38858514	92.94841151	7.995848977	106.4876947	orange
20	47	25	27.23715326	49.2647186	4.497995522	30.92014047	mothbeans
52	59	48	43.67549305	92.53932946	6.617092243	207.0951274	papaya
35	30	34	28.2974764	95.41122824	6.141502001	182.4482352	coconut
74	50	21	18.59252739	66.40032676	5.957691213	76.44870351	maize
46	66	81	20.53995841	16.74158297	7.052745939	71.85022955	chickpea
132	55	22	24.66435108	83.1977254	6.342673108	83.14491726	cotton
24	34	33	33.16116128	54.9640534	4.55870021	98.93590372	mango
80	45	36	24.45318059	81.52211167	7.076018085	298.5601175	rice
3	67	20	23.5471107	60.93852308	7.066692562	50.32378239	lentil
22	145	197	21.09970249	91.85516843	5.808660814	122.8655391	apple
96	86	52	29.37959754	84.97849241	6.048264161	114.1486284	banana
32	37	31	32.05240549	54.41559512	6.967417766	97.01495728	mango
81	50	40	20.07216883	83.56080077	7.285942567	255.2443515	rice
24	5	31	25.00872392	92.35535134	6.470465614	213.2266604	coconut
106	70	55	25.86824781	78.52399914	5.74055541	116.3019555	banana
11	44	21	29.22496618	81.67806572	6.375183346	52.57844568	mungbean
121	52	21	23.42010522	82.83341164	5.944447589	70.45085387	cotton
37	45	20	29.78324301	50.27026345	5.179678387	63.96295178	mothbeans
12	127	204	22.85423907	90.77471894	5.8062932	104.1738814	apple
29	145	205	22.81227579	92.12992101	6.212302608	109.3383552	apple
35	80	25	28.09269012	44.93322042	4.895927306	197.1144011	pigeonpeas
55	78	21	33.39438752	62.93692886	6.602888249	63.57445989	blackgram
31	78	76	17.57212145	14.99927489	8.519975748	89.31050665	chickpea
37	130	205	19.75882151	81.99333588	5.749459263	72.52977854	grapes
20	62	18	31.28269983	68.89014146	7.432987869	67.89761746	blackgram
24	42	19	28.42701728	56.75315925	5.178262673	61.42019216	mothbeans
34	45	21	28.18837136	82.60629652	6.287380117	37.01110438	mungbean
20	51	21	29.90953735	81.45741154	7.199495368	59.87232071	mungbean
12	66	22	23.4411228	65.84565694	7.658345859	53.95389278	lentil
113	17	52	28.37927834	93.24058521	6.002927293	27.20137286	muskmelon
117	37	32	23.1069385	67.06230539	6.787658922	162.5769606	coffee
18	139	195	8.825674745	81.83183871	5.890008163	65.01095312	grapes
9	50	18	27.01470397	83.5090828	6.747531666	53.76307782	mungbean
20	28	25	30.32149244	49.75761696	5.797984937	91.4863816	mango
23	80	19	20.42018547	20.99726564	5.853905114	104.2230342	kidneybeans
27	80	25	22.26109787	20.70632104	5.8537155	102.0361115	kidneybeans
18	129	201	8.825674745	81.56259942	5.976231822	72.89160331	grapes
3	77	25	24.84906168	22.89464642	5.608165195	62.21292186	kidneybeans
108	74	49	27.20007989	76.02642161	5.617070992	113.6285132	banana
13	73	20	30.50420876	35.48885969	5.391560418	162.5927723	pigeonpeas
43	76	75	20.62239066	18.29800482	7.007425747	86.7380102	chickpea
22	77	20	24.60054794	69.92375891	7.346726388	52.65253585	lentil
54	61	77	18.81198127	15.21618225	6.206582193	77.5429424	chickpea
44	65	79	19.06456067	15.31131693	6.253566403	94.78189594	chickpea
114	49	16	22.45325517	78.40010815	7.791639349	99.93100821	cotton
16	55	20	28.96318459	87.54170087	7.063543042	49.33658617	mungbean
70	56	50	30.8461698	90.03863107	6.56073311	46.36188126	papaya
40	48	22	26.31484242	57.41305659	8.371001955	64.99567512	mothbeans
16	67	21	15.54485247	22.87867349	5.749423515	89.37554568	kidneybeans
100	76	45	25.56703012	75.94067692	5.590236025	102.7867717	banana
3	21	39	18.77466517	93.11363583	6.616162187	108.7423298	pomegranate
86	5	53	25.70281434	85.27827083	6.742431437	41.83077363	watermelon
49	55	51	24.87212063	93.90560147	6.676578778	135.1694525	papaya
71	46	20	18.04185513	63.8007778	5.800637936	91.93658681	maize
29	27	26	26.92693112	93.12480757	5.989937587	178.4562098	coconut
31	60	46	43.67549305	92.92294528	6.83864428	156.6142505	papaya
25	22	25	33.56150184	45.53556603	5.977413803	95.70525913	mango
31	53	48	30.43534243	93.12664847	6.699464798	50.14061486	papaya
88	76	51	27.99564176	80.97384621	6.083484448	96.04363413	banana
17	14	32	27.2973888	90.01734526	6.378394249	197.4921186	coconut
30	64	18	30.11118879	59.73102427	5.170509701	176.6044887	pigeonpeas
118	47	21	24.555509	79.46954736	7.994679507	80.68580169	cotton
100	49	24	23.57253197	75.00539324	7.967766615	81.56760681	cotton
81	48	42	26.4785615	85.10095612	6.55803438	165.0366958	jute
102	34	30	27.21995895	60.95440325	6.604489442	182.2342915	coffee
77	43	45	24.60064757	83.44642829	6.002524871	160.3560689	jute
35	23	29	30.40207155	50.41459294	5.073718114	96.01566029	mango
0	45	18	27.8669659	83.04263379	6.439485213	52.13756276	mungbean
27	12	13	21.98850736	90.00621688	7.277002014	111.8550076	orange
64	58	54	43.67549305	94.86623013	6.993473247	107.0084649	papaya
28	145	203	21.68473622	93.10855938	5.874051515	114.5830173	apple
94	91	51	29.16093424	76.67484233	5.618094446	109.575944	banana
26	8	31	27.26544321	97.94719262	6.410241206	151.345677	coconut
1	145	195	23.53484899	92.71515497	6.248917561	123.2282437	apple
40	69	21	24.92360104	23.97183658	5.794942699	109.0564537	kidneybeans
37	21	32	27.00315545	51.17636018	5.540444864	95.69325163	mango
21	21	38	22.5526059	89.3259486	6.327673765	104.8955643	pomegranate
28	143	196	22.51535609	93.8320678	5.82531086	123.980984	apple
93	5	52	26.53065558	83.27840027	6.207383014	40.12650421	watermelon
16	132	203	23.6572312	94.26253441	5.898682018	121.2993296	apple
70	61	51	34.51895547	91.97313194	6.735126649	119.0430716	papaya
15	127	200	16.91505116	80.9322321	6.104313505	70.79628043	grapes
73	47	39	26.37871681	79.46835188	6.097295243	199.8362913	jute
74	35	39	23.27710193	80.9387912	6.616824428	225.4857914	rice
82	53	20	20.41916919	65.23266346	6.448200111	85.02741661	maize
10	43	21	28.99320364	87.81646269	6.282858548	44.15511464	mungbean
85	28	25	23.31636757	52.30816819	7.215366666	132.0615725	coffee
84	30	48	26.98603693	88.76030293	6.930528386	47.49911377	watermelon
68	44	36	24.11935341	71.83318729	6.318526239	199.8362913	jute
87	35	16	22.60144951	73.51537343	6.121597499	104.7790594	maize
29	64	17	15.33552519	23.61009453	5.588166798	102.759056	kidneybeans
40	20	29	26.987975	97.01022819	5.932087021	149.8406009	coconut
70	49	15	26.54986394	68.44125961	6.300744645	84.64399282	maize
104	22	28	25.18891783	58.33015642	6.665300749	166.2605541	coffee
27	144	200	29.29450963	82.87696834	6.275231569	70.11598261	grapes
8	71	23	22.6685974	66.17720132	6.902717611	54.9393771	lentil
20	28	13	31.13674969	94.96419851	7.271933443	110.871714	orange
136	36	20	23.09595631	84.86275707	6.925412377	71.29581071	cotton
82	30	30	24.85329677	60.35913173	6.724976485	173.2661465	coffee
71	47	45	24.78839119	76.23494814	6.42595976	175.2932131	jute
3	141	197	21.98141856	91.12719303	6.142803397	115.4789148	apple
26	132	195	22.62553448	91.95300596	5.612303696	114.1442064	apple
13	72	21	24.32116642	21.0278674	5.821194486	60.27552528	kidneybeans
11	132	197	15.99050693	81.23966573	5.734317007	74.40198861	grapes
24	63	19	19.3479443	55.96805489	4.681576043	194.5921148	pigeonpeas
25	128	196	21.40426509	93.30549436	6.091473261	107.6312713	apple
82	47	39	24.6385558	75.90634584	6.002524871	183.4291929	jute
82	56	36	25.98883827	83.31793659	7.868474653	290.2036533	rice
29	131	200	24.03206859	83.33297326	5.811395164	71.49120702	grapes
95	21	53	27.39756767	90.01506395	6.694226952	24.238413	muskmelon
5	24	29	26.42363126	96.21200113	5.698945273	150.7081674	coconut
92	81	52	27.39341554	81.4654833	6.438137279	94.31102057	banana
22	30	32	35.21764356	45.55153776	6.183311092	92.44898821	mango
45	55	77	19.09053355	17.59861569	6.025015916	89.02675387	chickpea
4	8	41	23.77768075	88.70826347	6.731370736	106.9006534	pomegranate
31	69	20	28.6508843	39.69881002	6.571074411	181.138225	pigeonpeas
40	5	6	26.46838687	91.81738537	6.34232504	114.8408276	orange
35	64	15	28.47442276	63.53604453	6.500144962	69.5274407	blackgram
62	60	52	36.1319288	91.68250779	6.871137839	95.55881843	papaya
28	34	25	35.77039272	45.70696707	6.236140056	97.32920752	mango
125	47	16	23.6066119	79.86088991	6.230373141	60.65381719	cotton
67	41	37	20.27206961	82.19466576	6.047627421	271.1420032	rice
36	133	198	25.51939719	83.98351748	6.2286454	69.17281221	grapes
85	40	29	23.05951896	66.45945696	6.175268795	155.8586262	coffee
86	31	35	27.01207284	60.76645256	6.485761419	191.4508931	coffee
67	35	40	22.88648386	83.72538404	7.123745584	212.5157925	rice
70	60	18	24.32443612	71.31066373	5.563779559	96.75369958	maize
106	49	21	23.37505582	83.66140969	7.086646543	86.57640969	cotton
30	77	21	24.42301344	63.96200249	6.807852812	49.49663738	lentil
28	143	204	22.03801622	91.44467742	6.235230283	101.8885644	apple
29	138	197	22.19055385	92.43764169	5.830892252	121.6622761	apple
11	53	24	28.52396666	55.77264351	7.39389918	61.32935611	mothbeans
12	145	197	22.86503381	93.19809424	6.037338721	120.9931404	apple
26	66	25	33.139727	64.21373312	6.602352234	63.34481921	blackgram
23	64	18	22.81026836	68.67911917	4.978276277	187.2867065	pigeonpeas
69	54	39	24.52615853	83.2248787	6.597886468	275.0532527	rice
11	135	199	22.68171772	94.59245461	5.514253142	113.656103	apple
34	64	20	29.33634519	65.89101821	6.817040499	67.96557834	blackgram
100	57	40	25.83139179	86.20849104	7.01963556	152.917081	jute
17	136	195	41.20733624	81.61051026	6.389783283	65.90227462	grapes
40	20	7	23.92121087	91.56870338	6.809043349	119.6946577	orange
18	145	200	21.42901144	92.94999116	6.042929229	103.6416924	apple
112	19	32	23.49363855	62.68607481	7.134372406	138.8860588	coffee
40	122	201	21.30754439	92.06550999	5.995082227	102.5190002	apple
57	67	25	32.34744009	66.61452812	7.551364319	64.55882254	blackgram
120	24	55	28.62670415	92.54760806	6.541449066	23.27340773	muskmelon
135	47	23	22.9678038	77.95965448	6.328431257	84.27576829	cotton
0	52	25	28.34003569	89.15208501	7.199495368	54.98555646	mungbean
113	91	53	27.41470022	78.98199788	5.79021114	108.1718111	banana
9	15	15	12.62082499	91.35536834	7.995848977	117.7623385	orange
90	14	52	24.84740848	89.20454622	6.391858432	59.67927244	watermelon
52	63	19	29.58949031	68.32176769	6.928898659	67.53021213	blackgram
37	66	77	17.02498456	16.46991113	7.330375383	78.75946113	chickpea
10	143	200	22.64360028	92.35555336	5.974015815	109.9760028	apple
79	53	45	23.09433785	87.32750977	7.088807546	190.2198802	jute
83	46	21	23.68169014	68.18150168	6.995843776	85.02359923	maize
3	131	200	23.9234492	93.6339343	6.094149936	111.9438717	apple
117	25	54	28.68275966	92.50969311	6.150686364	29.11187663	muskmelon
102	11	47	27.98780984	92.78226196	6.504906979	27.14509034	muskmelon
19	78	16	18.84785359	20.1401317	5.846925522	91.31675553	kidneybeans
28	55	19	18.62683155	22.87116115	5.913416974	83.52750477	kidneybeans
68	70	54	31.29986342	92.76039164	6.986228647	54.77830202	papaya
30	60	20	29.28010388	89.97602313	6.820600003	43.94856915	mungbean
24	6	32	28.11321494	90.01734526	6.387067562	172.4813641	coconut
16	132	200	15.94396758	81.56755537	5.732790795	69.73115986	grapes
21	120	199	8.825674745	82.26193286	6.339355168	66.49564262	grapes
21	58	17	27.78291891	40.05740301	7.838803764	40.94385875	mothbeans
101	87	52	26.67344053	79.20594117	6.221057029	98.35944755	banana
60	46	53	24.48620746	92.98254537	6.761953186	183.49095	papaya
34	29	8	31.87859192	91.15248149	6.450640306	105.3437825	orange
58	63	81	19.81344531	14.69765308	6.515499549	78.96514709	chickpea
11	56	25	27.80768555	48.14654033	7.692626953	62.22506464	mothbeans
39	80	78	17.77653419	17.99413453	5.988992796	82.68057585	chickpea
37	64	22	17.48189735	18.8251973	5.954665349	121.9401369	kidneybeans
100	55	45	24.87612113	83.83369756	6.231626721	154.1983964	jute
110	71	54	28.67208915	82.20793613	5.725418961	94.37987496	banana
10	24	30	26.16866975	94.16597951	5.975623684	177.7059027	coconut
81	6	55	24.88910524	85.87059083	6.110142735	51.70699144	watermelon
1	62	23	15.43546065	18.37477907	5.607808432	139.0302034	kidneybeans
88	44	42	25.39127499	78.50811802	6.24447833	162.5849298	jute
19	7	10	14.78003032	91.22062116	6.118430299	100.1961762	orange
26	50	20	27.86255545	82.83776164	6.38401808	46.88712536	mungbean
29	63	17	30.02629908	67.88811637	7.26154329	66.47264636	blackgram
22	78	76	17.84851658	19.09172907	8.621662982	76.32470713	chickpea
31	37	20	29.22683279	83.30221681	6.424601195	56.02487194	mungbean
4	43	24	29.31990618	56.00925009	8.13331848	49.53483546	mothbeans
77	47	37	25.05658224	85.07643642	7.271577119	165.3299472	jute
16	60	19	15.33042636	18.20387515	5.606181134	129.158571	kidneybeans
32	143	198	23.16321175	94.3065752	5.944703175	124.9831618	apple
21	21	28	34.2765209	47.95804924	5.181375068	100.5105355	mango
71	35	35	25.00642671	70.88259632	6.562900224	176.5191661	jute
89	41	44	24.07362421	76.90866526	6.487517033	164.2941689	jute
23	65	20	23.19917363	52.05004707	5.542885648	107.2170434	pigeonpeas
40	62	18	22.28150488	62.49182476	6.607463864	41.03297694	lentil
19	126	196	22.92857021	91.03784472	5.582629665	106.942448	apple
74	43	41	26.61173431	83.22613582	6.275591443	252.8194462	rice
0	70	25	21.95796131	61.15678952	6.580821608	48.59026202	lentil
92	27	48	25.9759704	84.76388621	6.512414955	47.72082901	watermelon
31	16	30	27.41678265	98.62097754	5.50158009	175.8180175	coconut
96	73	46	29.66640098	81.07425971	6.490074429	118.7398789	banana
16	65	16	18.13027797	62.45851612	6.078724107	50.6128521	lentil
77	43	18	26.54986394	60.20778998	6.400388232	109.7515385	maize
37	135	205	11.82768186	80.2827185	5.510924849	74.10225057	grapes
13	5	8	23.85340379	90.10522549	7.474710503	103.923226	orange
28	137	196	8.825674745	80.92169054	5.90037476	69.64321983	grapes
33	27	39	23.25076067	88.97288141	6.071917351	110.8269118	pomegranate
19	47	23	28.95961874	83.15134461	6.218923893	55.78252063	mungbean
102	29	31	27.92374437	53.78601234	6.585108112	153.5696171	coffee
24	13	41	19.61462098	89.92112909	5.65534756	107.7391939	pomegranate
52	75	78	18.92991975	17.06230338	6.952671339	88.89321042	chickpea
39	145	201	36.73126647	80.58931938	5.775600435	72.24230804	grapes
105	26	35	27.23218669	65.75384204	7.078953474	137.1290282	coffee
40	64	47	32.50037548	93.47888842	6.893509446	71.73759526	papaya
101	76	50	26.5035962	75.03193255	6.068805917	90.10978128	banana
18	56	22	27.01470397	88.63423043	6.526778981	45.48264679	mungbean
36	27	33	28.90386986	49.33571802	6.86830056	95.54345656	mango
110	9	48	24.94210268	85.39392945	6.358768944	53.42848269	watermelon
9	139	199	23.25230817	94.54128292	5.867420996	105.3558408	apple
26	69	21	17.38409596	23.26496699	5.560592152	136.1482786	kidneybeans
45	75	80	20.38298036	14.25803981	8.072448412	90.47934263	chickpea
25	40	30	34.23430382	50.61721589	4.507523551	96.04881292	mango
89	46	38	22.94696407	81.93789907	7.649929704	272.7354315	rice
13	20	44	19.49031764	86.61626729	6.517089701	107.4782979	pomegranate
26	122	205	23.39369999	90.53025359	5.849695982	110.6711649	apple
21	67	84	18.482251	15.57245832	7.876244425	77.70629303	chickpea
1	128	202	23.99524544	81.81507657	5.772710105	74.85445825	grapes
66	54	50	35.50434958	93.10847889	6.59640434	146.0073482	papaya
47	58	79	19.86777882	16.01777473	7.864675098	91.63142332	chickpea
33	15	29	27.76101068	94.30445168	5.82425527	185.7586338	coconut
84	36	28	26.7350622	55.55164819	6.119892347	140.6305213	coffee
82	60	41	25.10039714	81.6173492	6.605574198	277.5859209	rice
11	134	205	21.0365275	91.93112834	5.880822949	114.1236447	apple
49	79	24	27.88219805	69.96100028	7.569167641	63.77534326	blackgram
90	48	18	22.66064195	63.81356621	5.838842026	79.6652399	maize
43	47	48	34.90939846	92.70090519	6.711493876	126.629478	papaya
67	35	19	23.53499514	66.77140262	6.802718402	100.8798491	maize
46	73	18	30.98150641	64.37593974	7.775306272	74.91559514	blackgram
120	22	28	23.90216442	61.03688993	7.00657851	157.1622066	coffee
83	47	19	20.62217239	63.19290413	6.162713691	88.14016662	maize
31	58	15	27.11026483	84.96771717	7.121571293	51.52617423	mungbean
5	23	29	30.30684386	50.48480373	6.578795895	92.9701552	mango
61	60	23	26.02826773	55.28220433	6.168591563	85.45402331	maize
19	134	205	11.38522865	83.3187707	5.824999265	71.26272956	grapes
40	76	23	17.4134123	21.95649075	5.614595069	68.62863047	kidneybeans
97	21	47	25.72798051	80.02621335	6.305042341	48.01015282	watermelon
60	67	22	27.87450135	65.43251243	7.20521087	69.31870549	blackgram
22	139	195	21.0365275	93.83691775	6.143523334	111.2182462	apple
34	80	19	31.49338309	63.0563645	6.521217963	71.48327008	blackgram
22	140	198	13.35088447	83.21944212	6.189145154	70.05996329	grapes
85	26	48	26.42323244	85.2867889	6.947702916	42.35149276	watermelon
83	77	50	26.99808175	81.29182608	6.471965907	118.2858501	banana
82	17	51	26.40008049	89.98405233	6.429694543	41.91838513	watermelon
104	19	49	27.33104881	93.28651505	6.258076339	24.61099729	muskmelon
25	11	32	28.06007059	94.00960047	5.928031377	160.0178179	coconut
119	7	55	26.03867719	84.6378378	6.031424482	44.3993381	watermelon
29	67	22	27.89221113	69.96100028	7.052911308	70.07594485	blackgram
60	64	81	18.40369054	16.60495558	8.868741443	81.63481191	chickpea
51	66	50	33.84853586	90.03863107	6.882240657	40.35153141	papaya
20	75	21	18.58165219	66.22302629	7.4330962	46.53932408	lentil
32	64	19	24.77300817	61.88666873	7.841496029	51.53079842	lentil
27	11	9	19.30435144	92.21258185	6.986429033	119.6946577	orange
28	15	42	22.57236922	88.00433117	6.445670191	107.8160276	pomegranate
3	71	23	32.74434076	47.78318462	6.159642082	138.0421624	pigeonpeas
119	9	50	26.74550678	83.9195902	6.251286661	40.794305	watermelon
28	39	16	29.25516634	85.05772765	6.536055213	50.42077964	mungbean
103	34	29	26.75755999	56.19236615	7.101162842	166.7337611	coffee
102	14	50	27.89390684	90.02203771	6.61655559	23.62213956	muskmelon
35	60	16	26.81458369	62.00571621	7.249432093	38.97756524	lentil
24	66	83	18.93009673	14.87032242	7.77121113	77.48320251	chickpea
14	35	18	29.21734813	81.90268391	6.321889204	48.20871344	mungbean
38	120	199	8.825674745	80.82178928	5.73399047	71.13022677	grapes
36	23	31	27.51582219	91.97578855	5.709770295	143.1126629	coconut
34	67	25	23.0026409	44.3822278	5.044384183	154.7473712	pigeonpeas
21	44	18	27.06909959	86.89934108	7.12851089	50.46746116	mungbean
4	26	15	26.83145112	91.00580357	6.010391864	110.1115104	orange
78	60	35	21.7284414	82.04027298	7.019316093	217.5955139	rice
26	55	22	29.35259063	40.00933429	7.323860003	40.7920893	mothbeans
99	51	42	24.05499762	85.34407542	6.23504863	169.2161713	jute
4	25	41	18.93507701	90.83086343	6.201042094	109.221453	pomegranate
29	11	42	22.14968542	86.77698138	5.561851831	106.5218309	pomegranate
25	19	26	29.8690834	97.14098366	5.951575715	179.0390121	coconut
33	63	82	17.45379188	16.67301045	5.988992796	79.6954274	chickpea
111	82	51	27.90976168	78.50910056	6.110754332	116.2549437	banana
23	68	19	24.72514066	66.54143026	7.042182392	46.18848429	lentil
17	52	17	27.88352946	86.45147631	6.364967184	44.64407105	mungbean
55	70	20	28.8496185	65.58155608	6.538646706	64.2334685	blackgram
95	39	29	27.35152643	55.99375012	7.13411409	148.9812525	coffee
23	56	20	30.38792864	59.89765678	6.89921456	168.9699637	pigeonpeas
22	56	19	16.83976184	19.41961843	5.727849522	137.6394819	kidneybeans
26	138	198	23.6069696	82.12186052	6.039487905	69.57852571	grapes
31	138	199	22.33273563	83.07699694	6.499604931	65.02796133	grapes
90	50	41	23.98577257	84.96907151	6.841433869	209.3168621	rice
38	56	25	25.74095321	45.38497051	7.88118645	67.43488235	mothbeans
48	75	15	28.644132	68.31510701	7.400321246	67.99282678	blackgram
23	68	22	20.08700309	23.86008008	5.558733585	99.2393768	kidneybeans
100	21	46	25.48223569	87.51263127	6.956508826	53.62117243	watermelon
51	80	78	17.5057335	15.50274837	6.972088501	80.46721096	chickpea
26	120	204	23.89660076	91.51696091	5.514253142	116.3792262	apple
89	89	47	27.70022521	79.53670964	6.188542298	104.3602564	banana
7	130	200	21.36549653	82.74640893	5.790269148	65.41858194	grapes
112	22	49	29.20265465	91.74783873	6.217157035	25.88198224	muskmelon
36	72	21	18.31910448	44.64838683	6.736461491	157.3866948	pigeonpeas
17	30	44	23.69250631	85.57549106	6.482495672	110.0351185	pomegranate
33	16	7	34.90665289	92.26431037	7.537747672	104.8551671	orange
20	65	85	20.11583861	16.25428122	8.140484319	71.19222474	chickpea
28	134	205	21.6711779	91.07944578	5.754832419	102.1171516	apple
98	24	31	25.22986357	65.07080082	7.150782386	167.8671533	coffee
21	72	16	28.47340738	67.09146077	5.97560328	52.00056898	lentil
105	29	28	24.72133722	64.29182958	6.888267992	122.1269555	coffee
34	40	21	27.85892117	86.30436307	6.990818908	50.5959729	mungbean
35	70	48	26.57167633	92.21403515	6.713401885	120.2573783	papaya
30	28	30	31.86641378	52.19331595	5.064613314	98.46768642	mango
20	140	195	20.94053225	81.56120551	5.830486282	73.87791857	grapes
13	23	10	28.75510426	90.00621688	6.520195359	104.3392229	orange
99	73	53	26.29039046	81.06003778	5.871702211	118.6730366	banana
89	45	36	21.32504158	80.47476396	6.442475375	185.4974732	rice
113	76	46	27.59538399	80.17332589	5.960087573	113.0676809	banana
120	27	28	25.45517473	53.69238361	6.775443727	169.6925186	coffee
34	73	16	32.59016851	60.5313512	7.166353868	73.31476794	blackgram
28	19	29	27.98560659	93.81508993	6.466424666	213.989759	coconut
8	25	36	19.91330523	94.95031368	6.828522375	104.0277061	pomegranate
15	15	9	20.43118734	90.20330783	6.349040302	114.969818	orange
9	26	37	21.34939444	87.77396104	6.321524927	107.0310055	pomegranate
7	56	18	18.31357543	24.32991649	5.698371311	76.14153904	kidneybeans
49	64	85	18.2412055	14.66475053	7.179320515	85.5147386	chickpea
65	62	51	31.53243779	90.87394933	6.511624841	207.0735119	papaya
97	22	26	23.60567546	59.68849145	6.074190142	185.1568059	coffee
35	51	17	28.79929247	49.84213387	3.558822825	40.85534718	mothbeans
36	65	20	27.05286997	55.32042084	5.691513744	137.0374271	pigeonpeas
1	35	34	30.79375683	46.69536813	6.27339822	92.21318555	mango
87	56	37	23.97207996	87.250094	6.767968829	186.4066479	jute
35	144	197	41.94865736	81.57406398	6.040407569	67.40718528	grapes
70	54	46	39.73149053	91.12220596	6.919342407	122.7628653	papaya
25	143	198	22.81212536	91.51861705	6.027314401	107.855225	apple
34	65	19	23.43974653	63.22011726	5.94239222	45.40277297	lentil
20	136	201	23.14125512	92.3109221	6.110882692	116.8803629	apple
71	46	40	20.2801937	82.1235421	7.236705436	191.9535738	rice
29	140	202	22.5422486	92.19933044	5.648208766	115.8047368	apple
80	48	40	24.60585858	86.54147062	6.119859412	184.2330681	jute
79	55	41	22.550288	82.22908928	6.17013563	232.4695949	rice
25	120	202	38.01521185	82.9434353	6.192590462	73.84456579	grapes
97	14	52	26.98603693	87.08277359	6.863437446	48.11810972	watermelon
86	70	46	29.21693097	75.17976634	5.505393833	101.2483659	banana
18	59	16	29.49014367	84.84748108	6.600495477	52.71236971	mungbean
35	77	78	20.37815425	16.37588584	8.868741443	72.02265371	chickpea
24	21	32	26.37732843	95.30551012	5.887408227	196.0896118	coconut
62	53	23	22.06745235	74.82913698	6.663605973	102.8288719	maize
40	14	44	22.71397525	86.99883284	6.350541442	103.3605801	pomegranate
20	17	35	29.79567138	94.42251903	6.2115145	166.2181295	coconut
27	72	17	28.98039357	57.23265151	6.347929353	120.7435664	pigeonpeas
71	37	45	23.09433785	85.34547444	6.622056842	189.2922516	jute
68	50	41	24.02190511	80.8838266	6.874823503	166.3304617	jute
20	72	15	26.50547977	64.14273159	7.518137704	46.06529556	lentil
21	44	21	29.16601556	89.99615558	6.476657252	46.84377586	mungbean
10	54	24	26.44617325	52.98543605	8.854800664	62.79542295	mothbeans
45	59	15	32.84026128	62.24071221	7.703025673	67.71960452	blackgram
96	16	54	25.24277074	83.5526205	6.383236661	55.80017677	watermelon
20	24	30	32.30654419	49.68183129	5.556586409	99.73994358	mango
100	28	33	27.92374437	56.36198392	7.407468761	165.941197	coffee
86	11	50	28.20714901	93.90259526	6.483981056	23.40873128	muskmelon
8	55	15	21.82917758	60.09116626	6.943993561	42.02593488	lentil
82	24	33	26.53543168	67.09608099	6.809593554	120.6494434	coffee
23	21	26	26.45488737	93.45042636	5.901495544	149.2220255	coconut
118	84	50	27.31966796	81.05914506	6.124316949	94.66960886	banana
27	65	22	25.00667441	60.09116626	6.370734618	35.03484812	lentil
87	15	51	29.41775858	91.27966576	6.309778113	24.24846664	muskmelon
25	21	30	28.4101009	94.72070906	5.50158009	152.6035488	coconut
32	145	200	22.2517304	91.60778147	6.084488555	104.8389407	apple
29	128	196	19.92870089	83.58737667	5.960097658	66.46542758	grapes
38	30	29	28.32735663	46.5146889	5.766523467	100.1062927	mango
9	17	32	25.94951662	93.40548703	5.842317989	172.0540491	coconut
111	41	18	23.64328417	78.1258666	6.10539819	80.96157332	cotton
35	63	19	18.03062527	20.7228732	5.502999119	100.3988492	kidneybeans
68	46	44	24.45501568	82.69396142	6.438795913	207.9691601	rice
70	42	43	23.16814977	76.66724969	6.508342839	157.1215052	jute
30	51	19	29.5043399	85.47388451	6.218923893	48.72652036	mungbean
32	68	52	32.68067385	92.61715632	6.800321319	248.8592986	papaya
90	86	52	25.85036988	81.95580471	5.793260262	119.0856171	banana
2	50	20	31.99928579	42.60995801	8.062649996	43.1258651	mothbeans
68	57	15	22.38992762	74.00863721	6.856674275	66.81625404	maize
28	8	12	31.55705386	92.91569035	6.225931852	102.9502308	orange
68	45	40	23.17566122	80.60452117	5.771452684	202.1942697	rice
104	36	34	25.82515198	53.04600699	7.299807865	152.5011325	coffee
33	45	15	28.31579938	89.41984791	6.90911739	48.50774927	mungbean
26	7	11	30.93573433	92.54037376	7.014924479	112.647375	orange
12	51	15	27.59758301	81.07027682	6.483044991	58.72013788	mungbean
34	66	19	32.97030511	60.18122078	7.586642101	73.44678678	blackgram
80	47	19	19.31355925	74.82913698	6.207205489	92.39091437	maize
56	68	79	19.69996971	14.25803981	8.608688798	82.02928339	chickpea
31	29	26	28.22373428	47.40519056	5.024124684	97.76832322	mango
58	51	48	43.67549305	92.88527739	6.714852139	134.5997868	papaya
15	120	200	22.89575422	93.67895845	5.514253142	114.0586829	apple
86	52	40	25.22061687	82.1123056	6.477489277	241.1710818	rice
27	80	17	29.12255046	63.50405304	7.337933659	66.61302785	blackgram
43	61	81	17.84888679	16.53632709	6.228320114	91.14747975	chickpea
105	18	55	28.24606943	92.12590189	6.47336742	20.21126747	muskmelon
103	85	47	26.71996714	81.72844454	5.781288767	113.3944047	banana
81	56	40	24.21013581	77.43875154	7.368050399	153.0468863	jute
106	47	22	23.88889393	79.48687955	6.517551121	89.56087009	cotton
120	48	16	22.46054478	75.40989245	7.456971816	71.85436078	cotton
14	140	201	22.17464733	81.04460124	5.7577006	67.01509773	grapes
28	121	195	21.65226827	83.74963646	6.432269482	71.41543799	grapes
15	77	20	25.13163619	66.92642362	7.399749291	49.04015558	lentil
83	15	50	29.01608792	91.24825289	6.20005704	23.21560808	muskmelon
20	20	10	11.86631922	93.68394562	6.976997772	106.060149	orange
115	33	25	24.67035338	57.7378716	6.80737671	178.3037373	coffee
40	68	21	23.15458607	21.40665307	5.800157775	86.377643	kidneybeans
29	128	201	12.93087934	80.01639435	6.409686898	67.53698879	grapes
22	59	19	28.66634464	36.54560836	6.640403274	160.9848609	pigeonpeas
14	55	19	26.71933298	56.49920305	7.445444883	127.2101053	pigeonpeas
0	80	18	25.16656491	64.81384103	6.555781685	43.85704553	lentil
88	46	43	20.0454142	82.45238393	6.573968057	272.0380212	rice
93	22	48	27.51390137	90.57967654	6.268256629	28.04086522	muskmelon
51	55	52	38.45134821	93.24660173	6.723154456	83.98128564	papaya
26	60	82	18.38609465	17.95833763	6.48088689	90.60726985	chickpea
75	41	35	24.97042599	78.62697699	6.856833064	166.6415254	jute
4	76	15	28.96581143	69.32484213	6.458587626	46.56085434	lentil
87	29	31	24.65563359	57.7250531	6.973205698	191.5855054	coffee
113	16	45	26.2178861	86.32651103	6.21343564	54.58039817	watermelon
23	138	200	9.851242629	80.22631717	5.96537863	68.42802444	grapes
15	25	43	23.81910848	89.07202921	6.454034772	104.168388	pomegranate
14	58	17	30.53684308	59.96664731	4.605700542	33.48919022	mothbeans
25	68	77	20.09340593	15.11279612	7.701446446	85.74904898	chickpea
26	23	33	27.35682065	95.80945486	6.364268342	207.7834673	coconut
15	40	30	33.91320184	49.79566519	5.947099696	93.43065566	mango
25	62	18	18.06486101	65.93562377	5.91645379	44.18279479	lentil
26	68	24	28.04849594	64.07691942	7.504930973	37.15824966	lentil
35	37	21	31.99928579	47.21229167	5.774593718	39.80807554	mothbeans
30	15	14	15.71498488	91.70115939	7.995848977	113.7225177	orange
8	61	19	26.26344555	69.92375891	7.377368741	47.73575354	lentil
16	65	19	27.61204997	69.29786244	7.043160241	42.72374404	lentil
97	35	19	19.79071251	66.08897309	6.172031787	109.7515385	maize
10	69	18	21.68663131	19.04405391	5.689456684	80.33613892	kidneybeans
102	25	45	26.98603693	86.51302936	6.251427867	50.89914342	watermelon
19	132	195	23.99686172	91.48332386	6.152993579	107.7743576	apple
32	25	35	18.09903225	85.70786282	5.892913826	107.0050976	pomegranate
20	63	24	18.31910448	39.39210043	5.491897367	149.878551	pigeonpeas
102	26	35	26.64443369	66.26482598	7.09654616	170.7104752	coffee
2	131	199	22.47420512	91.22759742	6.017370134	124.2179699	apple
35	71	22	26.0653783	53.86633293	7.144609151	102.8388678	pigeonpeas
99	26	33	25.99458108	60.30354701	7.239364523	120.1877099	coffee
19	42	18	27.9354385	86.88883855	6.759694223	46.9466146	mungbean
24	30	38	22.01136259	92.47266577	6.308499634	109.4809133	pomegranate
52	67	79	19.58203776	17.31859486	7.497222463	81.2453152	chickpea
18	69	22	22.55345535	67.22708146	6.322293413	38.19685884	lentil
62	49	16	22.46701137	59.36749853	5.987626642	82.83394318	maize
23	64	15	31.46411651	64.24882824	6.780617061	71.23393446	blackgram
72	39	41	24.44588256	76.38306501	6.902595301	172.6303375	jute
85	36	44	23.47613365	81.34525255	6.794700053	230.5653437	rice
10	77	24	23.9409454	61.40250442	6.524142622	43.57792628	lentil
84	29	49	29.94349168	93.90741192	6.251420275	20.39020503	muskmelon
98	91	54	26.13628688	82.97934059	5.505393833	95.34240675	banana
25	55	20	28.25015777	63.44180491	7.841496029	40.70777654	lentil
64	60	19	21.20365976	65.07214906	6.291695272	87.31904227	maize
91	29	45	25.638052	88.20468408	6.665092845	41.2949714	watermelon
30	133	198	21.75455399	94.86014186	6.056286346	115.3880911	apple
70	58	40	22.7810334	82.91112238	6.547268671	210.0510339	rice
10	33	35	32.29870131	48.58606136	4.9738739	94.64620332	mango
3	72	24	36.51268371	57.92887167	6.03160778	122.6539694	pigeonpeas
7	79	17	32.75273819	45.29638064	6.909727192	135.0593946	pigeonpeas
40	68	20	28.74211177	56.02926458	6.460125918	126.3242496	pigeonpeas
35	30	40	22.9214381	89.35834021	6.068023265	111.9119557	pomegranate
46	64	21	27.23266053	63.6094842	7.366230335	70.87308763	blackgram
8	138	200	30.69750762	81.0400423	6.403393014	69.64681814	grapes
96	78	52	27.34969966	80.93367076	5.93056625	114.2689361	banana
11	64	16	24.42164081	61.74853935	5.916947986	191.5973336	pigeonpeas
25	20	14	15.75630139	90.90478615	6.915581053	104.5112408	orange
26	55	24	18.52734132	64.81465664	7.186813838	47.10532586	lentil
99	55	35	21.7238313	80.2389895	6.501697816	277.9626192	rice
4	75	20	32.16791081	49.06261757	4.548202098	153.9698206	pigeonpeas
6	60	16	28.95861542	86.47824115	6.910881445	52.9679563	mungbean
93	85	47	27.73579051	80.44718932	6.209083108	97.88065737	banana
33	25	31	35.99009679	50.69675468	5.720852629	94.55297267	mango
112	28	54	24.86094646	85.05318563	6.738030547	55.29563514	watermelon
28	67	76	19.36441318	14.25803981	7.010009758	84.51601816	chickpea
99	92	54	27.61188951	83.84813153	5.962803607	104.4704028	banana
48	59	50	38.12646218	93.21568303	6.915513228	163.6897517	papaya
23	24	32	27.16587152	90.66897065	5.594372568	131.0900076	coconut
21	31	27	27.72656396	49.28195812	4.699141846	96.34634901	mango
10	125	196	22.31253665	90.03577124	5.730557448	113.0688155	apple
105	77	52	29.16226551	76.16151562	5.816622479	100.0075679	banana
93	50	40	23.446867	82.39745134	5.75982986	236.4282568	rice
83	12	50	24.31426852	84.53000335	6.187738824	48.59148351	watermelon
6	9	12	31.08368929	90.14362642	7.028746406	109.6894658	orange
100	60	20	26.54986394	59.40428882	5.812164553	104.5834805	maize
24	30	10	33.95452115	91.84307621	6.903071935	113.2044405	orange
91	60	21	23.18747405	62.14279068	6.443403771	80.43556482	maize
106	18	30	24.99713817	67.79579544	6.372288844	115.1564012	coffee
4	59	25	27.68515114	81.94268594	6.227134139	54.62243308	mungbean
86	59	17	22.62749421	66.73298741	6.066928171	108.1208807	maize
35	74	22	26.7230014	62.96841833	6.898905799	42.87274897	lentil
23	70	21	18.78993676	66.92466505	4.548202098	130.6588758	pigeonpeas
89	47	38	24.23796949	80.41218464	5.598687109	293.8731164	rice
53	62	18	28.31852554	61.65372806	7.504145308	67.82703236	blackgram
33	14	8	21.03200078	92.9641969	7.684420446	110.6823944	orange
3	58	21	25.36140526	46.82652785	9.160691747	55.60523179	mothbeans
83	93	52	27.63136994	82.26121703	5.956826191	99.59466186	banana
21	141	200	23.77685594	93.56010432	5.76380984	111.2749633	apple
12	62	19	19.96764104	67.28908434	5.91645379	46.84599613	lentil
36	64	25	20.09247264	21.60703361	5.682819998	84.81476954	kidneybeans
107	38	18	25.09297056	77.86662859	6.317373314	75.90414861	cotton
31	73	15	30.66343179	65.86619463	7.161442279	62.11381425	blackgram
43	66	79	19.46233971	15.22538951	7.976607593	74.58565097	chickpea
10	141	203	36.47615134	80.01639435	6.086347626	68.2396451	grapes
23	66	19	28.03280926	68.67557643	7.16184037	45.03135363	lentil
34	14	7	30.85588321	93.56448669	6.010391864	103.9433142	orange
32	42	22	28.91003828	86.00620775	6.721579299	51.0073148	mungbean
69	46	41	23.64124821	80.28597873	5.012139669	263.1103304	rice
95	13	46	29.84070774	93.76312893	6.126019932	23.28207838	muskmelon
76	59	44	23.20861378	80.81964903	7.563211341	298.5601175	rice
69	55	20	21.18920871	56.92949773	5.52679561	81.8534285	maize
15	19	31	35.26283034	49.70179184	4.507523551	100.8124659	mango
4	67	17	25.89737894	65.07729513	7.28749613	46.82838105	lentil
54	50	51	31.26047154	94.19434581	6.765057541	248.8592986	papaya
4	44	19	27.95639663	83.52706038	6.921993878	43.25726752	mungbean
97	19	49	28.4995516	93.75492052	6.002927293	25.37792997	muskmelon
95	35	45	24.42546675	75.3455277	6.616861725	160.1121132	jute
38	21	28	29.14477284	51.00146022	5.726665564	99.61996244	mango
13	10	7	15.03819313	91.2655233	6.485197934	104.8848848	orange
104	17	46	25.7131428	80.22972777	6.190015912	43.08961827	watermelon
9	133	200	21.98806781	91.00657817	6.135594357	109.4097035	apple
13	68	25	25.96450058	67.23738618	7.232711757	48.27819376	lentil
88	44	43	24.88696532	77.65224687	6.705349766	193.6880858	jute
23	8	7	25.38245754	91.02698244	6.492337576	108.8220722	orange
78	58	44	26.80079604	80.88684822	5.108681786	284.4364567	rice
19	52	19	30.01905289	60.38038629	8.600732313	74.44330654	mothbeans
107	26	51	29.58316149	93.35713708	6.384567343	21.71412414	muskmelon
23	21	33	28.96685453	95.36553492	5.518339055	176.4178192	coconut
85	25	47	26.11440416	87.64081095	6.29542477	58.48160844	watermelon
8	22	29	25.78739358	93.55431926	6.355022108	213.9670361	coconut
5	55	18	33.50876355	45.70976142	7.322097972	126.6738117	pigeonpeas
40	61	17	28.15929076	62.04141627	7.205038899	69.55705509	blackgram
93	24	27	25.81328555	58.28211231	7.227625278	199.4735636	coffee
17	16	14	16.39624284	92.18151927	6.625538653	102.944161	orange
58	69	84	17.65476574	18.44591603	8.469368861	79.12427953	chickpea
39	5	30	27.2370467	93.0963058	6.459131232	225.6323656	coconut
111	22	49	28.54441696	91.22002116	6.002927293	23.47633054	muskmelon
95	39	36	23.86330467	83.15250801	5.561398642	285.2493645	rice
100	80	52	27.53911354	77.25629897	6.049801781	110.3262123	banana
67	53	23	19.67214782	61.99497986	6.610077457	95.24625469	maize
17	74	22	25.31696066	67.35471554	7.395858403	48.44753954	lentil
39	30	38	20.12644921	87.59629625	6.965156738	108.065579	pomegranate
3	55	22	22.89681866	22.67751671	5.761642976	108.110114	kidneybeans
26	47	18	27.09131041	82.68837741	6.897776889	42.53263871	mungbean
28	26	33	28.82441667	95.82315719	6.023047956	154.1959259	coconut
103	71	55	27.71003053	84.97849241	6.258709308	117.1657531	banana
35	35	33	31.63896917	52.44205004	6.846406497	98.82765927	mango
4	47	20	25.97948991	64.95585424	4.193189124	72.19245835	mothbeans
28	49	18	29.62472646	86.39711697	6.77614131	56.40133447	mungbean
26	55	22	17.31274413	21.93526268	5.773330773	100.4729689	kidneybeans
115	17	55	27.57826922	94.11878202	6.776533055	28.08253201	muskmelon
94	31	31	25.50888342	50.04557009	6.435910898	152.3562627	coffee
38	77	78	17.33750618	15.91972916	7.600194345	91.99421493	chickpea
74	39	39	22.34581463	82.64132811	6.508131586	223.4445217	rice
20	18	35	27.36615012	95.82404542	6.44491423	172.3335105	coconut
30	30	29	27.33908257	48.06430223	6.105296293	93.85540559	mango
71	54	38	22.53903323	81.16586943	6.74791023	196.0730525	rice
51	65	15	31.32517704	66.47777914	7.017878304	74.52147166	blackgram
1	66	19	18.93485503	40.16933341	6.235814677	127.1024123	pigeonpeas
0	67	21	17.19747948	19.89794179	5.769817673	141.2341292	kidneybeans
15	16	45	21.68153581	89.2569312	5.872538667	110.6397674	pomegranate
120	88	46	29.90888522	80.8202648	6.141446431	103.6134915	banana
94	27	31	24.98862852	62.46224655	7.278243741	139.3962148	coffee
39	68	15	34.0042756	65.83022262	7.089925536	67.05920269	blackgram
44	59	78	20.67526473	19.85388984	7.599033472	84.78344008	chickpea
11	36	33	35.99009679	52.22780489	5.978634285	95.3713484	mango
26	10	29	27.34955912	92.21258134	5.79618603	161.578374	coconut
111	42	25	24.06409063	80.3222273	7.016438468	85.01806017	cotton
139	39	25	24.24131583	80.68540955	7.500908634	79.88363479	cotton
40	30	43	24.30420238	91.96554832	6.150068156	109.4508577	pomegranate
26	5	12	13.32670841	94.8120974	7.995848977	102.6217301	orange
39	24	44	24.96273236	91.32670181	5.700131944	103.9051902	pomegranate
50	47	48	24.63676897	90.61964344	6.712772333	218.2299187	papaya
28	76	82	20.56601874	14.25803981	6.654425315	83.75937135	chickpea
36	55	18	24.42989331	66.4614963	6.582098657	45.58882311	lentil
34	73	15	20.97195263	63.83179889	7.630424083	53.10207889	lentil
38	80	79	18.96538071	16.70287955	7.774102455	80.68118425	chickpea
20	47	20	29.5297788	82.62513599	7.065283439	49.52545411	mungbean
32	30	28	28.83829092	50.4141464	6.079941613	95.45370518	mango
31	72	79	18.09890677	17.21428839	7.779660238	83.22783393	chickpea
108	27	29	25.97658938	53.22350352	6.167025693	198.740221	coffee
56	69	17	32.64004589	69.96100028	7.17791181	61.33248206	blackgram
35	138	200	21.19909519	90.80819418	5.67130617	103.6838922	apple
96	29	31	27.47153501	57.74217539	6.309193253	115.1564012	coffee
34	48	20	29.01594469	40.5177844	6.61640361	64.63422999	mothbeans
27	126	199	30.34263206	81.54619666	5.880420745	68.57817596	grapes
90	14	47	27.71508857	90.27706735	6.143593701	21.03332313	muskmelon
35	43	18	27.7888649	84.99820953	6.469812579	38.3933798	mungbean
17	13	9	19.33137824	91.36598032	7.083307696	118.4907924	orange
13	19	9	18.81592663	90.14060935	7.650557949	106.1732878	orange
125	49	17	24.91929363	78.96498184	6.658472524	66.18020197	cotton
67	48	35	24.89838918	74.67373538	7.061278217	194.8598733	jute
21	60	21	27.82516792	89.41130484	6.854023486	56.76619157	mungbean
13	123	197	29.16606049	81.72140054	5.902501742	70.5833202	grapes
46	70	80	17.743003	18.40369684	8.643630917	80.29512038	chickpea
100	47	16	24.35348857	76.59805139	6.901586559	89.6982843	cotton
16	139	202	23.30478665	91.16642941	5.514253142	104.0830417	apple
37	56	20	29.84303146	58.88427941	3.818765345	74.44330654	mothbeans
66	53	21	26.54986394	63.61742974	6.916717565	109.7515385	maize
19	45	22	25.35697265	64.95585424	7.787941096	46.1313232	mothbeans
27	72	20	24.52193867	30.40046769	7.392399842	137.5907606	pigeonpeas
40	25	30	29.58670604	99.51191633	6.339024474	219.4093289	coconut
15	74	22	29.45938454	48.03087068	5.737311461	152.9905922	pigeonpeas
120	52	21	24.31877207	79.61325974	7.98898455	92.91932084	cotton
93	36	39	22.61077453	81.72585124	6.717333728	256.213337	rice
10	78	18	18.54141834	62.70637578	6.296976913	44.07819743	lentil
98	40	25	24.93220567	56.4736847	6.83379839	148.3843932	coffee
11	23	6	31.82380072	90.00621688	7.476696812	100.177899	orange
44	57	47	30.15878368	93.1719634	6.941277489	40.35153141	papaya
4	124	195	8.825674745	81.84646354	5.82522462	69.77263944	grapes
109	90	49	27.21271237	75.53126759	5.837439575	112.2019293	banana
119	18	46	29.39957876	93.13117234	6.421160132	26.13901635	muskmelon
113	47	16	22.88732219	82.67772141	6.111505739	70.69781201	cotton
59	62	52	43.67549305	93.10887229	6.608667684	103.8235658	papaya
102	26	29	24.86050411	58.21411135	6.778738361	162.9608308	coffee
97	26	48	25.29363119	85.46500279	6.445945201	50.37514599	watermelon
21	64	20	21.8416393	44.41066467	6.689006639	173.8341069	pigeonpeas
22	16	9	22.77058434	92.84243435	6.802222911	100.1737964	orange
111	43	19	23.35051413	84.64903194	7.680567751	77.51571534	cotton
30	136	201	22.01317446	91.94860202	6.010146301	108.4529846	apple
111	20	32	26.97617071	55.11917219	6.862032892	195.0952906	coffee
85	60	35	23.66305005	81.91530039	6.662842456	202.5096334	rice
17	18	43	24.4880844	90.83687246	5.843005428	103.1969341	pomegranate
39	56	16	22.87501234	63.04093053	6.419060701	43.41073883	lentil
22	18	33	30.41235793	52.48100602	6.621623545	93.92375879	mango
105	49	17	22.09118073	78.17090423	6.698059073	78.49783319	cotton
23	43	21	27.65988146	40.00933429	9.742979824	51.38441602	mothbeans
80	27	51	28.59880243	93.3336432	6.002927293	29.86681385	muskmelon
116	25	50	29.26092798	92.92367701	6.088885814	28.70627683	muskmelon
35	68	76	17.02498456	14.96738097	6.454584184	85.35482896	chickpea
77	52	19	22.27688593	57.09769005	5.911117016	60.65171481	maize
91	7	53	25.92137503	85.30753115	6.798624251	56.655394	watermelon
26	30	32	26.584314	95.99706485	6.073751245	131.0900076	coconut
23	23	30	32.82141065	47.45553843	4.755273631	90.89173106	mango
40	73	20	21.59343016	20.31871249	5.811314232	61.13872036	kidneybeans
101	86	48	25.43345712	84.73275855	5.705060972	105.9032148	banana
81	60	17	21.39930018	60.80411284	5.962283654	73.53990813	maize
17	79	21	21.83381977	66.45966974	7.044053097	50.36404198	lentil
36	144	196	23.65167552	94.50528753	6.496934492	115.3611268	apple
6	25	31	32.90826725	50.90406977	4.99537555	94.26814147	mango
40	11	44	24.45840036	86.10874614	6.322396027	111.3779693	pomegranate
27	55	24	25.87036197	63.60562729	7.018349638	38.25113608	lentil
14	37	25	27.00315545	52.44437378	6.587448902	91.26728495	mango
13	25	29	33.34781141	51.88391585	5.699244386	89.29147581	mango
80	51	20	20.43977234	71.52458669	5.908736269	80.7444809	maize
111	15	34	27.92374437	53.34450974	6.131490212	168.3185865	coffee
51	71	81	20.98047636	16.25465235	7.122569478	79.29465245	chickpea
83	15	49	28.92705913	91.39356832	6.438008153	23.20076686	muskmelon
31	24	32	28.68081936	49.43407694	5.799345539	99.10106277	mango
0	60	22	30.20658819	59.16023694	8.739170583	58.90095114	mothbeans
9	25	37	23.58661982	85.49308326	6.179103768	111.8731302	pomegranate
17	29	30	35.22589021	45.27228495	5.466601149	93.52207972	mango
85	21	52	29.62800691	90.10051615	6.075144116	23.69586761	muskmelon
99	60	37	20.73667676	81.15800713	5.743284579	206.8435505	rice
0	65	18	22.23641127	61.78538089	7.096893106	38.40526819	lentil
109	21	55	29.05301418	92.45533008	6.194158245	25.34610189	muskmelon
103	23	51	28.11348652	91.81408344	6.605571148	23.74123036	muskmelon
93	17	45	24.54579539	80.02621335	6.956122344	53.40406555	watermelon
54	69	82	19.44396699	17.70374559	6.385860973	81.26981903	chickpea
105	18	35	23.52648086	68.44030686	6.743417121	171.8839938	coffee
6	40	31	32.00171693	50.25516909	5.832817651	94.31849126	mango
26	22	27	31.36689637	50.89162145	5.857348079	95.1298049	mango
102	73	54	26.4020227	84.41007614	5.720726906	111.0162259	banana
34	65	23	29.5933389	66.65576923	6.566366249	65.30489563	blackgram
12	73	23	20.53535998	18.09224048	5.99812453	106.9462947	kidneybeans
83	50	44	26.42167927	83.77253427	6.002524871	173.4858273	jute
0	15	8	34.90665289	94.33765044	7.119965855	119.6946577	orange
85	50	19	20.84653975	74.82913698	6.063573223	94.10697619	maize
17	134	201	18.10901305	82.68772285	5.510924849	73.4126534	grapes
46	75	85	19.13443992	15.87786617	6.229210646	77.94113364	chickpea
10	12	13	21.46964835	92.02766578	7.152313019	110.9149129	orange
2	123	205	22.36629253	90.78572467	5.739652177	124.9831618	apple
21	40	21	25.33658859	45.7382589	7.497815833	30.92014047	mothbeans
110	5	49	25.39219743	82.17253418	6.05642834	56.09002093	watermelon
4	60	25	22.46532952	19.9453042	5.715526141	93.88180393	kidneybeans
53	71	22	31.55994983	67.70472699	6.972494999	71.15567222	blackgram
20	60	25	27.3254209	69.09047809	6.726469088	61.19250859	blackgram
33	21	35	27.60450722	54.9640534	5.656980245	90.25556937	mango
40	76	19	33.59204676	61.62608913	7.210141911	67.09026514	blackgram
17	22	31	34.01814374	53.11711748	5.321827129	91.83888061	mango
8	33	29	29.98080499	49.48613279	6.442393461	91.82271568	mango
0	23	28	31.89250477	46.65441366	6.083550998	98.00223432	mango
116	84	49	27.4196762	84.96663704	5.974774186	103.8321905	banana
140	45	23	22.98247628	83.67309367	6.530114611	91.62629957	cotton
12	129	205	22.36238282	91.15761594	6.119432215	118.6832725	apple
9	59	19	28.55787845	86.90814697	7.000544818	59.87232071	mungbean
22	73	85	18.21337977	16.75788174	7.180348197	74.37764743	chickpea
100	82	49	28.53401838	80.36878724	5.696502892	92.14165331	banana
40	136	202	22.85267372	94.5764581	5.935336308	117.5314026	apple
91	15	52	25.92969134	89.87473715	6.563808605	41.73289953	watermelon
30	58	22	29.06610694	64.49227842	6.119329742	50.87947984	lentil
60	60	75	19.63073882	16.74967427	6.47984395	80.23698823	chickpea
108	86	53	25.01018457	81.53263656	6.112990378	119.84797	banana
8	23	32	29.55506488	50.15604329	6.903771254	91.24279149	mango
24	130	203	22.85253749	81.94017027	6.402181792	67.01723349	grapes
85	46	39	25.69533351	87.74554501	6.95960892	162.3220314	jute
14	78	20	24.40516415	50.47493551	4.548507433	174.943279	pigeonpeas
45	64	19	32.61856674	62.36786617	6.793490637	70.01879409	blackgram
38	19	42	22.49697109	89.9543417	6.294749564	107.4060189	pomegranate
52	69	85	20.58540318	16.64011765	7.792907079	94.54440293	chickpea
10	15	28	28.17069854	54.21448497	5.385892105	99.92648011	mango
103	18	55	24.39864546	80.02621335	6.956508826	54.71913128	watermelon
12	73	17	26.46123102	65.54291413	7.038012962	50.11806643	lentil
39	60	45	34.98314482	94.00394985	6.746781603	97.03453014	papaya
103	35	25	23.54951935	81.24316024	7.476698849	85.30935618	cotton
80	42	44	26.4645627	84.78894272	6.667956118	171.5101333	jute
77	50	41	25.89227744	80.86247536	6.494340166	193.0631743	rice
13	129	201	22.11372689	92.26850561	6.030414552	122.5439024	apple
83	22	54	25.89762315	81.96664832	6.277245254	54.49960057	watermelon
82	20	51	25.07961971	87.74897847	6.856482803	42.96472692	watermelon
37	79	19	27.54384835	69.3478631	7.143942758	69.40878198	blackgram
100	48	18	23.27388553	80.96950084	6.73181196	71.02777759	cotton
108	30	28	26.71279393	56.77113777	6.870701672	143.0446857	coffee
60	68	53	23.0124018	93.1570063	6.922619948	248.8592986	papaya
42	68	16	34.9466155	64.13886861	7.020394496	66.35915266	blackgram
28	30	29	26.54094915	93.93212668	6.405206679	137.9341618	coconut
52	51	53	38.38231475	93.10378595	6.985804083	210.2735346	papaya
91	35	39	23.79391957	80.41817957	6.970859754	206.2611855	rice
69	67	52	27.71948962	94.43877142	6.827305908	82.83061083	papaya
8	28	30	25.51618488	94.33465411	6.015672239	135.1272491	coconut
34	41	19	28.26500695	55.92283903	6.700160529	55.6708682	mothbeans
24	27	9	18.86883219	93.24688124	6.157135092	119.3936976	orange
23	16	34	27.36904548	91.05627641	5.503614802	146.4804844	coconut
83	59	36	24.35324019	84.69817383	7.868474653	208.2049293	rice
47	62	80	20.14458935	14.55521029	7.815174038	81.35833935	chickpea
30	63	18	18.31910448	48.99144314	5.828568988	158.7629296	pigeonpeas
84	57	25	22.53510514	67.99257471	6.489040367	64.40866039	maize
19	15	41	21.29342548	91.59321642	6.005143727	106.3973089	pomegranate
76	50	18	18.88549397	67.03693819	5.974926546	106.0784168	maize
12	71	24	22.93293357	18.20903868	5.76247141	95.40607672	kidneybeans
30	16	15	19.76265596	92.47738747	6.203951949	110.993804	orange
23	13	29	27.7182589	96.30158047	6.216675552	134.2491925	coconut
19	15	6	23.46716246	92.16665385	7.082423532	117.3916846	orange
108	94	47	27.35911627	84.54625006	6.387431383	90.81250457	banana
101	24	31	24.22070023	62.25595233	6.628627058	155.961356	coffee
9	50	22	29.9145443	87.23483629	6.95266932	42.21628593	mungbean
24	37	21	30.573999	58.22686794	5.818219385	62.74803826	mothbeans
107	17	48	26.59596231	81.02683776	6.463753634	42.90343275	watermelon
63	41	45	25.29781791	86.8870535	7.121933579	196.6249511	jute
12	131	205	31.68858196	83.0208561	6.499604931	65.01095312	grapes
71	35	24	22.27373646	59.52193158	5.826426917	67.96704792	maize
24	135	203	30.43478871	82.66658254	5.787205596	65.01095312	grapes
88	5	54	26.0946609	81.43798695	6.675660988	44.43470195	watermelon
24	24	32	26.88263506	95.81226859	6.470465614	180.9266468	coconut
117	56	15	25.99237426	77.0543546	7.368258226	89.1188212	cotton
25	59	76	17.31760378	18.52115892	8.868741443	73.90213477	chickpea
25	62	21	26.73433965	68.13999721	7.040056094	67.15096376	blackgram
16	138	202	22.47380644	92.48902997	6.032441138	115.8725803	apple
6	54	23	28.23502708	48.33064181	4.132155518	74.44330654	mothbeans
19	70	15	32.80229873	39.76603666	5.272883858	121.8427696	pigeonpeas
40	60	23	18.95299528	23.27941929	5.84272509	110.6910869	kidneybeans
53	56	47	32.51253561	91.53023621	6.885533782	119.8553757	papaya
37	80	78	18.75018062	17.08883976	7.007251532	93.08392986	chickpea
28	30	45	21.14062711	85.12912161	7.045048698	112.4750941	pomegranate
87	43	20	18.04185513	72.19915121	6.4166253	109.7515385	maize
33	145	195	22.57702311	92.8253506	5.995945529	119.1108605	apple
21	80	20	28.20667264	68.27085245	7.350869792	64.32887142	blackgram
37	124	195	18.70679077	83.4795292	6.209928251	66.5964488	grapes
15	137	201	23.85555962	92.26635224	6.036845639	108.7670182	apple
12	5	31	26.66343449	93.73642901	6.237015902	186.7770431	coconut
95	12	46	26.21667586	81.01009354	6.32281728	54.65423596	watermelon
66	45	19	25.70088839	62.62606526	5.880965087	61.21441119	maize
32	19	30	25.00872392	90.01734526	6.421188194	149.8500889	coconut
24	135	200	21.46634903	90.02575116	5.627095239	111.7104231	apple
29	122	196	41.94865736	81.15595212	5.638328481	73.06862952	grapes
98	74	52	25.01018457	80.79494361	5.982317605	104.783685	banana
93	19	45	28.65585722	91.64796803	6.781050373	27.51205744	muskmelon
58	66	53	43.67549305	90.03863107	6.778196188	96.4980854	papaya
118	39	16	25.43418925	79.67132899	6.098254551	87.55694059	cotton
48	66	20	31.04050771	65.55286666	7.562453953	62.96944853	blackgram
60	55	40	24.9949957	88.95692783	7.02777956	151.4935635	jute
73	44	41	23.09433785	72.23847378	6.023784138	199.8362913	jute
111	13	48	28.41213712	91.02452079	6.340890665	22.93963322	muskmelon
29	64	18	28.6764834	63.80444133	7.841496029	44.7560611	lentil
18	27	43	22.2222625	89.75646476	5.981369518	107.8441138	pomegranate
30	19	43	19.56465569	92.59278894	6.109840203	104.2248672	pomegranate
97	29	27	27.74576987	54.36976075	7.205078785	139.8619431	coffee
20	69	18	29.78511965	63.32915523	6.929428133	66.69610817	blackgram
24	62	20	29.94413861	62.59686069	6.68977825	52.96160082	lentil
54	68	84	20.75585399	16.70523457	8.492606379	80.6611952	chickpea
7	133	202	22.58672845	90.91821827	5.900938453	115.7018504	apple
16	44	25	28.5855419	84.53551532	6.907193437	47.60572808	mungbean
54	64	15	33.40015995	65.00749262	7.135052453	68.57038509	blackgram
36	67	25	35.95176642	36.52780776	6.418062652	136.0456753	pigeonpeas
17	50	16	28.40133142	89.15803287	6.702953602	59.87232071	mungbean
95	21	47	26.41787023	88.15901664	6.876536535	42.98866017	watermelon
16	21	33	30.99202297	49.80322178	5.881840707	99.0026903	mango
31	60	25	18.31910448	41.27601479	6.790285624	198.8298806	pigeonpeas
21	50	19	29.68785501	84.65681684	6.790463244	59.87232071	mungbean
73	56	38	24.95202381	85.6215636	6.143324243	197.0965097	jute
6	77	20	25.78746268	60.2816298	6.058306161	49.14337177	lentil
21	52	25	29.71800745	87.80393885	6.281747856	59.87232071	mungbean
105	22	46	28.27461735	91.03996432	6.072526768	26.15236874	muskmelon
18	60	15	28.22243108	85.5913249	6.812867723	40.09582816	mungbean
97	21	28	25.02480591	56.2880075	6.061085523	127.8964521	coffee
90	59	35	24.25133493	89.86454053	7.098227926	175.1742112	jute
77	58	42	26.00822298	76.8173772	6.479692289	166.2455242	jute
91	53	45	26.98582182	80.09562486	7.488014404	150.2355238	jute
98	18	51	25.62064098	84.4723033	6.541271617	46.00098753	watermelon
86	18	45	28.96586565	90.71832938	6.566759102	22.25838137	muskmelon
51	57	55	24.70528368	90.14732171	6.676407337	108.4103158	papaya
8	71	25	23.18768168	69.00508492	6.536517822	40.48471948	lentil
77	46	36	25.44028874	84.69270994	5.654952704	260.6310962	rice
25	18	35	27.28138217	93.79976403	6.159299034	162.4770537	coconut
45	66	85	18.65031679	19.96978871	7.67817439	66.84436605	chickpea
67	55	44	26.284017	75.14640198	7.251847296	182.2685447	jute
6	47	18	29.16174608	80.28038146	6.715276663	40.16545979	mungbean
23	39	25	25.23989404	64.95585424	6.756948768	72.99176306	mothbeans
30	73	19	32.72671816	65.75279215	7.418456087	69.11968353	blackgram
63	48	24	23.78006754	62.11549268	6.995843776	100.7251754	maize
32	76	83	17.43401121	14.85799907	7.365292971	80.30848377	chickpea
91	36	45	24.44345477	82.45432595	5.950647577	267.9761948	rice
39	73	79	18.34943893	17.28304806	8.761372949	79.76246727	chickpea
86	92	52	28.24802075	78.34833239	6.416586406	105.0561744	banana
104	12	50	26.41328231	89.98405233	6.262044901	53.83842864	watermelon
78	52	42	25.20364323	80.99529672	7.321513734	251.6061019	rice
124	46	21	24.26091089	77.86257359	5.801047545	81.83065327	cotton
76	49	42	24.958779	84.47963372	5.206373153	196.9560008	rice
73	57	41	21.44653958	84.94375962	5.824709117	272.2017204	rice
40	15	28	30.258296	49.73537047	4.932472115	94.49382463	mango
28	76	23	34.9466155	63.53302912	7.156475476	72.16481016	blackgram
105	25	53	25.29000062	88.0117113	6.711044197	54.33973598	watermelon
110	15	48	28.57819995	92.86597437	6.212567211	27.5987178	muskmelon
39	21	9	13.20844373	94.02769434	6.354022554	106.2696156	orange
119	5	55	29.68846716	94.30111601	6.168757984	26.83924845	muskmelon
51	58	53	31.67291319	93.81511793	6.917026982	139.0008725	papaya
74	52	36	24.372654	81.47360429	6.895022523	209.734224	rice
15	14	42	22.75204071	90.45293521	6.698585011	103.8655224	pomegranate
20	72	21	17.78773998	22.52774842	5.723982082	82.91262987	kidneybeans
19	43	20	28.68410664	89.99615558	6.89719709	47.61899223	mungbean
72	42	44	25.70670198	77.2105839	6.468654449	199.8362913	jute
69	59	53	41.27294746	91.57237749	6.715580929	135.1810367	papaya
16	44	24	27.82368694	55.68764602	7.19651118	39.0863682	mothbeans
1	76	19	24.18553163	46.68746847	6.669529416	177.3377996	pigeonpeas
83	38	40	24.67713068	89.89106506	6.887476726	180.9828228	jute
22	30	44	21.56805002	92.85592619	5.721421754	108.3500458	pomegranate
32	68	19	24.62835037	18.18325169	5.514234138	149.7441028	kidneybeans
110	39	25	22.60612115	77.34264002	7.208795456	75.13617229	cotton
26	61	20	32.35607512	69.96100028	6.87258063	63.55349938	blackgram
13	60	20	26.57580066	55.83724989	6.04627277	47.24945946	mothbeans
0	22	39	19.93531559	91.05471491	6.137268648	110.1869667	pomegranate
37	73	21	29.50304807	63.46513414	5.560224583	189.5208915	pigeonpeas
100	94	49	28.09917039	77.03507104	6.100415358	112.8206838	banana
40	63	79	19.66013287	15.18721901	6.305812578	87.54696519	chickpea
31	72	20	22.82641659	18.09224048	5.800051548	143.0302631	kidneybeans
98	12	53	25.32972924	81.98871869	6.410370449	52.56568586	watermelon
31	30	6	27.46352518	90.00621688	7.146085525	109.3291217	orange
15	45	23	24.20422636	61.43378674	7.224193642	46.0203959	mothbeans
107	71	55	29.42017919	83.96754496	6.088064451	117.229079	banana
72	50	40	25.3236333	80.29036982	7.868474653	250.1628633	rice
31	27	38	24.96273236	94.76301296	6.3376942	109.5894863	pomegranate
0	29	8	18.97863444	91.06558973	7.073542981	100.1737964	orange
28	23	35	18.07132963	90.91609315	6.138688532	111.3001625	pomegranate
15	61	22	25.6552277	41.33866341	6.539277033	115.2354769	pigeonpeas
19	121	198	8.825674745	82.41045636	5.828817197	74.91506217	grapes
29	72	20	22.06224248	23.70211304	5.651006587	85.22317793	kidneybeans
37	75	79	19.10027009	19.41081196	8.210317847	75.40199392	chickpea
2	75	22	23.89271875	61.78779413	6.658605362	52.55730112	lentil
40	137	197	21.94629898	91.84989884	6.014385815	100.1173443	apple
0	61	15	21.31132224	21.27489356	5.751929569	128.9620598	kidneybeans
26	63	19	19.84899313	18.09224048	5.847168641	133.5380161	kidneybeans
9	59	23	25.59774052	65.26795967	6.202823515	48.87818007	lentil
71	51	21	22.31697953	64.63552579	6.392972382	68.26827325	maize
76	43	39	24.34027299	76.13411164	6.367445779	150.2355238	jute
42	80	81	18.54838842	19.50908643	7.714755851	84.23027032	chickpea
54	63	78	17.02498456	14.46012388	6.61719189	71.1325287	chickpea
90	49	21	24.84016732	68.3584573	6.472523287	74.05474936	maize
96	81	45	29.59087176	76.44741406	6.490074429	107.206068	banana
104	51	17	22.88286583	78.74819319	6.010733618	89.59784849	cotton
114	30	46	28.47306763	93.95674709	6.236387267	25.4016069	muskmelon
19	36	18	28.1131394	60.89943142	8.626154662	44.47661067	mothbeans
42	60	47	33.46873719	92.12746225	6.834808348	136.8277041	papaya
33	56	18	29.75839079	45.3879486	9.93509073	73.76233143	mothbeans
98	7	45	27.79161808	92.51054946	6.157724816	26.85422624	muskmelon
82	29	35	26.67377159	52.24226285	6.246872394	156.1543898	coffee
23	65	20	23.0429097	22.42610972	5.833940084	108.3684316	kidneybeans
24	5	29	28.86992875	99.41550279	6.227794448	143.2119912	coconut
83	58	45	25.75528612	83.51827127	5.875345751	245.6626799	rice
90	55	22	18.78420293	67.47699934	6.995843776	71.88517559	maize
107	42	24	22.04612876	84.62978302	6.144631795	86.00758678	cotton
21	134	202	14.86531274	82.04466685	6.31895647	69.78324202	grapes
0	23	33	27.1805564	90.33319945	6.470465614	149.1122636	coconut
21	36	22	27.23941047	54.97294348	9.115427776	67.21819784	mothbeans
16	70	18	23.08140782	50.33235404	5.956664587	137.9331624	pigeonpeas
36	133	203	27.40591011	80.62179648	6.005041824	72.87962312	grapes
36	71	22	25.09737391	66.56850218	6.972067329	66.08625537	blackgram
40	18	26	26.17118976	93.52214851	5.670076577	131.0900076	coconut
84	39	35	23.17714381	52.13864034	6.959404135	117.3113562	coffee
44	68	53	32.53215674	91.96496454	6.7310664	40.35153141	papaya
48	56	49	42.23074254	91.16304955	6.936870656	239.9072041	papaya
85	18	50	26.45131492	86.70584975	6.576020184	53.82554618	watermelon
14	26	28	30.60074566	48.2101274	4.967640067	94.38783443	mango
6	11	9	18.14720251	91.19013165	6.010391864	110.7163116	orange
90	5	46	27.55206493	90.08573223	6.376659987	26.73386662	muskmelon
16	19	38	18.07132963	92.75467005	6.730694511	106.6356885	pomegranate
6	35	22	29.49627646	83.44918415	6.887959809	46.06419533	mungbean
12	5	15	32.38009376	91.06531596	6.520329482	101.2364941	orange
32	17	13	28.3513562	92.82324187	6.35779523	107.4206943	orange
101	75	50	26.59386409	81.40740301	6.242528278	109.9825551	banana
85	36	37	23.09433785	84.02158794	6.728507653	174.7683994	jute
36	66	48	27.82524627	90.17425286	6.57747318	117.3610177	papaya
35	12	30	27.84957606	90.01734526	6.019922986	207.631778	coconut
65	37	40	23.35905428	83.59512273	5.333322606	188.413665	rice
85	19	55	27.44384113	90.01506395	6.192785037	21.75670173	muskmelon
118	12	47	27.96872279	92.17444796	6.010739645	28.94766949	muskmelon
24	67	22	20.120043	22.89845607	5.618844277	104.6252153	kidneybeans
3	69	23	28.67408774	63.18832976	7.299360767	42.96018627	lentil
113	85	45	27.94972463	76.63713353	6.037430836	109.0921631	banana
10	66	19	35.32181369	59.69425725	5.766410424	167.3392156	pigeonpeas
92	15	27	26.44970311	63.3999876	7.389368099	144.2519039	coffee
20	67	79	19.84595462	14.25803981	7.813936987	84.25799112	chickpea
26	40	15	29.54277096	57.01688109	7.489447331	60.84208953	mothbeans
11	33	25	27.70119755	49.47388937	6.166873975	96.96814539	mango
54	75	23	29.30029364	67.97621562	6.994158843	73.73025564	blackgram
93	22	52	25.63295002	82.69556601	6.48144493	48.23832938	watermelon
116	7	50	29.17535125	93.20294751	6.344989417	28.97002719	muskmelon
108	93	47	27.37050829	78.24234729	5.767204007	105.2199691	banana
109	26	45	28.27973674	90.38971208	6.224535449	21.58992507	muskmelon
25	51	24	25.5042419	61.66852372	9.392694614	65.07981523	mothbeans
111	27	54	26.5336376	81.70869604	6.753004886	40.84006745	watermelon
18	35	21	28.42621771	85.48967941	6.963180561	43.16142189	mungbean
0	16	6	28.59665572	92.19452647	6.010391864	113.6885719	orange
36	19	32	27.10710832	50.70880979	4.94295037	92.37238878	mango
22	69	21	30.9673617	67.86986004	7.411424209	66.7684745	blackgram
120	48	19	22.00085141	78.36498331	7.141952315	95.50019198	cotton
22	55	20	33.95309131	69.96100028	7.423530351	61.16350463	blackgram
11	19	41	20.30277178	89.81965252	6.385565582	106.0987543	pomegranate
103	21	52	26.66902689	80.02621335	6.223488834	54.08286704	watermelon
11	66	18	20.91461	68.9894982	6.308786558	41.93366663	lentil
19	73	20	29.29858733	62.33749357	6.005985951	52.39070948	lentil
23	66	24	28.15485054	66.58775857	7.841496029	43.42545859	lentil
9	42	22	29.15857638	89.0664775	6.704943699	48.11463179	mungbean
76	52	45	25.34892888	84.00371859	6.594190032	199.28298	jute
52	60	80	18.48225566	17.65700571	6.747723292	68.96087829	chickpea
92	41	20	22.44098903	61.58466375	5.513697923	90.7199874	maize
100	79	53	27.35477797	76.25259651	5.719926685	114.0127409	banana
31	48	25	29.18224265	86.13995566	7.114980818	57.47799542	mungbean
44	48	49	25.76718806	94.77463433	6.501521192	242.8560096	papaya
28	11	33	28.2593525	91.39260265	5.80601924	204.0387443	coconut
71	54	16	22.61359953	63.69070564	5.749914421	87.75953857	maize
60	50	42	23.70615502	82.41786046	5.009244723	238.3960108	rice
101	20	48	29.11722712	90.2505319	6.232047173	21.99402578	muskmelon
40	11	34	26.49822244	96.92388533	5.745546107	203.475661	coconut
4	74	25	20.42606379	23.1880597	5.755988305	99.81263306	kidneybeans
34	52	48	38.69207742	91.1979986	6.726767769	111.5728526	papaya
21	29	26	32.84683292	50.22815977	5.893228341	94.27667304	mango
125	56	17	24.25041268	75.65132886	6.874301553	68.01348556	cotton
34	132	202	22.05234178	91.65020128	5.840679649	111.8900301	apple
9	55	20	18.15816309	65.33131816	6.903386262	51.29089596	lentil
37	135	204	16.06437269	81.75543602	5.752241191	71.0643923	grapes
8	54	20	28.3340432	80.77275974	7.034214276	38.7976407	mungbean
10	39	20	28.94738543	81.25412752	6.790454416	47.10305283	mungbean
105	48	24	24.03155116	77.99801273	5.801047545	67.93407343	cotton
18	133	200	30.32362305	82.56855454	5.595780185	73.46162861	grapes
8	42	18	30.61489619	41.67529725	9.93509073	45.88203289	mothbeans
107	44	22	22.20322678	84.01005307	7.122262423	66.94377397	cotton
42	60	50	35.11982804	94.94482086	6.828470092	196.1476285	papaya
18	24	33	35.99009679	47.94004054	5.464824106	91.65566054	mango
109	91	53	29.66727337	83.51014178	6.010095853	110.2511102	banana
9	141	201	23.57564762	92.53346808	6.242034965	106.1608196	apple
30	127	204	22.50050273	92.45878335	6.126436584	100.9343903	apple
22	44	22	28.7169652	83.6492182	6.503471765	47.95850853	mungbean
90	23	54	28.55852465	90.45773041	6.159020864	27.26588346	muskmelon
8	42	19	27.82932753	81.71586039	6.887747671	57.77300489	mungbean
90	52	25	25.97482359	69.36385721	6.822586546	103.2234212	maize
119	45	22	22.78137823	75.12622363	6.407565092	82.14475631	cotton
60	75	21	27.80790483	67.73469209	6.607186977	65.38479233	blackgram
81	34	30	25.17787724	62.26244581	6.647765997	135.0119649	coffee
31	26	9	11.69894639	93.25638873	7.566165721	103.2005992	orange
108	23	51	26.84366082	83.85039964	6.106500787	40.228644	watermelon
19	55	19	28.67807448	86.67474249	6.485989689	51.51549279	mungbean
60	41	35	24.17063928	80.41432132	7.22013408	221.6907265	rice
97	12	47	25.28784623	89.63667876	6.765094964	58.28697664	watermelon
86	44	41	25.99434704	82.18287022	7.00237134	150.2355238	jute
19	35	24	27.11030369	83.64274107	6.883308033	49.11964582	mungbean
25	67	23	27.15078703	69.69141302	6.118998126	162.7384728	pigeonpeas
87	26	32	27.92374437	58.54025646	6.889398737	196.0460892	coffee
24	76	85	18.93410686	14.25803981	8.606422299	71.59789203	chickpea
22	30	12	15.78144173	92.51077745	6.354006744	119.035002	orange
30	137	197	30.26361637	83.97858405	5.824776559	70.59220764	grapes
28	13	35	29.10365369	97.96666556	5.962412449	187.0013448	coconut
9	11	8	24.85903405	94.39000473	6.559236744	111.7803734	orange
0	25	33	26.94084598	94.15105901	5.656922972	209.6855294	coconut
14	74	19	18.39759147	36.82639309	6.624966131	93.12330644	pigeonpeas
22	49	25	27.65068034	84.89272177	6.827916061	44.13391923	mungbean
90	50	44	26.91643698	73.48655995	6.253408852	171.4716375	jute
20	50	22	29.11417804	49.82351195	5.676526236	48.48522031	mothbeans
96	36	25	26.64896847	56.0876469	6.756466959	180.4214086	coffee
4	64	16	24.69464856	63.27325534	6.235251066	40.72927534	lentil
107	45	15	24.35978825	81.37510547	7.072413757	72.49201084	cotton
80	17	49	25.31738881	84.99980435	6.559722259	40.12650421	watermelon
0	19	35	19.09863282	85.12912161	6.948122503	110.7445434	pomegranate
40	71	23	26.28224283	66.31283322	6.692318225	42.10942422	lentil
32	22	41	23.87093472	86.75870728	7.020844596	108.1261919	pomegranate
0	133	201	23.44176357	90.02575116	5.712664821	122.9382449	apple
93	14	53	27.15081738	91.95472742	6.190367544	24.57591601	muskmelon
60	57	37	21.12507623	81.86166743	5.533911741	239.9087088	rice
19	11	36	21.88780491	87.24912225	6.777082454	111.178908	pomegranate
50	69	52	31.3895571	90.70189585	6.705232807	73.4819299	papaya
71	48	39	23.66878859	89.89106506	7.377238164	174.1249697	jute
123	39	24	25.00755095	78.17952126	7.453106264	86.06411872	cotton
83	26	30	24.64672026	68.35548467	7.351940556	158.1487189	coffee
21	7	31	27.10725965	91.68818717	5.508963013	170.5512127	coconut
86	51	41	23.14135438	83.17136383	6.461483179	153.0589979	jute
11	29	31	33.13690051	47.64841625	6.389581012	95.9069915	mango
0	141	199	22.0003909	94.92048112	5.678592214	112.722161	apple
118	18	48	29.16866961	94.59173524	6.110266003	27.10701827	muskmelon
88	50	40	25.63215038	79.95150917	7.051822472	182.2582277	jute
20	60	20	26.61410227	53.84228884	7.010517278	56.36828832	mothbeans
114	56	25	23.03557607	81.14061286	6.362999896	89.6855708	cotton
99	50	41	22.58724973	81.84102835	7.418379976	288.8999091	rice
60	40	21	20.51086341	71.61334297	6.254144152	79.54114461	maize
28	60	81	18.07996614	14.57974551	8.043708794	75.82155746	chickpea
76	43	41	22.4127088	81.28532748	5.43683305	232.2607979	rice
47	58	50	26.90715711	91.48726229	6.799949612	205.4284704	papaya
19	43	21	28.06130428	85.67714237	7.093982582	55.60649903	mungbean
38	19	31	34.73823882	49.08864345	5.855119268	90.65022183	mango
40	140	201	31.47220601	82.86097731	5.942185744	67.1609647	grapes
88	76	46	27.42208456	76.75974605	6.254637095	91.23995167	banana
86	55	41	24.00973777	81.90804523	6.002524871	180.7234692	jute
79	46	44	25.97460238	84.28991039	7.302918058	198.0470871	rice
99	52	38	23.30184584	80.12267476	7.320954399	243.4120455	rice
0	55	19	20.9786236	24.39570377	5.657615015	62.0117143	kidneybeans
120	19	49	25.79448878	84.26830701	6.762471629	56.45229202	watermelon
7	16	9	18.87957654	92.04304496	7.813916603	114.6659511	orange
37	40	33	27.00315545	52.53605707	6.41376654	92.11146508	mango
32	132	203	21.9439878	91.23762082	5.975057361	120.9196072	apple
15	5	31	25.35619611	91.93331481	6.113201886	171.0253127	coconut
44	80	18	30.41032984	64.57244187	7.005315295	66.83889001	blackgram
70	57	53	31.50582816	93.200406	6.670506537	57.29585688	papaya
90	92	53	27.371891	81.62601706	6.320269035	99.81530959	banana
81	51	37	24.36527108	74.92637714	6.690192283	171.8954934	jute
17	25	25	33.92844188	48.31151714	6.381833911	94.6436385	mango
50	65	53	23.0124018	92.6100182	6.630045979	68.81033088	papaya
88	58	38	22.14453192	82.14393192	6.352471847	182.5616319	rice
71	45	36	23.12045176	83.25969253	7.184233658	174.3787462	jute
9	79	15	36.97794384	30.40046769	5.377954936	198.8298806	pigeonpeas
0	123	205	22.02775403	92.96129462	5.790993052	121.1349176	apple
107	70	45	28.90862106	82.52546792	5.955007195	103.9065479	banana
29	139	205	23.64142354	93.74461474	6.155939453	116.6912176	apple
31	73	22	26.60658369	65.8918176	7.325845168	39.87206632	lentil
25	69	22	21.9253492	21.02005009	5.668574464	97.45992303	kidneybeans
17	76	21	23.24297261	31.08497566	5.959023751	133.8851526	pigeonpeas
126	38	18	22.94254914	84.0946769	6.855625642	94.60565331	cotton
10	48	20	29.58305305	55.07438457	5.431503948	55.12712109	mothbeans
24	14	33	29.38072512	93.27565685	6.366219551	218.5241851	coconut
107	14	50	29.78233965	91.27128405	6.405071861	28.57883342	muskmelon
40	63	17	28.39787982	42.0295314	6.677430043	146.306311	pigeonpeas
8	28	38	23.22594	94.42971362	6.8444019	105.6917856	pomegranate
46	55	51	41.40999931	94.94482086	6.559925304	140.0907076	papaya
82	25	51	24.31334971	87.47409052	6.074209622	48.11248366	watermelon
86	50	18	23.33357771	66.18201809	5.969087319	85.78956218	maize
91	35	38	24.8972823	80.52586088	6.13428721	183.6793207	rice
81	40	39	24.38302923	82.3168583	5.149528385	266.1616904	rice
61	38	20	18.47891261	62.69503871	5.970458434	65.43835393	maize
23	70	15	34.6008247	63.11296779	7.403623355	60.41790253	blackgram
40	51	49	30.36175126	94.94482086	6.747828501	227.2436726	papaya
131	55	22	23.64941427	84.40379484	7.994679507	86.45138515	cotton
34	15	27	28.41042451	54.53950317	5.440094612	97.78828862	mango
100	40	33	25.24836486	60.37733461	7.018966426	115.1564012	coffee
20	59	21	28.9713452	65.56191814	7.545042056	40.98406574	lentil
12	122	200	23.99686172	93.16766558	6.181220523	116.7273514	apple
87	15	51	25.38027752	89.23125254	6.762717195	45.53804895	watermelon
24	38	25	28.30462787	85.44606527	6.627752434	42.42729398	mungbean
11	45	19	28.70012137	44.359648	3.828031463	44.11622138	mothbeans
31	56	18	30.17662902	64.95585424	8.006795281	52.80015188	mothbeans
112	24	53	25.51337849	87.17899774	6.493472726	42.69773058	watermelon
22	14	6	28.7958047	91.7279317	6.586256877	109.3492289	orange
90	25	54	24.04355803	82.919189	6.4855838	54.39356857	watermelon
87	41	37	20.0454142	80.12267476	5.107559328	294.7092901	rice
88	78	45	29.10403455	79.19588629	6.324270089	92.07835761	banana
40	58	22	23.98745527	36.51721569	6.676176599	90.05422663	pigeonpeas
26	23	40	24.96273236	90.21364452	6.227364814	108.8032488	pomegranate
13	54	21	28.08868356	83.72895956	6.898404637	57.59292354	mungbean
9	135	204	9.397003581	80.92032895	6.183766555	67.72165875	grapes
83	59	38	26.95797171	83.35084314	6.657392729	197.8275695	jute
26	75	78	19.52355631	16.83780095	6.410730576	83.67413203	chickpea
87	85	52	28.46629816	83.56396266	6.208933632	104.5816458	banana
36	63	15	24.92360104	23.88973428	5.731986089	86.96937867	kidneybeans
11	77	19	25.45854002	67.02092872	6.461328488	39.04271031	lentil
64	47	37	23.76211365	76.45179126	6.532845776	193.5452993	jute
112	19	28	25.54099168	57.30152974	6.126362018	151.2662999	coffee
22	18	37	21.52137319	86.75617742	5.666268363	108.1150304	pomegranate
14	41	17	29.12939524	88.48312598	7.085982325	36.45012824	mungbean
20	17	10	24.06052308	92.63565422	6.93012453	109.6141875	orange
107	18	50	24.81870014	84.42763745	6.582894581	50.63924347	watermelon
81	42	17	18.84070765	68.24851606	6.154552056	92.0670286	maize
27	54	16	30.80560014	61.53480005	6.439393853	31.06823402	mothbeans
72	36	22	23.41189013	58.62177506	5.615497099	109.7515385	maize
134	43	21	23.34791515	79.03878616	6.989787221	66.93870562	cotton
35	65	49	30.67521502	92.91707976	6.769909155	147.0459686	papaya
36	36	16	24.01825377	55.66832137	9.399209045	44.15331667	mothbeans
34	47	19	29.24662318	86.1163146	6.275092662	46.81148662	mungbean
70	48	40	26.23549467	85.56161156	7.325232239	153.9224703	jute
31	144	200	22.89711166	90.81046877	5.933001727	112.7316217	apple
13	51	22	28.50418965	85.2790594	6.745149492	36.12042927	mungbean
5	45	21	28.36291385	88.00989267	6.487124217	43.05130077	mungbean
59	64	47	34.9348708	91.83968622	6.759995849	171.5319299	papaya
103	5	48	28.52580215	92.35723769	6.236617932	24.57514971	muskmelon
8	68	17	20.4663262	24.60689789	5.711740712	96.26595419	kidneybeans
17	125	200	23.85122403	81.92110087	5.800173371	68.09767642	grapes
107	52	16	22.00085141	82.88645529	6.906685022	80.84683826	cotton
25	30	26	26.50042049	96.58971544	6.256640333	199.8941281	coconut
3	8	11	34.90665289	90.00621688	6.991762417	103.354081	orange
43	80	76	18.34991819	16.67533887	7.787430098	90.13992158	chickpea
123	44	21	25.78544484	75.00539324	7.641116569	91.39578861	cotton
27	22	29	28.83214859	92.17170353	6.000248647	145.4172387	coconut
27	68	18	32.53035377	62.35883481	7.775306272	67.02004161	blackgram
22	18	42	24.37842931	94.99897537	7.199504273	104.6329322	pomegranate
0	46	18	29.16700242	87.78120401	7.199495368	38.03555563	mungbean
21	27	29	27.86900898	50.0195072	5.184865832	94.94648033	mango
73	41	40	23.09433785	73.00026668	6.209052964	170.7875086	jute
60	79	85	19.59340827	16.50958266	7.284365417	76.77771186	chickpea
15	139	199	21.30443354	90.8644734	5.678671721	100.1173443	apple
83	13	47	28.89966306	92.22211757	6.499811118	20.21126747	muskmelon
86	28	31	25.43705569	55.67652428	6.694363178	115.1564012	coffee
30	18	30	25.0686821	93.40959868	5.950463829	145.3797176	coconut
27	13	31	26.38303558	96.0335052	5.74642324	155.4922868	coconut
120	18	53	25.69677381	86.64782488	6.22689241	53.19974565	watermelon
69	42	35	23.25579732	70.88259632	6.570703188	157.9706988	jute
23	127	197	22.13867496	90.97350041	6.00480919	111.8953541	apple
16	56	17	33.80020039	40.03262418	7.445444883	176.6165894	pigeonpeas
28	46	16	29.008124	84.96089355	6.664187809	45.91011391	mungbean
26	63	17	29.87854588	65.73085206	6.950300686	44.95654782	lentil
0	70	21	28.19665189	56.23380514	6.741435402	133.1381704	pigeonpeas
39	51	48	43.4267571	93.58083055	6.637605645	221.0852781	papaya
100	17	48	29.72791119	94.29753295	6.367800632	26.52364146	muskmelon
25	76	21	29.13440371	63.38247069	6.873110072	165.7563301	pigeonpeas
88	45	41	23.60946961	77.79263962	6.573900958	169.782915	jute
30	22	39	21.64746819	88.65368943	6.216250687	110.4446191	pomegranate
15	137	195	37.3045263	83.7137798	6.042169732	67.24677509	grapes
103	30	27	26.14245205	65.6253978	6.697702235	149.981092	coffee
38	74	21	25.04436938	41.54298211	6.516564855	94.73866792	pigeonpeas
27	29	25	35.71727434	46.58279417	5.570672407	97.21146868	mango
20	18	32	27.06548441	91.894648	6.117099392	140.0286044	coconut
110	14	51	27.02415146	91.66737633	6.085444691	21.26034986	muskmelon
112	14	47	27.10130068	90.01506395	6.013056942	23.95580774	muskmelon
53	72	18	29.02372898	63.61181828	6.837235133	69.4770769	blackgram
22	56	17	29.87888063	87.32761241	6.89077995	44.75215854	mungbean
34	133	202	15.31413469	80.09711412	5.804799142	74.82144653	grapes
22	25	31	27.32390769	53.9040248	6.206517105	92.95932953	mango
30	138	197	22.65553735	90.02575116	5.574424801	115.0395942	apple
89	82	50	27.94367762	78.90925753	6.484318397	102.6742954	banana
11	55	16	27.25884546	55.14149715	8.010923299	66.26075793	mothbeans
83	41	41	24.55830304	81.39491941	5.699861398	258.1256923	rice
27	50	22	28.14621167	81.87057949	7.068023196	47.85189028	mungbean
27	76	83	19.12829388	14.92241479	6.289614016	89.61857826	chickpea
63	53	35	25.34358742	87.13941677	6.121958294	171.7489737	jute
77	54	21	22.87789021	65.229899	6.401906344	109.7515385	maize
108	60	17	22.75805656	76.75768356	6.558902588	97.76600619	cotton
101	32	30	26.40980446	61.5760479	6.610330218	175.5525442	coffee
80	26	49	27.6306023	91.7227168	6.125278216	21.8302176	muskmelon
83	57	19	25.73044432	70.74739256	6.877869005	98.73771338	maize
41	71	21	25.09737391	66.57655065	6.782744557	70.7695098	blackgram
18	55	23	21.9989826	56.31006755	6.98571967	136.8274312	pigeonpeas
100	53	17	24.36159915	65.26424125	5.814016643	79.58778409	maize
27	142	196	23.04204484	92.30292679	5.762646296	111.4496778	apple
115	23	54	25.60347337	85.55652915	6.421010079	48.37883179	watermelon
60	66	18	25.09737391	68.15764261	7.214877694	63.37184391	blackgram
72	50	19	23.04818521	63.14918099	5.681007405	66.04772888	maize
37	77	17	36.20970524	31.94550613	5.617122801	191.0658531	pigeonpeas
107	26	32	25.71529284	63.33294366	6.219086312	153.0535749	coffee
30	26	34	27.17320027	91.84175722	5.893938073	192.7957332	coconut
55	63	85	20.06100687	14.32299532	7.661310662	83.42185624	chickpea
26	20	33	25.88053428	97.58762416	6.058620523	180.7389172	coconut
58	67	45	38.72382798	91.72514851	6.702424548	62.62377075	papaya
76	47	39	25.78000243	82.36049145	6.878409343	162.6821511	jute
80	89	47	28.00320206	81.5125216	5.77869073	103.5794771	banana
17	129	195	31.44338954	82.5736149	5.976063154	73.32104701	grapes
50	55	49	29.13620065	93.71636966	6.62222923	118.8491342	papaya
72	52	16	21.28975351	64.43280209	6.260277212	78.43445287	maize
140	43	22	25.99237426	80.61537372	7.275268029	71.16814667	cotton
24	125	196	17.14210266	81.1256727	5.918948243	70.71974769	grapes
103	12	50	29.19203599	91.29141442	6.59781916	28.96092115	muskmelon
26	50	19	27.3179125	51.66921088	6.005242945	32.55919573	mothbeans
22	60	18	19.59221047	61.28633405	6.74398035	41.7704893	lentil
93	43	38	23.61475336	86.14290267	6.987332927	150.2355238	jute
5	21	38	22.43377991	90.3396556	6.107054808	112.459697	pomegranate
24	145	197	23.90762823	93.50622635	5.855564367	109.39845	apple
106	10	49	27.72653142	92.00687531	6.350623739	20.21126747	muskmelon
33	120	205	35.12158265	82.26890793	5.550832178	69.71518491	grapes
88	41	38	25.10537106	83.94868301	6.883180856	170.3020515	jute
74	56	22	18.28362235	66.65952796	6.829199275	80.97573281	maize
71	60	39	25.1452601	81.4814612	6.759108581	179.3823006	jute
40	68	19	18.31910448	46.7699463	6.833599213	90.05422663	pigeonpeas
6	60	20	27.01470397	85.30030341	6.824882235	54.06337364	mungbean
103	22	31	27.50875801	50.69509573	6.290482428	195.2067813	coffee
44	47	51	27.23371222	93.18542794	6.847634239	152.7126295	papaya
41	62	20	28.05771223	64.24522237	6.824220161	63.72860961	blackgram
76	48	40	25.46983065	82.99134954	5.774585511	281.7260275	rice
77	49	40	25.67050401	85.48089354	6.695388319	178.4626485	jute
128	50	18	22.3132965	75.926229	7.030508433	62.19435608	cotton
13	16	34	26.99069023	92.58228157	5.749858765	192.7708678	coconut
96	41	40	23.58419277	72.00460848	6.090060478	190.4242157	jute
33	35	24	27.17994382	83.75102909	6.266434708	53.76580572	mungbean
23	15	30	26.76709018	92.7542479	6.351941363	149.6861629	coconut
93	94	53	25.86632408	84.42379269	6.079178788	114.5357503	banana
14	64	25	15.33042636	20.52623541	5.738758027	137.8022808	kidneybeans
8	16	42	21.03146031	91.15495468	7.199504273	105.7518613	pomegranate
100	11	45	25.53425144	89.98405233	6.561784409	50.11352127	watermelon
108	45	22	25.79003426	81.19540462	6.60712799	80.91644643	cotton
44	75	84	18.03151474	15.29969299	7.350385477	80.89204775	chickpea
82	46	17	18.04185513	56.61017342	6.631858281	65.15986985	maize
25	69	19	19.44873972	22.2003625	5.502999119	94.4064127	kidneybeans
77	43	35	24.31265355	74.20391876	7.26773262	171.2780797	jute
103	27	31	27.15998538	51.59100753	6.691541233	126.1752206	coffee
34	73	22	26.90923396	66.46292932	7.243355139	64.72456346	blackgram
9	134	200	23.4436603	91.02825812	5.928694984	114.3792304	apple
69	54	39	23.65328874	78.93436524	6.551262272	179.67679	jute
10	40	21	27.8975842	87.95959212	6.731276111	38.98855419	mungbean
89	40	43	26.24532085	72.97198375	7.124050134	189.9711184	jute
104	95	51	25.54005756	80.8050734	5.767007367	112.7665617	banana
78	58	15	25.00933355	67.816568	6.528631266	62.91359494	maize
43	68	81	17.47809436	17.93253975	6.761599706	78.92060234	chickpea
119	21	49	28.69533643	93.12335006	6.369314246	20.21126747	muskmelon
20	133	203	13.54913426	80.74628611	6.185724984	65.01095312	grapes
108	53	18	22.95260981	79.4602194	6.946303878	83.84587304	cotton
18	135	200	22.07410895	82.06167034	6.049037235	74.03229099	grapes
22	66	18	27.53634289	32.22984055	5.74111205	170.7906217	pigeonpeas
77	53	15	18.04185513	59.85018114	6.794003526	76.31778135	maize
29	45	15	27.27285739	85.1698839	6.496674828	51.46869313	mungbean
24	36	15	28.95759682	86.80188099	6.896527506	51.46439544	mungbean
31	49	47	28.44945847	91.13733559	6.805537026	119.1455309	papaya
28	74	81	18.01272266	18.30968112	8.753795334	81.98568791	chickpea
20	5	40	20.7532891	91.54270238	6.607026572	106.5328414	pomegranate
100	49	17	22.47262538	59.94525655	5.812523253	80.14717779	maize
32	14	35	25.00872392	97.14903687	6.403004642	165.0764622	coconut
40	54	17	27.52960941	64.36029045	6.868202651	70.35672767	mothbeans
10	25	33	30.62419219	46.96788621	6.339070255	99.31525985	mango
116	86	49	27.95007177	82.04590263	6.434433582	102.1738395	banana
54	62	80	17.48911699	16.39055394	7.489545074	79.45758333	chickpea
83	35	17	26.54986394	64.85681212	6.569223894	100.3459185	maize
33	19	38	22.60637304	90.13111514	7.199504273	102.5184759	pomegranate
10	16	39	19.92010565	88.42558163	6.835599542	109.004069	pomegranate
70	36	22	25.39578846	74.82913698	6.585545621	89.79185017	maize
16	80	22	18.06486101	60.09116626	7.744243708	42.10247386	lentil
11	7	43	24.96273236	92.1943539	6.701352156	109.6151938	pomegranate
18	48	20	28.03155267	83.26077685	6.649625106	46.77307941	mungbean
61	51	51	39.30050027	94.16193416	6.574677594	120.9512466	papaya
36	56	21	28.86156772	66.52180179	7.000221629	63.71044291	blackgram
6	62	22	20.53052663	18.09224048	5.824090984	120.4509288	kidneybeans
9	9	42	24.93503311	91.28076172	6.883079515	108.0982291	pomegranate
20	54	22	31.99928579	62.22692877	9.453714574	50.80510675	mothbeans
72	36	18	21.99771187	70.51346262	5.971437821	96.43061866	maize
51	66	17	30.88142613	68.42791223	7.154372594	65.97933854	blackgram
64	43	35	24.87561004	80.12570079	7.160220546	166.30303	jute
9	141	202	23.48124401	94.07132015	5.883984809	115.0476325	apple
117	84	51	27.11260193	80.01691077	6.165036097	104.9079569	banana
29	62	25	36.97794384	59.87117544	7.445444883	171.7014959	pigeonpeas
30	80	19	24.09757451	60.09116626	6.644454067	50.91922558	lentil
52	52	45	37.82931451	90.22484886	6.776216553	156.5566981	papaya
9	74	18	19.53891568	23.7657288	5.610115753	128.9019836	kidneybeans
13	132	203	23.60115364	82.48336987	6.423216506	73.23901752	grapes
9	16	36	21.86733094	88.62258735	6.596416748	107.7789555	pomegranate
36	144	203	22.92634535	91.62680672	6.406266527	118.8540771	apple
87	23	28	26.22367404	62.26594559	6.979590627	193.7461968	coffee
114	56	23	22.92390655	82.10323329	6.813037792	80.46024005	cotton
0	14	30	29.8690834	91.61724841	5.750807741	225.6323656	coconut
42	64	20	31.03600158	67.67276691	6.995829752	70.12058586	blackgram
85	33	25	26.20811417	52.50987966	6.910823945	189.0944824	coffee
31	127	202	22.56225968	80.12798425	5.735170592	65.69336648	grapes
27	28	28	28.61785215	49.84933127	6.884373877	92.6298297	mango
14	134	200	9.216619954	81.34485382	6.09311535	65.01095312	grapes
9	26	15	32.78948706	92.50594149	7.179077235	116.6008421	orange
27	64	77	18.20095731	16.17524944	7.907544209	85.8144638	chickpea
21	30	26	30.54248806	48.0285645	5.765278317	96.78095839	mango
109	79	45	27.66752761	79.68542782	6.490074429	108.66464	banana
30	130	195	39.0573145	83.32611523	6.013449511	70.1317711	grapes
68	40	19	26.14384005	66.20569924	6.655426355	107.2361366	maize
110	75	53	28.35189718	84.1716475	6.084324938	105.74657	banana
25	71	22	18.15239956	22.14692798	5.854033219	143.616765	kidneybeans
139	35	15	25.248679	83.4630147	5.898293044	86.55517751	cotton
86	9	45	26.14756504	83.54642523	6.488101123	58.11510092	watermelon
11	72	20	19.52226241	24.92607153	5.951177452	113.334026	kidneybeans
100	40	35	25.04098192	81.02679851	7.026114494	173.7211087	jute
67	35	44	21.40868418	82.98633629	5.484050156	191.1501965	rice
24	31	30	28.37212598	49.62670372	5.835366345	99.46474694	mango
131	52	16	23.65724079	84.47601498	6.486068274	88.54479121	cotton
82	45	36	26.36849375	85.68146116	6.86008088	180.1697855	jute
24	50	21	27.49754212	89.58828656	6.395808033	41.4374371	mungbean
24	145	195	23.36624396	92.40035575	6.144556962	100.5054898	apple
0	22	40	21.87782581	87.90101833	6.480415595	107.1984086	pomegranate
11	15	10	31.36693952	90.00621688	7.229208442	106.3042741	orange
22	70	18	25.38417667	61.84497041	6.699171809	54.9393771	lentil
89	80	53	26.55591901	76.2344641	6.248499442	113.4911557	banana
22	36	16	30.58139475	50.77148138	8.18422855	64.58559639	mothbeans
9	143	197	23.75033085	92.88160462	5.570020684	117.6602827	apple
96	77	48	27.29334334	77.73005812	5.743050337	90.10978128	banana
27	63	15	32.54126799	69.96100028	6.955253627	65.22214697	blackgram
95	37	35	27.31317116	68.4233391	6.348337519	192.4288139	coffee
33	6	38	24.96273236	91.58586093	5.867462006	107.5351776	pomegranate
60	48	36	23.74037546	82.51483294	5.005306977	227.2784748	rice
0	15	35	33.39575758	52.88866348	6.935472229	92.47171547	mango
91	18	47	25.16698501	81.5079476	6.445733876	56.97216258	watermelon
11	10	7	17.89096036	90.47478676	6.954331366	113.1936443	orange
70	46	20	18.04185513	72.15952317	6.034540336	86.30486012	maize
36	79	82	18.54832955	17.97159247	7.878616025	76.21718248	chickpea
92	27	29	25.72015228	50.40377804	6.595441482	160.6566475	coffee
85	42	38	26.92995077	82.67274243	5.005306977	283.4262029	rice
3	28	33	30.33723921	48.88704844	5.755049971	94.42850522	mango
7	51	22	27.31980098	84.24373879	6.275882377	48.44060903	mungbean
39	65	21	30.86631594	56.78443685	5.521307313	171.8191742	pigeonpeas
16	73	21	31.01461065	48.07584425	6.79213376	158.9782658	pigeonpeas
15	67	18	19.99624894	20.08827874	5.990530242	136.3451904	kidneybeans
7	28	35	27.64740792	91.43672853	6.019313244	194.9426303	coconut
93	88	45	29.2988439	84.97849241	6.431128555	102.9247071	banana
11	66	23	20.15870129	63.77794582	7.187538708	37.26556966	lentil
19	40	30	31.91438471	49.12517372	5.458439622	96.70281798	mango
26	57	20	22.55294182	18.80060717	5.763784606	103.8835987	kidneybeans
40	50	25	28.46091083	53.73346644	9.791509968	66.68468745	mothbeans
12	26	9	26.24143322	90.50250985	7.824806661	117.7733795	orange
20	65	19	19.21279078	23.22704634	5.758715367	125.8508368	kidneybeans
13	61	24	18.29783597	69.6897615	7.629910253	49.39111479	lentil
75	36	44	23.28081	74.27607475	6.613341343	153.7447398	jute
69	48	39	24.93708252	83.1819907	5.80350225	244.5717033	rice
33	32	30	31.84808107	49.43015143	6.019301496	94.32865712	mango
72	45	35	25.42977518	82.94682591	5.758506323	195.3574542	rice
95	16	55	25.26931156	87.55055105	6.612847999	40.12650421	watermelon
94	12	50	28.60050524	91.42976061	6.408735087	28.22347407	muskmelon
15	68	20	16.60240776	21.75675617	5.841169449	100.3131184	kidneybeans
21	70	19	30.78663894	66.84729543	7.180694792	61.31278814	blackgram
24	18	6	26.56608303	94.45239715	6.285312759	116.3796525	orange
79	46	21	21.40428345	66.89199444	6.420449049	99.66928679	maize
3	63	16	24.38041875	61.18458224	6.868881708	53.13946695	lentil
115	15	54	27.02415146	90.62828774	6.194232112	23.18852162	muskmelon
21	17	28	27.14675376	92.66770721	5.821020429	142.7959839	coconut
48	61	51	31.51422431	92.99591203	6.945818498	131.1394564	papaya
77	60	37	23.02806176	83.20273784	6.745529787	278.4582608	rice
9	80	17	21.7950523	66.5842556	6.974344996	39.62723119	lentil
14	144	200	21.63541864	92.24358964	5.92374164	108.5072952	apple
68	39	16	22.70126468	55.28220433	6.690468143	74.92795612	maize
101	92	48	25.85098641	76.57896538	6.133986495	104.2212056	banana
29	71	17	23.98941559	60.93918611	6.175001013	135.0416589	pigeonpeas
16	20	9	34.90665289	90.49699506	7.450800746	115.6798617	orange
15	9	11	11.54785707	94.14861001	7.907956251	108.8289171	orange
54	60	18	25.09737391	63.87625961	6.500144962	68.03163161	blackgram
17	68	18	35.40181954	55.71958595	6.794441725	112.2659685	pigeonpeas
79	43	39	21.66628296	80.70960551	7.062779015	210.8142087	rice
85	16	52	25.22779851	84.07280194	6.529830949	49.65781674	watermelon
110	16	50	26.89154296	87.57387775	6.468745791	59.75980023	watermelon
94	12	50	29.56074498	90.01506395	6.018546439	25.35858861	muskmelon
82	44	40	26.79672117	70.88259632	6.623545743	153.8026111	jute
35	55	17	23.57425587	62.77647898	7.46452723	49.63444142	lentil
7	57	16	28.93439026	51.1933599	9.93509073	54.34749744	mothbeans
17	138	197	22.99901019	90.02575116	5.964915372	113.5026811	apple
117	12	46	28.77158787	93.91795109	6.291903449	21.6627944	muskmelon
92	50	22	20.28409257	62.59452092	5.876775845	92.62610588	maize
31	71	19	25.48360805	60.09116626	6.854203066	54.9393771	lentil
27	80	24	31.77234869	38.5332559	7.08817993	144.7027783	pigeonpeas
53	74	15	29.43463808	64.94329356	7.517097	72.17818157	blackgram
88	86	52	26.74445678	82.86177208	5.827039356	95.87228638	banana
65	39	44	22.69064595	82.26272713	5.815096003	236.3636442	rice
60	60	39	23.6620811	81.62489087	7.349977412	264.8277149	rice
20	19	35	23.30667132	90.11698729	7.122855037	105.7477442	pomegranate
5	61	24	23.70390426	20.73184801	5.740484309	124.4106212	kidneybeans
92	80	51	25.01018457	81.89841664	5.990539698	101.8996336	banana
82	60	19	20.70838553	61.70854357	5.965808474	98.5526586	maize
20	70	21	35.07943411	46.03912547	5.597378485	126.3724611	pigeonpeas
95	27	32	25.32493764	54.94556778	6.716828765	145.98514	coffee
52	63	53	39.39028281	93.2420823	6.766356314	198.0437232	papaya
112	72	45	26.93856774	83.04352309	6.426250819	119.84797	banana
15	121	196	21.85344489	94.09650362	5.884365204	107.969557	apple
40	42	20	29.28962445	85.19344234	7.015662138	50.92369172	mungbean
0	145	195	24.6744381	80.01639435	5.974365882	65.01095312	grapes
30	53	18	26.19874881	45.53247887	4.430238279	56.75802907	mothbeans
90	34	26	24.30226556	57.09491899	7.02531315	142.3271505	coffee
34	59	18	32.99962408	63.67670478	7.319080012	67.57961253	blackgram
43	62	19	25.21476813	66.72678972	6.965269378	65.72311045	blackgram
22	131	199	22.36980905	91.23684189	6.11721782	107.3758433	apple
8	72	25	21.13498473	21.39057804	5.979009946	132.6841507	kidneybeans
106	59	23	23.72503877	78.12078688	7.408526606	85.89240088	cotton
87	82	51	26.22313049	80.6491818	5.898394657	111.6032043	banana
29	55	18	19.61868913	22.60011647	5.502999119	114.5631608	kidneybeans
31	124	205	31.82075482	83.98351748	5.76888757	72.9109567	grapes
9	29	34	29.38471637	45.88744691	5.72742254	100.8124659	mango
39	11	10	16.03719186	91.50706162	7.153561499	115.9809237	orange
75	50	38	23.88720534	80.12267476	6.722999871	212.1162446	rice
92	40	30	23.35723208	55.18792166	6.026287448	171.6976946	coffee
88	47	17	18.33329207	57.90525153	6.274611675	81.40608489	maize
32	35	21	27.44304279	55.38010177	9.93509073	58.95727275	mothbeans
105	14	48	29.94349168	93.23657911	6.339627296	26.62109084	muskmelon
77	56	20	23.30727899	69.44528519	5.94230279	93.93930876	maize
119	14	49	25.29787753	87.87285829	6.559778212	40.12650421	watermelon
2	22	34	28.12865689	99.07806764	5.795429365	159.1490144	coconut
15	123	204	22.52709326	92.54780429	6.365972688	115.3830068	apple
86	37	16	20.51716779	59.21235483	5.561510732	67.61013737	maize
14	57	15	29.8757015	83.14796296	6.623438282	40.12044158	mungbean
24	40	21	28.35533125	53.11851438	7.509245117	54.86048398	mothbeans
71	54	35	26.63952463	70.95705996	7.311077075	199.3355744	jute
47	68	79	17.02498456	16.18890964	6.858493526	84.55871972	chickpea
84	39	41	23.1390035	81.43977683	5.628658649	201.6043621	rice
23	139	199	29.20444142	81.69859948	5.976336589	68.89326122	grapes
5	32	33	32.32362177	52.5896771	5.842763773	93.36718816	mango
100	16	50	28.37483056	91.18405928	6.432644077	28.36599677	muskmelon
90	38	41	25.82269735	85.66453613	6.508275941	161.1239976	jute
17	12	29	28.47417549	92.17157252	5.976958323	186.3219905	coconut
70	67	46	23.3951888	90.47274935	6.802261043	86.55136454	papaya
14	27	32	25.00872392	96.16228498	5.60698699	167.2738143	coconut
38	14	30	26.92449525	91.20106019	5.570745386	194.9022136	coconut
91	82	55	27.02800539	81.56643462	5.821733571	105.1258438	banana
23	69	25	33.3689623	67.58144207	7.393702717	68.11628279	blackgram
37	67	16	19.93289676	20.90131648	5.629681903	70.98888335	kidneybeans
112	35	19	23.68684164	82.00533504	6.701302624	88.35296769	cotton
100	36	19	23.82712716	75.54073634	7.055101418	87.36939184	cotton
14	125	202	21.0365275	93.2367224	5.949815972	107.8271408	apple
18	78	19	22.86345526	64.9705078	6.68411205	54.48913973	lentil
31	19	43	24.96273236	91.41991874	6.3512625	109.9192616	pomegranate
60	76	20	27.8841431	65.63773991	6.992584267	73.526325	blackgram
117	60	24	22.21097213	84.03794163	7.05082331	78.12361904	cotton
14	67	25	25.28710601	60.85993533	7.241151936	49.37369982	lentil
83	35	36	22.2372235	81.44574211	7.868474653	272.0521539	rice
37	135	204	23.71597742	90.69492956	6.006253556	110.9707306	apple
28	21	9	30.84528514	90.00621688	6.390512298	113.09144	orange
11	79	20	25.55059625	61.99360776	6.300643693	45.86188828	lentil
0	42	20	28.36133804	85.74415815	7.010533379	44.82037951	mungbean
60	59	21	32.7362953	67.22477277	6.500144962	70.08705131	blackgram
23	59	17	25.84455079	60.39905214	7.708912155	39.25111735	lentil
3	78	18	20.21368219	68.65257685	6.887130053	50.89732989	lentil
99	41	36	24.45802087	82.74835604	6.738652179	182.5616319	rice
18	43	22	26.71470363	58.4954241	8.041808552	53.20254598	mothbeans
8	73	22	18.03410841	22.24307829	5.578455511	143.2476308	kidneybeans
31	68	20	29.03111609	55.77523009	5.841331646	108.9894397	pigeonpeas
21	24	30	29.66202806	48.33897216	5.567077602	96.09088764	mango
76	54	45	24.29496635	77.62976013	6.176618831	184.9800516	jute
59	59	51	30.29717037	92.43193286	6.565464465	131.7608471	papaya
23	62	19	16.51783455	20.4555596	5.609435128	98.77794225	kidneybeans
24	55	15	29.9145443	85.65221163	6.900027011	59.87232071	mungbean
35	31	28	33.62158578	51.72863456	6.45289605	97.88068228	mango
16	45	17	27.46469132	64.95585424	9.00709078	48.14300716	mothbeans
31	30	29	26.58580443	90.98617591	5.558807063	178.8116076	coconut
93	16	52	29.94349168	92.15924604	6.207720404	23.87030028	muskmelon
95	79	49	27.79349903	81.52978007	6.10711498	95.72371164	banana
8	21	37	22.75981284	86.91216647	6.326824128	112.4750941	pomegranate
29	20	28	28.9830555	96.02222432	5.883828012	141.3391094	coconut
84	26	53	28.64774678	91.24271161	6.401423675	24.5280394	muskmelon
46	73	21	31.37029931	69.91782299	6.829031037	62.74208351	blackgram
108	50	21	22.16515487	81.34357106	7.053801772	61.03461797	cotton
24	69	25	25.36647405	64.46289329	6.388973402	198.8298806	pigeonpeas
5	68	20	18.72987676	61.33186249	5.001038726	139.8710041	pigeonpeas
77	45	39	24.61153196	78.71712899	7.263093043	180.0933929	jute
58	59	79	20.25469046	14.25803981	7.026950517	75.30388074	chickpea
37	72	23	27.23480172	64.51629771	6.855812347	66.01762589	blackgram
110	86	50	29.90888522	76.41843633	5.958090028	90.19265431	banana
37	131	203	8.825674745	82.29841084	5.625665799	74.91506217	grapes
31	72	20	30.43308695	61.99045032	7.775306272	66.44061678	blackgram
112	48	22	22.00085141	82.47227423	6.364759484	82.77855684	cotton
12	71	19	24.91079638	60.71367427	7.142611056	42.19740397	lentil
10	68	18	28.70299261	51.64607426	5.663819943	198.8298806	pigeonpeas
1	50	18	27.49291273	80.03499648	6.921387955	42.29562324	mungbean
76	49	38	23.14337455	79.27297431	7.453148385	182.0750895	jute
27	139	205	22.48403042	93.40819246	5.772179946	105.5473627	apple
80	73	53	28.12372519	78.00504841	5.982923164	97.12109011	banana
17	41	23	28.56021302	86.9953733	6.218923893	50.27559421	mungbean
95	12	53	24.54493093	84.97459065	6.051105672	50.08441761	watermelon
18	77	22	23.19695772	65.18602781	6.939702392	54.9393771	lentil
107	30	50	26.48458709	83.30715526	6.657015153	50.78837739	watermelon
98	26	46	26.28860924	88.61300803	6.619283131	49.40488158	watermelon
77	60	22	23.17107527	55.28220433	5.839091311	80.81017358	maize
90	53	37	24.17594938	76.06964931	6.686621583	197.4855074	jute
112	81	46	28.53460112	79.13496679	5.936176677	94.84564365	banana
31	29	35	34.15716744	50.89496462	6.045304575	93.51538971	mango
100	71	48	25.29704062	83.5582836	6.365026297	104.4877607	banana
25	125	197	23.56961054	91.12771685	5.962250041	105.7670906	apple
25	66	21	21.48700387	21.39158269	5.665549325	145.8533134	kidneybeans
29	67	19	24.92360104	18.47987489	5.702408645	114.2914719	kidneybeans
95	82	48	27.39489579	83.31172003	5.719014989	92.78133617	banana
31	123	198	22.67757745	90.07354846	5.870882017	119.2083701	apple
14	60	25	29.9145443	83.01497861	6.218923893	54.74651193	mungbean
14	18	10	21.4663888	92.45828313	6.576063536	110.7467539	orange
42	77	82	19.12083195	14.36415118	8.601769795	73.82250041	chickpea
25	20	11	23.34362678	93.31639665	6.314573668	109.65745	orange
28	80	20	29.14102212	65.30457326	5.322157438	115.2380163	pigeonpeas
120	24	47	26.98603693	89.4138489	6.260838965	58.54876687	watermelon
34	22	31	29.31645563	94.82781963	6.151752688	185.7905069	coconut
97	52	41	24.40057215	82.19761824	6.715458898	167.0062951	jute
25	14	7	22.97018353	92.10090422	6.479004649	109.6229575	orange
114	35	19	23.24641226	78.93857707	7.194150022	70.48974243	cotton
35	71	22	32.60998672	64.12439143	7.171858332	73.06237414	blackgram
83	60	42	24.73178059	81.90286737	6.638621167	216.113934	rice
4	127	204	27.87395659	81.78243622	5.869273258	69.12511119	grapes
27	13	6	13.36050601	91.35608208	7.335158382	111.2266885	orange
64	51	45	36.38026689	91.59202143	6.932718941	75.14568077	papaya
78	43	42	21.32376327	83.00320459	7.283736617	192.3197536	rice
20	71	18	30.63304302	69.61366264	7.602935864	63.97785371	blackgram
49	69	24	34.62062786	69.59543876	7.337111598	65.90865462	blackgram
7	145	198	23.08710997	91.15880051	6.181514934	120.0289431	apple
45	63	46	31.39531375	92.85839207	6.634715389	161.1896236	papaya
84	49	42	23.56892679	83.28813407	6.210611867	163.0057237	jute
20	66	85	18.02370356	14.9499846	6.889395741	75.64171298	chickpea
32	64	22	19.97652658	20.04165536	5.839675176	94.68444778	kidneybeans
8	70	24	27.59022445	68.84251179	7.576653602	42.16695036	lentil
39	24	31	33.55695561	53.72979826	4.757114897	98.67527561	mango
98	16	55	25.53418066	89.71531571	6.105782629	51.88033673	watermelon
40	42	20	24.54542557	48.67740089	5.051944023	33.47590639	mothbeans
74	40	45	23.11634492	79.19905926	6.002524871	178.3460688	jute
124	60	21	25.96724778	77.53317699	7.418047717	77.46427963	cotton
3	131	201	34.56435625	83.68820601	6.288464599	70.6931037	grapes
25	60	22	21.63149148	21.17919701	5.887263027	134.3649948	kidneybeans
96	18	48	26.78279882	82.44749219	6.816397951	48.53428837	watermelon
21	71	19	18.08137142	21.3384589	5.678196662	103.4682187	kidneybeans
100	15	54	28.78026783	91.09495085	6.098268832	26.16368811	muskmelon
29	29	27	30.54608919	46.58100252	6.918485859	95.71870887	mango
9	55	19	19.60445345	19.60115861	5.979741026	134.19177	kidneybeans
66	53	19	23.09348056	60.1159381	6.033550195	65.49730729	maize
84	55	38	26.8748389	79.78725152	6.956682743	173.1017097	jute
93	33	35	23.93150279	54.71156878	7.093664633	197.5371856	coffee
18	23	5	14.27779609	90.2530814	7.508813874	114.3004789	orange
114	22	48	28.89643387	91.76094509	6.002927293	25.33242386	muskmelon
65	39	45	23.66805429	70.89000744	6.768001309	184.4633281	jute
29	120	200	31.69181444	82.40547111	6.405698452	69.95144432	grapes
70	52	23	19.99450923	66.00875219	5.513697923	91.06739262	maize
120	34	35	26.4855308	66.49516154	7.423435313	199.4735636	coffee
26	22	32	27.53548349	97.08351728	6.086354979	191.8705053	coconut
4	136	204	29.93707596	81.77713468	5.898944282	65.52279323	grapes
120	23	51	25.5007457	88.67571545	6.350110206	50.38837532	watermelon
55	62	24	28.49982939	61.34741123	7.494673461	67.10939304	blackgram
87	12	50	25.37385244	89.59987894	6.055187957	54.66287685	watermelon
9	33	31	28.61652552	48.08943102	6.967417766	90.73932906	mango
94	47	37	23.15937372	82.35283464	7.632316199	269.3661828	rice
23	36	15	27.78177337	50.17667866	9.825915443	49.05897425	mothbeans
32	132	198	22.6176911	92.60397846	6.2025723	109.0790125	apple
47	65	17	25.28105057	67.5595794	6.905924158	63.55739105	blackgram
20	55	25	19.40412191	61.75803237	6.470126311	182.3388899	pigeonpeas
22	63	20	23.63693523	66.8647534	7.293280349	43.07233088	lentil
79	42	35	23.09433785	73.33127227	6.600177565	150.2355238	jute
15	62	15	26.34846688	42.06696946	4.841069093	198.8298806	pigeonpeas
19	53	15	30.45259986	50.72447415	9.085043714	53.73576129	mothbeans
81	49	20	18.04185513	60.61494304	5.513697923	104.2321615	maize
36	11	13	17.34083741	93.04897191	7.1917274	112.7194284	orange
71	51	41	24.45172045	80.52695023	6.303689228	198.4404792	jute
11	25	35	23.69662837	93.81165487	7.124382127	112.4750941	pomegranate
40	46	20	25.96678367	48.35872178	7.278176905	50.26091328	mothbeans
81	16	45	26.90435747	86.25426228	6.727468157	59.75980023	watermelon
39	52	53	32.51247398	94.65904123	6.704204398	51.07048113	papaya
28	75	21	34.2406746	65.37458622	7.096057593	68.75680195	blackgram
94	5	50	28.24176691	91.59081989	6.118314856	22.37676312	muskmelon
88	52	37	24.21266997	82.60873124	6.801656442	298.5601175	rice
84	50	44	25.48591986	81.40633547	5.935344406	182.6549356	rice
20	78	16	29.36238505	64.22672569	6.807455203	69.92305243	blackgram
23	9	8	25.84243393	93.23503494	6.186124843	112.1047838	orange
33	63	84	20.21435193	16.81654544	7.141682009	77.25898672	chickpea
90	74	55	28.87925974	78.86741356	5.804174635	99.78228245	banana
40	20	28	26.67091993	95.82064064	5.991202862	161.7072817	coconut
27	57	24	27.33534897	43.35795962	6.09186275	142.3303677	pigeonpeas
11	127	195	23.60362337	92.49878363	6.015187056	115.5939592	apple
27	66	80	18.58615745	19.86699573	6.961771021	92.38123136	chickpea
88	27	29	23.71831328	57.08930606	7.493191968	191.4893746	coffee
109	86	50	26.70488853	82.37320839	6.115374712	96.63860609	banana
88	17	54	26.69816218	83.67054714	6.391826851	46.08962556	watermelon
35	138	204	22.17062211	92.67510896	5.752772298	108.4492541	apple
86	50	36	26.63334566	80.81839913	6.909288747	244.7168151	rice
23	134	199	16.97560103	80.01639435	6.471099493	68.4061067	grapes
107	30	51	25.55044512	84.72249419	6.500051548	58.62516933	watermelon
85	35	44	25.47290798	80.12267476	7.868474653	240.1224071	rice
21	18	32	27.45155121	95.15879875	6.081003701	211.8517988	coconut
113	60	19	24.13286879	80.97138029	5.801047545	70.69455919	cotton
85	41	38	25.81175305	81.93745039	6.187927902	205.0572533	rice
117	76	47	25.56202173	77.38229006	6.119216009	93.10247183	banana
97	38	31	23.88094193	62.8542533	7.212150448	191.1146317	coffee
43	66	20	29.3414299	61.28028477	7.045473089	60.41790253	blackgram
100	6	53	29.05248036	93.92217834	6.105909623	23.66620626	muskmelon
60	52	40	21.07631751	83.30799694	6.961624608	253.1649266	rice
3	121	197	21.5855284	90.6220383	5.740158421	114.4223488	apple
82	19	52	29.14215852	92.39239576	6.083449154	23.16688723	muskmelon
98	51	36	23.09433785	87.59862287	6.655352686	159.3904516	jute
39	129	203	34.38922481	83.18392806	5.863996687	71.03001556	grapes
89	36	25	25.23485998	50.04557009	6.745293976	178.357707	coffee
85	20	33	27.92374437	50.04557009	6.569603664	185.3278258	coffee
63	36	16	21.67191032	56.25027937	6.047860006	95.1932555	maize
20	29	38	20.353293	90.13662059	7.199504273	110.5835944	pomegranate
110	75	55	29.90888522	77.654132	6.490074429	102.1973319	banana
104	26	27	23.07678765	61.33361374	6.923421613	115.1564012	coffee
140	45	15	25.5308271	80.04662756	5.801047545	99.39557151	cotton
95	74	50	25.90113128	80.47152737	6.002481605	110.10323	banana
69	56	43	26.98582182	76.12575739	6.644382118	187.9584296	jute
117	25	53	29.11858526	92.12543021	6.413927319	24.52020164	muskmelon
19	21	39	21.81678465	91.97612901	6.268613559	112.4750941	pomegranate
11	68	21	29.63612272	69.69141302	5.996525822	136.7192966	pigeonpeas
10	123	201	21.90732393	92.81769967	5.947190138	115.8001197	apple
32	76	19	24.91440703	63.09993671	7.695452579	52.01223132	lentil
14	128	205	22.60800988	94.58900601	6.226289556	116.0396587	apple
102	18	25	24.32352538	59.6666942	6.439875251	190.2160787	coffee
23	30	30	26.98508349	94.61125708	5.566947715	225.6323656	coconut
73	44	36	25.84492378	86.48036814	6.770726557	164.9214427	jute
40	25	8	34.90665289	91.87403565	6.250481441	100.1737964	orange
28	20	30	28.10570881	95.35457084	5.50158009	154.5938031	coconut
36	19	42	19.90215266	90.23819648	5.799911869	103.8487709	pomegranate
27	56	20	29.2114218	87.11497805	6.41874299	51.53848218	mungbean
60	46	37	24.08596453	81.33626429	5.982052115	244.0912877	rice
7	120	196	29.40923951	80.03640706	5.510924849	73.4937922	grapes
45	74	79	19.03790546	16.30114872	7.048288538	94.78189594	chickpea
18	66	17	30.04877821	49.81446689	4.983816852	116.9039587	pigeonpeas
81	47	40	23.9884234	78.65125878	6.697033183	199.8362913	jute
11	133	205	13.12634948	83.86897055	5.756131264	70.07914058	grapes
28	21	12	30.18914517	93.38533909	6.984281477	116.2088748	orange
84	55	19	25.82131415	68.0491293	6.550665929	87.71719719	maize
37	35	19	28.83345183	82.12203041	7.092515915	51.37329034	mungbean
80	43	16	23.55882094	71.59351368	6.657964753	66.71995467	maize
12	20	39	19.86173586	86.19740917	6.026999326	111.0217929	pomegranate
38	78	20	19.80954407	63.0555895	7.841496029	54.9393771	lentil
18	135	205	21.77057145	90.58245337	5.890690896	100.1173443	apple
33	125	199	28.58965118	80.80324112	5.849216181	72.33835117	grapes
108	72	46	25.16278237	84.97849241	6.110844721	90.94554618	banana
0	30	28	29.91213143	45.02236377	4.771755697	93.55407239	mango
86	40	23	18.04185513	55.79329715	6.265716764	67.894467	maize
27	65	20	32.16010252	66.9674207	7.165200785	64.8921204	blackgram
98	17	53	25.07800888	84.31909031	6.137839079	46.47436244	watermelon
64	70	48	26.76486013	93.35361316	6.942103852	219.341686	papaya
42	73	75	17.66442862	14.63758854	5.988992796	81.04538932	chickpea
92	28	28	23.17820562	62.71817821	7.089429838	118.2884513	coffee
29	140	201	26.82527434	81.38118043	5.583858431	70.2294918	grapes
98	40	30	25.50717208	54.1559396	6.959617189	188.5533671	coffee
51	68	80	19.94702986	16.15814646	6.554409164	85.96486139	chickpea
102	45	22	23.4010374	77.90822246	7.028048584	87.32932589	cotton
93	92	49	26.87563697	81.63676185	5.577611834	118.3866715	banana
26	67	24	36.97794384	37.73992903	5.642813116	161.4812963	pigeonpeas
120	17	55	25.86781528	89.48622696	6.612419597	59.75980023	watermelon
39	47	18	29.34886066	52.15792323	4.100538574	47.96987615	mothbeans
108	38	24	23.41022496	76.43836957	7.442217061	78.82199603	cotton
34	59	76	18.92287787	14.91182187	7.209711478	70.74145547	chickpea
69	51	35	25.19659471	82.43075889	6.523373438	287.2801962	rice
18	79	24	23.03919441	63.45195494	7.027801705	54.9393771	lentil
104	32	30	25.63785426	60.99473318	6.831368187	175.0377078	coffee
42	62	75	18.17912258	18.90426935	7.010570541	81.84997529	chickpea
97	79	53	26.24323322	81.21681779	6.102914096	90.10978128	banana
20	68	25	25.57060045	65.73465358	7.445633662	73.040323	blackgram
35	46	24	24.01825377	56.61767883	7.567447368	32.98336057	mothbeans
22	43	24	25.42517036	53.2208266	4.52363558	46.19374559	mothbeans
47	63	16	27.44003279	67.10464369	6.661870999	72.50669768	blackgram
52	71	16	27.74274761	68.53997144	7.075886472	71.78615328	blackgram
5	14	35	23.01223003	86.15134187	5.561851831	106.9305231	pomegranate
20	29	27	25.09897688	92.36099489	6.047044342	157.7592626	coconut
58	66	48	36.59396148	93.7242904	6.741120763	204.9718449	papaya
60	55	38	24.69506516	72.66571374	6.847540229	199.8362913	jute
49	52	47	35.4435623	91.48507847	6.501521192	248.8592986	papaya
129	35	24	25.67519169	78.12246512	6.72008029	97.72301019	cotton
114	40	17	24.32630461	80.13456404	6.363406102	69.45072055	cotton
87	50	41	20.16871317	80.43553401	5.005306977	252.2922674	rice
5	130	199	23.73989043	93.51321919	6.020410449	117.9720902	apple
63	60	50	36.21962195	92.27454021	6.695424998	174.0719996	papaya
44	62	15	28.12081844	68.81894654	7.358155681	63.81772157	blackgram
32	59	19	20.50802887	22.97693597	5.889277595	86.91006318	kidneybeans
26	35	20	28.39674973	82.44240904	6.451696674	59.87232071	mungbean
12	61	21	23.5935636	63.31810808	6.660791133	39.82305384	lentil
100	48	18	24.41241042	81.17330535	7.568250404	93.92115311	cotton
16	38	21	24.76475338	50.27041852	7.75404013	55.54006702	mothbeans
63	59	48	39.22154155	93.40966944	6.874662594	209.2537462	papaya
49	71	76	19.71098332	17.63879418	6.613072145	85.57925437	chickpea
24	130	204	21.93400131	90.02575116	6.088653814	113.5657702	apple
24	10	25	27.84696382	98.47027425	6.130520007	138.595813	coconut
20	15	12	29.3523714	94.96419851	6.646505036	112.5549413	orange
65	46	50	32.09718342	92.7926606	6.590025625	248.8592986	papaya
17	55	21	19.355759	20.15079868	5.644887183	135.4266849	kidneybeans
42	61	22	26.27274407	62.28814857	7.418650668	70.23207557	blackgram
57	61	79	17.97122334	19.58676806	7.020476197	75.97249086	chickpea
4	43	18	29.02955344	61.09387478	8.840656256	72.98016599	mothbeans
23	27	30	26.14010064	90.01734526	5.980286419	131.0900076	coconut
14	29	31	35.28176764	48.23848919	5.716848041	97.14030846	mango
106	95	52	26.93098456	79.84876164	5.827715707	101.4054316	banana
88	50	38	24.42810206	82.07226882	5.035565056	267.2241102	rice
11	61	21	18.62328774	23.02410338	5.532100554	135.3378033	kidneybeans
23	56	16	31.88607623	49.91707133	4.942373184	159.8969333	pigeonpeas
27	68	19	30.43471043	38.09495128	5.705406445	149.5150837	pigeonpeas
95	15	31	23.57845573	57.20956794	6.020947179	199.4735636	coffee
27	64	17	24.13761098	42.69842688	6.93332505	177.140705	pigeonpeas
13	17	45	21.25433607	92.65058936	7.159520979	106.2784673	pomegranate
14	18	35	31.09154239	47.02058367	4.791146778	91.46664318	mango
86	25	33	25.10421856	65.23006373	6.685635186	139.3536874	coffee
22	42	22	25.54249137	56.96640758	7.887658711	48.46797044	mothbeans
22	62	16	24.08580786	20.6739878	5.825559155	116.16276	kidneybeans
3	45	18	30.39388525	55.99159805	5.52427125	61.84476066	mothbeans
39	67	19	23.00597658	46.68178052	5.70291173	140.4178368	pigeonpeas
34	57	23	27.17567211	87.18073356	6.891125247	53.47592732	mungbean
40	20	42	20.0720563	86.28929584	5.732351813	112.4750941	pomegranate
35	16	28	31.22086332	51.87217085	6.843034682	97.4840903	mango
0	65	17	29.63301635	66.13378441	6.330216954	48.430327	lentil
32	14	8	16.68548821	91.13361724	6.692847522	107.5612214	orange
109	26	52	28.7518335	90.85886373	6.32758057	23.52346109	muskmelon
29	45	16	28.43683487	87.91332682	6.583381939	43.12063289	mungbean
68	35	38	21.35980437	84.67922813	6.028046223	218.476327	rice
0	72	18	18.30604765	23.79429621	5.888240383	95.688729	kidneybeans
32	13	42	23.50128217	92.97527546	5.786058032	106.61905	pomegranate
30	47	18	26.52464843	51.23928188	6.779132191	57.66642393	mothbeans
90	44	38	23.83509503	83.88387074	7.473134377	241.2013513	rice
76	56	44	20.48882086	81.6296732	6.473666606	233.7802449	rice
102	13	51	25.1660747	84.30094711	6.678602841	46.11140087	watermelon
8	16	38	19.8741536	93.39743301	6.553677603	106.0063496	pomegranate
51	72	75	18.88852533	14.99451145	7.104224797	80.1113384	chickpea
27	73	82	17.04603151	18.13060753	6.368971181	77.11814564	chickpea
108	78	48	26.53708775	78.9008486	6.399004918	101.5437203	banana
71	50	37	26.98582182	70.88259632	6.236614656	190.5916103	jute
46	61	47	27.43716546	91.74847146	6.696858938	191.2686839	papaya
23	75	25	31.07508973	47.19847683	7.077170002	91.31256412	pigeonpeas
8	60	15	21.76945378	24.96969858	5.773220366	98.16162637	kidneybeans
97	35	26	24.91461008	53.74144743	6.334610249	166.2549307	coffee
12	5	29	25.77198609	99.07436416	5.575439346	173.3250385	coconut
9	14	42	22.58875841	93.02569493	6.038530472	107.7255058	pomegranate
83	46	15	21.41763876	70.86652746	6.820269147	96.94267664	maize
61	54	41	22.20932617	82.61094712	6.813233488	236.5515368	rice
2	15	30	35.60397767	50.58933054	6.110582399	95.73828484	mango
93	15	53	28.08877994	90.01506395	6.42981726	26.63988205	muskmelon
101	10	54	27.33073406	92.55107719	6.781050373	24.05399132	muskmelon
33	31	34	31.32995611	50.22287593	5.421265283	89.78216168	mango
13	57	19	30.86410917	47.49056609	6.047100443	136.6005571	pigeonpeas
67	58	39	25.2827223	80.54372813	5.453592032	220.1156708	rice
60	75	76	17.34161743	15.61673904	6.457237402	85.41920546	chickpea
74	46	38	24.41920924	77.40566462	7.453956942	171.8060666	jute
7	63	24	19.55750776	64.45268309	6.818681086	53.04669416	lentil
95	11	47	27.07910206	94.22600021	6.18907674	23.99764193	muskmelon
15	10	37	22.1902524	94.99897537	5.848760179	112.4750941	pomegranate
89	11	47	29.78714005	94.65343534	6.327822962	27.8659442	muskmelon
40	21	34	27.51580609	90.01734526	5.93488753	210.8671202	coconut
26	15	36	22.84684666	91.00108047	6.144975983	108.0134748	pomegranate
14	145	203	11.01120084	81.56894485	5.805212126	71.26897606	grapes
117	5	50	29.43578978	93.60098649	6.331850781	24.17748314	muskmelon
4	60	24	28.57036104	30.40046769	5.39004674	198.8298806	pigeonpeas
20	67	75	17.57159884	16.88560863	6.244096411	72.07532308	chickpea
32	16	31	27.38660268	91.09413234	5.755477803	176.7956116	coconut
7	139	205	23.58216945	93.75817119	6.426616418	115.0520214	apple
26	52	23	29.98835437	49.60384796	4.931890506	52.92929636	mothbeans
17	124	204	26.92725012	83.28706694	6.387063101	65.60529055	grapes
110	17	49	28.92526806	91.70673244	6.002927293	26.8959051	muskmelon
32	35	17	30.68447894	44.76464867	8.19701056	40.42993329	mothbeans
9	14	15	34.90665289	91.62718952	6.910032971	111.8133169	orange
42	65	50	35.59829873	90.98696436	6.679756317	248.8592986	papaya
25	80	23	20.14267354	33.67691953	5.121556972	128.2661785	pigeonpeas
22	36	20	28.11582163	86.61272049	7.177432177	40.79854016	mungbean
16	80	20	31.24021696	56.67369054	7.339320929	122.0146733	pigeonpeas
33	73	23	29.23540524	59.38967583	5.985792703	103.3301803	pigeonpeas
91	38	36	26.5232969	77.17331847	7.287318723	157.8548562	jute
42	70	78	17.98256053	18.44171552	7.460168067	79.28472786	chickpea
40	145	200	21.38108524	90.10156309	5.514253142	117.6520381	apple
76	48	18	19.29563411	69.63481219	5.77597783	83.21030571	maize
123	60	19	23.53962715	76.50150313	7.994679507	62.05622758	cotton
8	38	35	32.77820299	46.24894799	4.588266996	98.12342524	mango
40	24	8	17.8837029	94.03896096	6.836678546	105.7985528	orange
47	80	80	19.52218829	15.82359716	8.317636314	94.78189594	chickpea
18	28	11	20.69546803	91.32268891	6.482369738	110.5167278	orange
18	70	20	24.64086827	54.5046817	6.586831234	176.8872384	pigeonpeas
3	26	32	29.37957212	49.29913635	5.551670972	89.29147581	mango
98	8	51	26.1793464	86.52258079	6.25933595	49.43050977	watermelon
25	141	201	22.89017666	92.55484072	5.941886891	104.273219	apple
33	75	21	33.04687968	68.93875631	6.690655045	62.30278274	blackgram
39	66	82	18.16304903	17.22733951	6.990838171	83.32264008	chickpea
35	72	21	34.03619494	64.28791388	7.741418772	66.85510868	blackgram
101	17	49	28.55858324	90.89885555	6.312351336	24.76282823	muskmelon
25	66	20	18.54036486	43.96500414	5.765750416	198.8298806	pigeonpeas
60	72	85	18.67316229	15.48898489	6.798338569	84.38016101	chickpea
8	70	22	17.14012396	21.36691477	5.913948942	124.1348979	kidneybeans
6	66	22	35.04728928	49.00936615	4.548202098	117.1729489	pigeonpeas
97	74	45	26.47522633	78.51833782	5.677719902	113.1161095	banana
12	28	30	34.0279717	48.58374291	5.150385304	94.81404279	mango
15	69	17	21.5681087	18.63287027	5.99812453	92.41822859	kidneybeans
14	67	24	25.42185329	60.48177865	7.165041359	50.91670249	lentil
25	19	33	30.42507151	47.36454256	6.199357589	90.1146547	mango
88	87	47	27.4218292	75.34101217	6.392908025	116.69544	banana
76	52	41	24.41514513	82.60694941	5.005306977	182.5616319	rice
52	60	79	19.45339934	18.23490739	8.380185271	75.6317566	chickpea
9	62	23	20.1677463	24.96969858	5.641613866	142.0606973	kidneybeans
13	80	20	24.92360104	18.09224048	5.99812453	92.70142898	kidneybeans
101	35	19	24.68824194	80.8726781	6.731363733	79.20073216	cotton
82	45	37	22.88784744	82.47340826	7.125932318	228.8496291	rice
90	56	36	22.47107797	81.50928398	7.09486542	288.3629986	rice
39	65	23	25.43459777	69.12613376	7.685959305	41.02682925	lentil
27	61	18	33.30711818	67.07780816	5.266227032	108.5090168	pigeonpeas
109	39	20	25.89834717	78.70725578	6.218414071	85.05602754	cotton
9	38	25	34.58561471	50.34035336	5.497946899	100.3060719	mango
26	49	25	28.12487292	85.5504691	7.166327351	58.14622392	mungbean
101	26	30	27.27586915	50.04557009	6.167302784	155.3867495	coffee
113	14	48	29.64599681	92.50275495	6.006971508	24.92226877	muskmelon
28	56	19	27.91570571	65.03635897	6.531808949	41.61148346	lentil
83	31	27	26.80326925	62.69263476	6.070735913	148.1627582	coffee
31	68	16	25.09737391	66.6267558	7.525154268	69.11633898	blackgram
80	28	45	26.34133086	86.26755665	6.956508826	45.67178538	watermelon
0	35	18	28.65730772	89.99615558	6.860205314	51.92742032	mungbean
93	15	47	28.51371962	94.63857197	6.48944374	27.62923369	muskmelon
94	44	21	21.35377672	59.46190488	5.781277966	87.26920957	maize
102	34	30	24.21267531	51.28546704	7.006779259	177.6438088	coffee
27	71	23	23.45379018	46.48714759	7.10959773	150.8712202	pigeonpeas
15	124	201	23.57267828	92.01689971	5.882183344	120.4383272	apple
104	45	23	22.83687484	79.69074735	7.994679507	66.61643682	cotton
26	12	35	26.83406836	98.53291681	6.244859568	141.4114324	coconut
86	85	47	25.86558507	78.41539079	6.085969213	98.66852042	banana
40	35	18	27.87477315	86.60632896	7.199495368	52.19803263	mungbean
28	132	205	22.0916022	91.26254987	5.857225581	122.7584617	apple
13	70	21	25.21002674	32.77545167	7.069187273	150.0044666	pigeonpeas
106	14	45	24.47018505	84.16390229	6.417011754	57.26773002	watermelon
120	16	25	23.18895953	56.1083108	7.154849332	177.6595961	coffee
28	46	25	31.37403956	64.95585424	9.8314796	43.90719584	mothbeans
17	45	18	27.91724722	88.50699897	6.314800269	49.7214452	mungbean
95	23	45	27.82424457	90.56698742	6.266208727	21.19014526	muskmelon
99	15	53	26.03176401	81.23037725	6.056661608	41.13926889	watermelon
34	30	31	29.64038568	92.58484942	5.992341995	191.8384223	coconut
31	74	17	28.3925333	64.22544703	6.538333214	66.67322725	blackgram
20	67	18	26.05712077	62.37684619	7.010819571	51.09574552	lentil
17	10	11	22.0247634	90.61732785	7.15887868	109.5545379	orange
90	37	39	21.52075893	83.16026798	5.005306977	298.5601175	rice
40	42	20	26.10320012	51.51603012	8.066174704	57.66686744	mothbeans
0	80	19	17.54696579	18.73812459	5.715268114	140.0661752	kidneybeans
40	49	22	29.1110844	81.17845321	7.115795546	56.75651634	mungbean
67	41	37	26.92995077	80.76428846	7.868474653	249.9084708	rice
19	44	25	31.99928579	51.46415338	4.659316091	30.92014047	mothbeans
119	13	48	28.26257512	91.16144704	6.409050919	26.13927713	muskmelon
8	11	10	16.51823141	92.57662818	6.727967126	106.395279	orange
60	62	84	17.22411318	17.87844389	7.613210547	67.32172969	chickpea
25	121	201	30.50734778	82.71775569	5.594240603	70.08200379	grapes
27	49	23	28.52482724	83.04092995	7.007245046	38.87759921	mungbean
10	25	31	35.24697243	54.71328727	5.695323805	94.55520786	mango
32	48	18	26.45707778	56.40226277	5.993513566	64.16167699	mothbeans
24	131	196	22.03296178	83.74372787	5.732453638	65.34440794	grapes
9	49	19	27.92686164	50.53906751	9.600265226	44.40273921	mothbeans
60	56	20	34.02408295	66.38728084	7.365333155	68.28433284	blackgram
128	36	17	24.50088776	77.20374124	6.701130463	76.54624045	cotton
79	54	21	21.57384752	66.73075235	6.391476554	83.87193107	maize
115	28	28	25.41734751	58.78723598	6.247680924	155.8715072	coffee
36	15	25	28.68034857	98.29601348	5.736565355	168.1946069	coconut
55	46	55	35.11818239	92.14648257	6.551805424	118.7381094	papaya
21	15	30	27.3395335	51.29741615	5.48733289	96.04975919	mango
80	29	30	26.18423149	55.55429385	6.669612771	199.4735636	coffee
30	61	18	27.14911056	67.02664337	6.157782589	52.50812701	lentil
34	30	8	25.78386215	93.60737548	6.688717595	107.1932603	orange
67	35	22	23.30546753	63.24648023	6.385684214	108.7603001	maize
82	35	26	26.57982583	54.59303312	6.352477472	169.3845597	coffee
60	71	75	18.94838081	17.82230502	7.692566098	87.32868133	chickpea
36	138	201	27.4653579	80.01639435	5.859229956	68.52929037	grapes
38	15	9	28.94106986	91.48296375	6.79099868	110.822115	orange
97	40	18	19.57475109	71.93122935	6.116763618	77.57505597	maize
55	64	51	31.59565761	93.89686613	6.700365729	199.8870537	papaya
96	47	43	25.99013328	84.7935442	6.209673402	269.8101902	rice
35	39	17	29.36687587	85.21101032	6.495922164	41.49686721	mungbean
32	30	32	29.38291572	95.20863386	5.533848243	167.6230054	coconut
69	43	37	26.98582182	79.63281266	6.903292216	170.9947848	jute
1	68	21	28.21361485	44.74602732	7.03274831	164.4483619	pigeonpeas
103	92	48	28.84903693	81.54826424	6.169853142	102.6332133	banana
26	48	17	29.75924765	83.27436449	6.76750947	41.55640176	mungbean
72	35	36	26.49790595	77.41173826	7.488014404	196.3015329	jute
78	55	21	22.58655642	65.90262445	6.012489195	64.19124429	maize
87	45	39	21.79971164	81.03710508	7.355022923	264.4963409	rice
27	27	29	27.6390685	94.58740353	5.972007859	183.7293856	coconut
30	122	197	21.37784654	92.72043743	5.573241391	106.1417017	apple
123	41	20	24.09557513	80.49216625	6.646936274	70.04343006	cotton
101	17	50	28.20153298	92.39592592	6.162126432	23.00593746	muskmelon
19	123	200	34.76086052	81.03544763	6.167013532	65.70430027	grapes
40	134	205	41.94865736	83.70091349	6.499604931	71.06962138	grapes
13	5	35	27.36121691	92.62741483	6.330163247	167.918228	coconut
8	59	21	29.85115281	54.06910445	6.251800632	126.1473091	pigeonpeas
89	24	46	28.78148667	91.45396448	6.206770401	29.86681385	muskmelon
3	12	39	20.77847642	93.85798007	6.048872626	106.0340094	pomegranate
8	76	20	26.75414469	60.09116626	7.392729099	38.7081567	lentil
5	40	32	29.36897252	53.66140076	6.967417766	92.93270691	mango
20	60	78	18.17234999	14.70085967	6.358740355	90.7760707	chickpea
70	58	48	24.88548254	90.86028337	6.795343523	104.9360651	papaya
27	15	41	22.3388668	89.1977892	5.61375122	102.6589816	pomegranate
37	70	49	34.80635077	93.46941966	6.501521192	153.7360868	papaya
21	72	17	31.52104732	66.55723677	7.580527339	61.71111448	blackgram
17	58	20	28.06642822	85.91625451	6.42937879	39.23831035	mungbean
90	91	52	29.90888522	79.70154519	6.072790483	103.05153	banana
52	66	80	19.49566992	17.24345038	7.31169006	83.38782359	chickpea
85	9	53	28.20619412	92.86798698	6.447662945	28.78654515	muskmelon
36	59	80	19.26673955	17.17569509	7.639087563	86.70646003	chickpea
93	46	24	20.47116435	64.24190647	6.170049155	95.93964148	maize
17	15	25	31.65633757	47.07363895	5.716724532	97.18293416	mango
34	60	22	17.66148158	18.15302753	5.635231778	100.6711761	kidneybeans
0	134	203	29.56547387	82.76071571	5.658385568	72.17108954	grapes
27	55	23	32.83610494	67.57909411	6.939075794	68.13475661	blackgram
73	59	19	24.01162372	70.39270182	6.475795139	102.4059479	maize
39	60	77	19.52849144	16.58373958	8.275496302	73.54914668	chickpea
89	52	22	25.09552783	60.10911465	6.816777912	60.65171481	maize
28	135	200	33.30688536	81.08790896	5.910146901	68.71938951	grapes
69	60	21	19.93200991	66.62445867	6.462490046	60.65171481	maize
74	55	17	24.6609614	69.82268305	5.727002252	83.28224677	maize
36	55	25	21.00830369	21.04447176	5.812110775	120.116208	kidneybeans
110	19	53	26.14193258	85.25619354	6.019694771	49.58147989	watermelon
10	23	35	19.26572728	85.37024572	6.43976915	107.5514331	pomegranate
39	70	23	31.41699641	65.9869585	6.876170062	72.73602697	blackgram
70	45	22	20.14160669	63.8528469	5.513697923	90.66500928	maize
19	28	38	20.25610809	87.2263028	5.79030055	111.6435141	pomegranate
111	6	53	26.4930645	88.59143088	6.313512999	46.06382209	watermelon
22	54	22	28.99127545	87.82878318	6.447751087	47.94635677	mungbean
22	63	24	18.45544165	23.38348436	5.656866608	138.8429042	kidneybeans
71	58	41	23.41988118	72.57131967	6.604655082	161.2063201	jute
114	27	51	28.75674616	92.07372961	6.479483901	28.09587963	muskmelon
54	46	46	32.07241099	91.43057923	6.568569764	153.8072923	papaya
5	54	24	27.43476545	52.32117219	4.791815097	40.66033267	mothbeans
15	28	29	27.67727404	50.55061052	5.788251432	94.20958287	mango
75	42	24	18.22357646	63.19400812	6.289134582	109.7515385	maize
31	63	76	17.6594314	16.11318736	7.305726483	71.8365573	chickpea
105	30	50	25.29954705	81.77527562	6.37620108	57.04147057	watermelon
31	59	53	40.26862555	92.36139779	6.836916866	195.4886448	papaya
27	37	34	35.21826023	50.5095476	6.967417766	95.10648102	mango
40	5	15	15.68146937	91.64038263	6.617785756	110.7542248	orange
31	55	18	28.19819077	63.50934654	6.327425636	43.71177268	mothbeans
4	24	43	22.40423537	88.1508343	7.199504273	109.8695196	pomegranate
42	64	79	18.35676375	18.82254941	7.60421437	79.36239344	chickpea
33	79	85	18.25941111	15.96185868	7.934677595	81.76267559	chickpea
9	35	28	32.42741354	50.07078432	5.234716699	94.45580627	mango
80	16	53	27.99218485	90.52970975	6.382551014	25.55103396	muskmelon
74	39	23	22.6265115	65.77472881	6.78073637	88.17251033	maize
17	73	18	19.50112224	34.51086611	5.632353113	197.3752649	pigeonpeas
35	54	20	25.15185235	58.87314541	9.190054912	49.20014068	mothbeans
17	59	17	18.4167001	23.42829938	5.689858133	132.9801054	kidneybeans
33	134	205	21.0365275	94.33919546	6.08551916	114.7412734	apple
27	68	24	21.26218022	34.04393506	6.664681086	140.9923656	pigeonpeas
25	27	34	30.12988478	49.67881876	5.89666567	92.02738812	mango
12	16	10	26.52107293	92.05759814	6.721256123	110.3208622	orange
33	60	53	23.0124018	93.80472407	6.776892617	40.35153141	papaya
4	59	22	29.33743412	49.00323081	8.914074888	42.44054315	mothbeans
16	44	23	28.05340978	53.9279493	5.103759903	60.34914918	mothbeans
104	53	24	24.77229874	80.64871271	5.853621134	74.83996056	cotton
22	22	35	25.64579657	90.48517135	5.798326101	176.0294151	coconut
91	53	17	23.85514134	65.50050451	6.466511288	60.65171481	maize
31	136	200	22.13167092	90.02575116	5.999610968	117.3845567	apple
113	49	24	25.20408885	80.62309769	6.777664484	92.57127494	cotton
42	79	85	17.22385224	15.82069268	6.129533877	76.57580954	chickpea
99	38	21	22.88330922	71.59722446	6.352471866	67.72777298	maize
57	60	17	26.23773129	67.88521396	7.504608385	73.58663968	blackgram
29	14	32	29.8690834	97.33164184	5.803081445	188.9723916	coconut
96	14	45	27.18813001	92.85263867	6.781050373	20.21126747	muskmelon
109	71	47	27.30909773	79.02020642	6.052736304	105.0569216	banana
92	92	49	26.94454923	84.33215538	5.775735163	101.5568927	banana
81	81	49	28.56055102	81.21055005	5.689935672	90.10978128	banana
22	31	30	29.30696394	48.67400124	5.961225935	91.80921957	mango
97	8	52	24.9103226	86.97190046	6.237861736	49.48575692	watermelon
113	38	20	22.10718988	78.58320116	6.364729934	74.94136567	cotton
20	70	21	26.75195605	67.65710008	7.070635877	65.55628583	blackgram
53	64	24	30.77741378	65.08169122	7.228043416	64.56080068	blackgram
32	76	15	28.05153602	63.49802189	7.604110177	43.35795377	lentil
34	126	203	22.3838386	93.5901355	6.053267373	105.2829167	apple
19	130	196	20.234499	80.67034697	6.000388015	68.12605348	grapes
86	23	53	25.41088851	80.16883815	6.692611838	46.15309151	watermelon
91	56	37	23.43191632	80.56887849	6.363472208	269.5039162	rice
55	54	49	29.6118881	92.74913041	6.869993258	187.7106472	papaya
17	25	31	28.90377663	48.67002733	6.765086169	97.36951407	mango
32	25	9	10.35609594	93.75652041	7.796034006	101.1456947	orange
31	75	18	15.46789263	21.43780702	5.824208309	88.88796102	kidneybeans
95	30	52	29.48069921	90.33698678	6.640470863	26.0365768	muskmelon
75	44	42	23.65472362	81.1899736	5.789313536	298.5601175	rice
21	64	24	18.31910448	58.09415652	6.12435655	158.4328694	pigeonpeas
94	87	55	25.01018457	83.94317641	5.924834968	94.7240538	banana
22	61	23	18.38090391	44.36220901	4.548202098	160.99235	pigeonpeas
46	79	78	20.15750208	18.99600655	7.475156755	82.11791344	chickpea
80	41	17	25.62994489	62.15110568	6.53945111	60.65171481	maize
0	70	21	36.30049702	56.03021253	4.672437054	101.6073988	pigeonpeas
88	29	51	24.71885473	88.94568335	6.095689937	48.45978627	watermelon
75	51	45	24.50987268	84.96907151	6.674595715	263.1853324	rice
32	69	18	17.13987231	21.3648515	5.715098282	89.85831228	kidneybeans
120	24	33	26.79449876	60.34615033	6.724822739	154.8964406	coffee
33	80	22	28.57006111	65.71765781	6.593961761	70.0866434	blackgram
26	70	18	30.55109233	66.94171223	7.565923724	66.11178771	blackgram
110	9	50	24.8916041	88.51187145	6.292762905	59.75980023	watermelon
120	37	33	23.67533316	56.21440985	6.79674279	149.526304	coffee
97	80	46	25.07701328	80.65460886	5.810230054	108.9456626	banana
15	133	199	23.99686172	91.61001707	5.824778636	117.6102915	apple
99	20	52	26.21685641	89.47366095	6.899989172	44.7038598	watermelon
25	17	30	29.8690834	97.59262996	5.707760673	131.0900076	coconut
74	42	22	20.38987979	72.11053324	5.965681536	84.84405111	maize
38	142	200	23.03679115	94.92048112	5.860934592	111.6547702	apple
90	18	46	26.24241209	86.08651048	6.762821609	46.21627881	watermelon
8	20	35	31.95160543	48.32783504	4.859378295	89.80259954	mango
19	71	21	24.89391107	19.96896357	5.53672484	69.91717274	kidneybeans
15	38	25	30.64571935	54.04576519	4.721988299	47.01962219	mothbeans
79	55	37	20.13034352	80.12267476	7.256316441	182.5616319	rice
56	76	16	28.27265858	61.18956161	7.513151076	63.29900785	blackgram
14	40	19	31.99928579	59.39525636	5.409461694	31.39141597	mothbeans
86	54	40	23.77187816	84.61729929	6.729238359	189.476107	jute
5	22	12	15.87825677	92.91494139	7.847122585	113.1336257	orange
10	59	15	29.83040388	89.30428305	6.32400451	58.86687093	mungbean
37	68	15	27.07742573	65.76669401	7.617375689	73.72173848	blackgram
26	126	200	28.06011317	81.39469978	6.03196201	71.06335479	grapes
30	65	15	34.9021506	67.50487783	7.723000764	67.45321157	blackgram
20	13	33	25.43742495	97.22037915	5.584289026	170.733362	coconut
15	51	22	31.15184868	58.766657	6.597237136	73.02869493	mothbeans
12	67	23	25.62896213	63.14909763	6.585020303	45.49683991	lentil
91	85	51	25.85274066	81.86215988	6.361461001	95.23500582	banana
10	17	41	24.96273236	87.56834702	6.852332283	104.9131198	pomegranate
112	15	34	25.47111784	60.34603405	6.260660708	136.2119777	coffee
32	18	45	20.18064551	94.99897537	6.632514771	107.5462451	pomegranate
36	138	199	23.95063274	93.04116379	5.797855525	104.8274352	apple
25	15	27	30.98204363	47.69775046	5.350021551	93.27401542	mango
24	21	42	20.82210727	87.22815682	6.999014379	109.4429934	pomegranate
83	27	54	29.57642279	93.79400831	6.2024857	25.46110737	muskmelon
67	54	39	26.10023308	80.55918209	6.713589727	186.5942141	jute
111	18	55	28.90466545	94.91796261	6.101106628	25.53729173	muskmelon
20	74	75	20.83157547	18.70054275	8.868741443	89.1153137	chickpea
99	40	32	24.18471151	69.94807345	7.045543056	163.2708732	coffee
37	74	15	24.92360104	18.22590825	5.582178402	62.7089169	kidneybeans
35	67	23	15.85495809	18.09224048	5.715563489	149.7441028	kidneybeans
87	48	25	22.24823719	71.24645814	6.111777043	109.7515385	maize
31	55	22	23.03893882	21.91427335	5.616614817	114.0762765	kidneybeans
25	51	18	27.77799528	54.82130787	9.45949344	50.28438729	mothbeans
71	54	20	22.24677856	66.11370429	6.205135237	90.65751535	maize
5	77	19	31.08564994	66.68832981	6.242052013	175.9303271	pigeonpeas
0	23	15	22.56664172	93.37488907	7.598729065	109.8585753	orange
37	69	77	19.50922636	18.26088539	8.408357681	77.50921429	chickpea
24	39	22	29.72214798	61.78901701	8.990068338	74.44330654	mothbeans
20	30	27	27.81005614	51.59445462	4.74910393	95.89898581	mango
29	45	24	29.19040615	46.26620875	3.504752314	60.74577211	mothbeans
109	30	54	27.2812931	91.1402351	6.488291558	27.21958253	muskmelon
38	133	204	16.80200584	81.61053363	6.499604931	72.38572775	grapes
13	65	18	25.78794801	62.93505023	7.095131511	47.41380395	lentil
27	77	16	21.1801674	68.21864157	7.208277703	51.15344886	lentil
5	49	17	29.38083532	83.05952748	6.867340951	50.64959582	mungbean
6	20	29	27.81968503	99.34111948	6.018530758	219.8582024	coconut
81	30	48	28.52379742	92.09688432	6.041027474	29.86681385	muskmelon
39	20	26	29.6852634	90.11559133	5.50158009	131.0900076	coconut
9	120	204	22.95769029	91.55667416	5.692048309	112.030047	apple
117	41	20	24.33042544	80.43862727	7.906195577	79.99617469	cotton
36	145	195	22.43232995	94.252858	5.951997005	120.4042148	apple
60	52	23	22.3116586	69.21755924	6.342023813	105.9253856	maize
40	79	17	21.12695586	63.18738532	6.403683619	38.71834464	lentil
118	21	34	24.38534644	64.72543073	7.234258375	119.6324109	coffee
35	67	49	41.31330062	91.1508798	6.617066674	239.7427554	papaya
40	73	85	19.35312557	14.25803981	6.227707689	79.48017531	chickpea
12	144	203	23.38450961	92.62292452	5.900613023	121.369872	apple
33	55	20	27.33697736	61.45909854	5.212035465	30.92014047	mothbeans
117	36	17	24.16864218	79.87365552	6.949581017	60.65381719	cotton
13	30	35	34.46619658	54.9640534	6.955393565	99.86039289	mango
15	69	17	21.84339487	63.75690191	6.266963079	44.30083525	lentil
43	54	48	33.99810451	92.62032822	6.510665356	160.7720794	papaya
23	16	40	23.35150277	86.52737101	6.650197849	112.4750941	pomegranate
49	55	78	18.65580107	16.17772668	7.863113671	81.70769297	chickpea
11	143	197	22.98458907	93.3204487	5.875718516	122.1952483	apple
91	51	43	25.60600737	76.84641257	6.294624805	194.6915065	jute
53	70	45	25.79223072	92.46108073	6.741717872	170.4289134	papaya
38	65	84	18.45051374	17.80898654	6.345324902	79.15753223	chickpea
88	12	51	28.29529738	94.18659832	6.239827467	23.55112968	muskmelon
117	45	17	23.77519925	79.97293009	7.014962033	65.30822704	cotton
23	138	195	22.49095104	91.70292746	5.795985716	124.3915101	apple
30	65	18	33.93948769	44.90413347	6.551277427	166.3144176	pigeonpeas
35	134	204	9.949929082	82.55138983	5.841138354	66.00817551	grapes
40	57	15	27.230928	56.69117874	8.948794772	49.4085943	mothbeans
89	5	52	26.98603693	84.08795117	6.372223264	50.36254	watermelon
82	20	54	29.34033587	90.01506395	6.541150335	21.44532907	muskmelon
77	37	16	21.14666443	61.04321032	6.189259928	75.12835806	maize
129	54	18	23.10980116	82.00969882	6.800897942	84.11120643	cotton
91	28	32	24.00575262	60.83504333	6.878676132	175.0000046	coffee
104	14	49	25.53871155	80.53873465	6.52384606	57.9077165	watermelon
19	48	16	29.10039517	84.76029938	6.872645872	50.62559841	mungbean
99	12	47	27.65396924	90.01506395	6.781050373	25.35712073	muskmelon
22	37	30	30.18593042	52.09033236	6.010575556	100.046393	mango
13	20	10	23.81972223	91.77697693	6.010391864	115.0505367	orange
3	67	22	15.33042636	22.73491311	5.680969374	63.37694802	kidneybeans
30	41	15	24.83206631	44.17085032	5.88509677	52.0810886	mothbeans
2	24	34	28.89409382	54.80750249	6.472774648	94.76322976	mango
5	5	43	21.39434369	89.51908461	5.950841628	112.4750941	pomegranate
37	70	25	19.73136909	24.89487354	5.819403771	84.06354115	kidneybeans
19	128	202	16.68210818	83.61727074	5.76629787	69.93120061	grapes
114	74	45	25.99171838	75.03193255	6.400196026	119.84797	banana
12	10	31	29.4897496	93.11210575	5.61275711	133.2427681	coconut
18	13	11	23.10637743	92.95197447	6.989913312	100.1737964	orange
102	13	48	24.97032264	82.77872281	6.154660495	51.60849032	watermelon
45	66	47	40.02327148	92.75218963	6.654490079	75.04276274	papaya
40	63	18	30.41588462	67.66323804	6.74441168	63.02473185	blackgram
13	60	25	17.13692774	20.59541693	5.68597166	128.256862	kidneybeans
40	61	52	43.67549305	93.79897367	6.879482854	70.71174096	papaya
28	55	21	30.92594967	57.64240141	5.301015999	54.60918413	mothbeans
11	42	16	29.64552756	56.85893635	7.329976352	74.44330654	mothbeans
40	69	25	36.97794384	48.26466267	6.30437989	101.3400679	pigeonpeas
41	56	20	27.25633441	63.13975082	7.667837957	67.04053023	blackgram
23	28	33	27.69034859	91.90275432	5.50158009	173.199937	coconut
120	33	28	25.13280348	52.26813134	7.493191968	199.4735636	coffee
27	55	82	18.82354182	15.98134486	6.206879071	83.86923308	chickpea
17	17	14	16.40329666	91.98289276	7.304193984	102.4114344	orange
28	56	85	20.28743262	15.81688946	7.397624641	94.78189594	chickpea
84	45	35	26.98582182	88.27753773	6.876465906	192.7248663	jute
70	41	41	26.3309183	87.9709747	7.35502159	181.5433889	jute
10	72	18	25.6905288	64.19135202	6.710249596	43.14305835	lentil
14	27	37	18.07132963	93.88845982	6.222208962	103.8497565	pomegranate
37	36	27	27.5529736	47.90859131	5.910634533	90.40332704	mango
9	122	201	29.58748357	80.91934392	5.570290539	68.06417307	grapes
12	44	16	31.99928579	49.95952552	7.31645429	30.92014047	mothbeans
106	15	49	24.69246087	82.95992753	6.509132629	49.20452035	watermelon
89	34	32	23.84159516	50.04557009	7.493191968	168.9531943	coffee
119	5	46	28.83787916	90.01506395	6.101704752	24.76557786	muskmelon
0	23	44	21.25874551	93.02010307	6.075332972	104.6823983	pomegranate
42	72	20	29.8572924	64.60747167	7.634783781	67.45588741	blackgram
35	52	19	27.10606808	89.89593328	6.698574085	37.45680611	mungbean
7	60	25	28.2753171	82.76020821	6.397636709	56.04995423	mungbean
140	49	17	22.36390569	77.5719071	7.28680177	71.08414779	cotton
20	80	22	20.21721363	22.73811871	5.99812453	108.3532954	kidneybeans
9	53	23	31.34789662	40.00933429	5.480842771	46.48188094	mothbeans
35	58	22	28.66141646	87.22698653	6.885169915	36.12042927	mungbean
52	65	20	32.81705216	66.15665137	6.814301033	68.83924882	blackgram
104	18	29	25.74014982	55.38980348	6.618329433	180.0609735	coffee
60	69	75	19.38163223	16.04228224	7.837827715	65.82244106	chickpea
33	40	26	27.4118504	54.9640534	5.939758432	90.78348592	mango
20	67	25	23.20280235	39.84926754	6.060652496	162.2819325	pigeonpeas
2	133	205	14.25624375	82.18227038	6.499604931	65.01095312	grapes
8	126	200	19.5588423	81.28069965	6.499604931	71.97504907	grapes
82	35	18	23.0598414	57.85422435	5.950537307	103.8717907	maize
23	138	205	13.1549378	80.75186542	5.584337873	71.13443448	grapes
4	14	41	19.85139326	89.80732335	6.430163481	102.8186358	pomegranate
1	18	9	30.05120638	92.66463084	6.585525251	110.6598166	orange
91	24	50	25.53272567	82.57266105	6.407815124	48.43395003	watermelon
20	35	17	29.04703906	88.50120116	6.702258939	54.63052318	mungbean
84	44	21	21.869274	61.91044947	5.850439831	107.2681929	maize
116	90	45	26.44370847	77.28412014	5.854539292	97.85833225	banana
36	73	81	18.96464401	16.13429472	7.841184184	82.23918947	chickpea
47	62	52	36.43786767	92.78062562	6.850615693	70.11282734	papaya
85	13	50	25.97382972	89.24983746	6.687613091	49.93280299	watermelon
107	22	46	29.06947295	90.70713899	6.407866406	25.47409945	muskmelon
97	78	53	25.45370467	83.04355961	6.356826834	96.77010294	banana
9	80	21	22.37876021	23.47881023	5.975164641	70.53562958	kidneybeans
35	71	17	29.89286629	66.35375127	6.931924963	198.1403003	pigeonpeas
82	40	42	24.83146133	81.16987994	5.597141299	269.3755588	rice
17	11	32	27.59038394	95.00911255	5.574532099	198.47942	coconut
36	48	21	28.87889597	85.77821627	6.796564407	47.13761508	mungbean
77	36	23	24.71417533	56.73426469	6.648725327	88.45361858	maize
132	46	16	24.32620447	81.18084538	6.886057107	71.68387941	cotton
109	37	26	23.96282586	65.9278228	6.325378686	132.1438996	coffee
4	19	5	17.1315531	90.69404462	6.198043577	110.7354608	orange
44	57	53	42.30495821	90.51431779	6.93172108	74.876786	papaya
65	53	22	19.96844925	65.47687077	5.818627625	97.16245422	maize
25	5	29	28.7083258	90.01734526	6.249752369	204.3341698	coconut
120	17	54	25.61965982	84.58174173	6.241939702	43.44228057	watermelon
19	65	17	26.14577151	65.51526315	7.032331373	45.39189875	lentil
106	43	21	25.99237426	77.96130006	6.805255691	73.79789553	cotton
81	35	18	26.54986394	66.79859445	6.480500965	90.65114136	maize
27	67	16	19.16180796	24.03468275	5.99812453	119.9466604	kidneybeans
22	127	196	41.94865736	82.14380842	5.856173585	71.27141349	grapes
56	65	45	35.28767357	92.07913858	6.643292951	119.8395042	papaya
27	128	195	20.66998436	82.53668969	5.628687369	69.85501351	grapes
34	56	24	29.22616182	85.36585057	6.740811762	50.98383831	mungbean
75	41	38	21.665335	81.44494032	7.868474653	206.506929	rice
19	45	19	25.13287008	57.83236112	7.584741777	73.91086469	mothbeans
32	57	18	15.53834801	23.75560241	5.695422863	107.3850593	kidneybeans
0	28	9	21.13920074	93.84757481	6.953591702	115.4029976	orange
13	61	24	36.40001032	30.40046769	6.494521238	157.7937884	pigeonpeas
80	17	54	28.61623147	93.61971945	6.095526728	28.36471608	muskmelon
42	77	21	32.39871322	63.69045436	6.608313376	64.95246187	blackgram
41	55	22	32.55025054	62.23290342	7.063697426	71.8352973	blackgram
78	35	40	24.30271691	84.82347893	6.224410381	234.9526177	rice
17	61	22	28.042669	64.18926179	5.475164642	102.2429579	pigeonpeas
98	79	53	26.92058392	83.55392066	6.162155127	107.693352	banana
80	42	42	25.01327179	80.69860549	6.373821418	186.7793123	jute
70	50	49	34.80481949	93.13682091	6.80855193	132.3377276	papaya
20	9	39	20.85841404	88.15486548	6.248677642	103.087863	pomegranate
14	60	21	24.98342831	65.92109099	7.102663122	43.67056557	lentil
100	35	21	24.69749695	79.54362256	7.271153267	72.23340211	cotton
40	68	16	26.11741617	63.9600943	7.521967196	45.58544382	lentil
111	5	52	29.8843055	94.0371147	6.135996372	21.0000988	muskmelon
2	55	17	26.64337807	46.0278974	7.017978705	50.33416492	mothbeans
87	45	41	23.58866473	81.95025413	7.211387178	273.5818328	rice
16	63	17	18.06486101	67.28564952	6.566774948	43.7436703	lentil
14	73	16	31.86175779	49.65062083	5.332856834	108.0990337	pigeonpeas
30	18	12	25.35939874	93.66163592	6.745609915	117.7893759	orange
109	29	52	26.26015851	86.93967053	6.758337061	40.12650421	watermelon
28	24	29	29.32784946	99.98187601	5.659207676	131.0900076	coconut
125	54	25	23.18562893	80.43172977	5.801047545	60.65381719	cotton
27	34	33	30.84720431	52.95031214	5.982011661	91.04995099	mango
36	71	18	31.61411587	39.54849406	4.548202098	135.488909	pigeonpeas
46	60	55	33.32496013	94.07730585	6.634892693	168.1914546	papaya
83	21	28	25.5674832	60.49244602	7.466900683	190.2257843	coffee
33	60	16	28.84725577	88.75443301	6.972351898	40.49658499	mungbean
26	142	201	22.99664499	91.52106898	6.041540198	106.9197471	apple
41	66	18	29.95206981	64.87763222	7.400431183	66.53486489	blackgram
36	64	83	19.55410484	16.56560224	7.348711691	79.38729551	chickpea
68	53	21	20.65941842	70.04286508	6.398132754	75.98579865	maize
14	12	38	22.994103	94.0712115	5.561851831	104.0133937	pomegranate
53	58	53	36.19399743	91.83954735	6.895462559	88.00211783	papaya
25	19	30	29.96041538	51.81218784	5.624285491	98.36355523	mango
137	46	20	25.66020283	81.63036221	7.001332525	76.12184913	cotton
36	125	196	37.46566825	80.65968681	6.15526103	66.83872293	grapes
86	51	42	25.4782053	79.51830123	6.777450755	169.4635927	jute
19	53	22	27.8640132	80.4513142	6.852884643	42.83053902	mungbean
102	46	19	22.77076388	82.5993307	6.631005298	81.49543437	cotton
38	77	77	18.0674381	17.19274149	7.945052373	74.88942006	chickpea
61	54	22	20.33541995	66.57611207	5.902739204	86.90668402	maize
113	54	15	23.00708348	75.00539324	6.769964626	68.93575082	cotton
92	50	38	23.33622057	82.8884129	5.116558623	259.3616619	rice
120	27	28	26.65247457	55.50800271	6.619402915	186.6932068	coffee
80	35	19	26.54986394	61.28768096	5.563687088	104.9156031	maize
26	46	17	28.68766594	81.13730618	7.059018903	46.58032254	mungbean
17	20	10	14.66798531	91.26546151	6.718160877	114.9619096	orange
86	26	27	27.13140403	52.89368299	6.081172981	192.4280381	coffee
24	26	28	35.99009679	50.40682987	6.206115599	96.17551684	mango
45	64	51	23.0124018	92.72580532	6.993473247	175.169772	papaya
21	20	35	29.8690834	95.42570381	5.991927484	178.0253788	coconut
39	20	42	23.62981596	94.99897537	6.418465454	110.6695095	pomegranate
29	71	18	22.17499963	62.13873825	6.410441476	53.46622584	lentil
41	65	24	34.9466155	66.84979202	7.383470189	64.60323016	blackgram
55	66	82	18.12972598	16.39724445	7.930885219	75.23542943	chickpea
27	44	23	28.12941056	50.8013809	5.219007099	47.48853477	mothbeans
37	139	202	21.55963271	91.60778422	6.097512033	117.0568624	apple
0	15	27	30.390017	48.91784421	4.59504693	95.05795328	mango
96	21	50	28.29789466	92.15510874	6.273923832	25.69230219	muskmelon
10	44	24	30.99256944	43.02151392	8.0344125	58.27600682	mothbeans
97	59	43	26.35927159	84.04403589	6.286500176	271.3586137	rice
2	30	39	19.09868777	85.12912161	6.816079655	109.582886	pomegranate
27	57	21	36.14909858	40.28299542	5.824964438	143.4655614	pigeonpeas
11	42	22	30.47611469	52.84981546	3.504752314	70.63551969	mothbeans
16	127	200	41.94865736	81.53060952	5.871219711	69.74245024	grapes
30	35	21	29.9145443	85.80949981	6.983529148	54.2380537	mungbean
38	132	197	20.42094753	81.54185044	5.931101816	66.93065667	grapes
21	21	42	24.78923639	91.01246378	6.640536581	103.9039546	pomegranate
61	53	39	20.0454142	81.1292066	5.930273193	245.7256579	rice
17	64	16	30.97758716	32.24914235	7.161797643	180.716828	pigeonpeas
5	73	19	28.69718938	65.08216432	7.019419329	37.84257517	lentil
50	58	55	40.04493172	91.56482892	6.741099483	200.927124	papaya
31	29	35	27.1872282	92.19906776	6.137102505	141.3220576	coconut
100	49	15	26.54986394	74.82913698	6.369836455	65.94268074	maize
34	59	48	38.22936238	92.18575009	6.595586545	149.7265028	papaya
25	68	18	25.86179396	60.09116626	6.299645193	36.57778851	lentil
60	46	42	24.80273002	83.7293653	5.232070846	258.3876111	rice
87	20	53	29.03221574	92.67445238	6.375671018	25.58929138	muskmelon
43	60	48	32.59605816	91.06082213	6.69020654	53.0997942	papaya
95	53	19	23.14823113	59.32820053	5.859769974	74.12353317	maize
21	63	17	15.77370214	19.2303162	5.979973965	108.3441414	kidneybeans
84	53	37	24.94319897	81.13582048	7.001572535	266.0827445	rice
80	77	49	26.05433004	79.39654531	5.519088423	113.2297373	banana
22	71	24	28.08771528	64.48985574	6.779126159	71.03542141	blackgram
109	16	49	26.17840209	82.57269974	6.12805647	41.51899455	watermelon
22	75	22	36.97794384	44.89962126	5.645480313	149.5947585	pigeonpeas
81	8	50	24.52408305	85.71003736	6.383743756	47.85170139	watermelon
36	57	16	28.61409059	57.14218792	8.292875734	57.02891698	mothbeans
102	71	45	25.47615006	80.62197738	6.407014939	93.68078167	banana
37	74	20	29.97619693	62.36474008	5.029909876	165.4379001	pigeonpeas
11	40	23	29.61253065	63.04749127	5.80428611	50.1978269	mothbeans
31	62	48	43.67549305	93.728387	6.59186074	168.1258867	papaya
14	135	203	29.78687849	80.88039302	5.76928946	74.25119026	grapes
95	31	35	23.05951896	63.72614261	6.564572993	174.1682636	coffee
14	30	28	29.8690834	97.20134071	5.922796936	158.716332	coconut
31	56	49	31.61999563	93.54138866	6.569089736	189.2115265	papaya
4	69	19	19.25100056	47.70351758	5.374358869	149.063196	pigeonpeas
37	46	16	28.73009515	87.56805641	7.151667678	56.90664502	mungbean
86	19	35	26.6064243	66.18419576	6.80728668	171.934959	coffee
94	77	45	28.16773015	81.94218849	6.042115176	108.6486005	banana
77	41	40	25.75391901	72.46203352	6.437111519	164.1622502	jute
17	18	5	21.49647433	92.74927427	7.214925756	113.0810045	orange
25	61	18	18.94190885	23.83277948	5.883011058	107.326162	kidneybeans
135	43	16	23.47986888	81.73049149	6.720449769	86.76287924	cotton
37	80	75	18.64973543	16.18272122	6.193080838	80.79562669	chickpea
35	52	25	28.10690728	85.21204825	6.380755912	53.67273982	mungbean
107	45	25	23.0865933	83.55546146	7.227745516	71.84080724	cotton
120	30	29	24.30215319	50.04557009	6.69761214	175.1170912	coffee
28	67	22	34.9466155	65.57643171	6.657585638	60.41790253	blackgram
12	34	28	33.36140093	45.02236377	6.13526938	98.81596545	mango
105	70	49	27.52831166	78.12911089	5.966426858	101.5154045	banana
92	39	40	24.80895251	81.86664521	5.74656243	252.1438473	rice
120	23	50	26.45115018	85.01927303	6.616743682	53.64456864	watermelon
109	21	55	24.9004602	89.73524177	6.770278088	57.44942094	watermelon
23	47	25	30.222919	57.93504658	8.786117001	32.02990534	mothbeans
99	50	15	18.14710054	71.09445342	5.573286437	88.07753741	maize
62	61	46	23.2412335	90.03863107	6.746848329	113.7384137	papaya
66	45	40	26.92995077	83.04280142	6.190159658	232.2939982	rice
10	26	10	27.38890888	92.6033113	7.477597513	114.3801344	orange
18	16	37	20.12359313	91.58009643	5.849619127	108.3602228	pomegranate
82	43	44	22.00181265	83.20900628	6.115562997	257.8833231	rice
2	143	196	22.71271308	90.45261746	5.669489065	109.8852597	apple
30	32	34	27.00315545	46.93171157	5.761891587	96.32683077	mango
119	30	28	26.35770906	64.57578034	6.505203696	163.6269496	coffee
47	60	77	18.47690843	17.27072997	8.218883447	75.55896465	chickpea
10	56	24	29.2234639	45.26200273	7.754087763	68.26394816	mothbeans
22	66	19	23.92952537	18.09224048	5.824985913	98.02062385	kidneybeans
40	126	196	22.50493463	91.5662411	6.223882227	117.6396843	apple
21	135	196	22.92356551	94.92048112	5.860356765	109.0172983	apple
121	46	21	23.44152835	75.00539324	7.447048644	71.88593212	cotton
33	71	23	19.22173306	21.265626	5.74902617	118.0002068	kidneybeans
40	122	203	27.77173137	81.69954514	6.172524398	73.57607255	grapes
22	80	17	27.7517436	69.69141302	5.201896898	105.8696319	pigeonpeas
0	70	15	21.0536529	21.04290766	5.917159842	62.63345148	kidneybeans
114	30	51	29.24908541	90.06998135	6.069171847	25.93496537	muskmelon
2	53	21	29.13720145	48.31619201	9.93509073	59.32799962	mothbeans
30	72	19	31.29076703	65.57945574	7.147635143	74.91559514	blackgram
72	47	45	26.41130938	77.54301328	6.592540458	181.3628485	jute
5	30	39	24.96273236	89.61295123	6.421266475	107.0772024	pomegranate
74	46	37	22.90972815	82.94882621	7.826070196	238.7667015	rice
18	48	22	28.97777358	80.0526618	6.651884727	48.18086904	mungbean
34	60	77	17.04345032	16.868152	8.01213333	82.1542756	chickpea
79	38	39	25.5420437	81.91837414	7.423124865	150.2355238	jute
3	23	30	29.70143197	95.65754365	6.078807239	215.1968037	coconut
108	33	26	26.67243658	54.98346147	7.467161989	187.9277892	coffee
60	65	15	30.63261986	69.2241731	6.59069978	68.80178626	blackgram
78	48	35	22.21799557	81.36436249	6.242186806	213.5118481	rice
29	72	23	18.26097398	69.38199009	6.80338958	50.56102457	lentil
34	6	30	27.0828252	97.00155491	5.948342571	171.7575545	coconut
68	42	38	24.31621584	79.64755636	6.44308161	165.0466643	jute
76	60	39	20.0454142	80.3477562	6.766240045	208.5810155	rice
10	80	22	22.56306287	40.00478559	5.964447535	116.1865121	pigeonpeas
16	38	35	27.00315545	50.8504244	6.72715565	93.20359003	mango
21	62	19	20.06116993	21.77447454	5.694003574	113.9255413	kidneybeans
17	56	17	27.7304314	46.01656996	5.539063032	44.92329659	mothbeans
47	48	45	27.23102474	91.37635225	6.802827279	167.2906003	papaya
24	6	29	27.95813732	98.24971071	5.872722388	139.1939519	coconut
32	11	31	29.51611558	92.56492864	6.461225827	131.2116167	coconut
87	82	55	28.91357979	79.40070949	6.131112486	90.10978128	banana
78	45	36	24.04192388	72.75139928	6.148732962	196.5391286	jute
103	40	17	25.18739549	75.00539324	6.382895526	89.92862277	cotton
14	26	34	28.08758563	95.81220932	5.86702551	171.3848662	coconut
89	28	32	27.92374437	56.67893227	6.551058322	189.6724901	coffee
120	54	20	24.37151223	81.81833086	7.917001074	79.96352556	cotton
24	70	21	19.14729038	45.3733757	5.517208078	132.7748215	pigeonpeas
18	56	15	25.58644181	50.72460998	8.24059596	68.21686695	mothbeans
9	33	25	28.75929798	45.02236377	6.76225441	91.81429319	mango
14	16	8	22.16771894	94.89738582	7.598805233	108.6230564	orange
54	77	85	17.1418614	17.0662427	7.829211144	83.74606679	chickpea
102	77	55	25.97147424	84.97849241	6.253609545	95.64724136	banana
86	35	23	24.27720889	61.74924096	6.306358621	82.26194576	maize
29	15	32	28.21343896	99.08107863	6.042511136	211.5907292	coconut
92	45	40	25.9440395	77.83471155	6.677996062	187.4372513	jute
17	13	39	24.82771132	88.96563847	6.11856065	103.0959458	pomegranate
60	59	22	22.02707879	61.42900293	5.590488752	60.65171481	maize
62	58	46	31.8302081	91.69737157	6.765068446	136.1720215	papaya
28	74	17	22.72417813	22.61460272	5.718099557	95.71175297	kidneybeans
17	80	15	27.52394225	65.04516971	7.589217092	40.83352637	lentil
49	60	15	26.2253558	60.06534859	6.679568728	68.80168031	blackgram
15	27	28	33.80398664	46.12866113	4.507523551	90.82549241	mango
0	143	202	30.21929751	81.15535471	5.888007516	74.91506217	grapes
63	41	41	25.55060994	82.37497001	6.605676246	298.5601175	rice
80	47	43	24.94504567	82.01942041	5.962165369	258.8805042	rice
92	77	47	25.01018457	83.86352596	5.622049165	90.10978128	banana
100	37	19	24.98559632	78.05199252	6.273479848	77.54718903	cotton
35	55	54	35.7965414	92.60299988	6.810162533	118.618406	papaya
40	72	81	20.32246295	15.53691994	7.804388576	81.9500454	chickpea
105	11	51	26.98603693	85.92825628	6.956508826	50.11269433	watermelon
93	37	33	25.1000393	57.74295124	6.56522357	164.453531	coffee
92	22	47	24.79410771	89.37724902	6.655278028	55.52922218	watermelon
120	26	31	25.9155459	67.12177609	7.149326126	153.2859347	coffee
65	53	40	22.5098713	82.51419731	5.580172348	275.280977	rice
8	16	6	12.22816189	90.26457428	7.106650373	108.4161706	orange
0	25	38	21.50434654	91.25649825	7.199504273	110.6114703	pomegranate
85	43	44	23.43784186	81.11009801	6.145377012	285.3900937	rice
86	83	47	25.72344579	83.71303519	5.792483031	119.84797	banana
0	39	22	25.20984267	45.53092926	9.336923316	56.29181819	mothbeans
86	60	43	26.15280347	79.73141876	6.20811626	187.5563572	jute
96	35	18	23.1946591	64.863851	6.583835696	64.09072148	maize
18	130	201	22.67926137	94.92048112	6.167274779	121.7015781	apple
33	136	198	41.94865736	80.63432697	5.933397306	66.48085501	grapes
38	67	20	25.09737391	63.99995709	6.695828273	74.91559514	blackgram
32	16	29	32.72128453	50.54391809	6.967417766	94.70868377	mango
85	25	55	29.19746422	91.39051063	6.213779128	22.76858011	muskmelon
26	16	28	31.70023305	50.49603443	5.532862168	100.8124659	mango
57	59	16	32.07584648	60.87072379	7.2877161	74.91559514	blackgram
7	34	28	28.75180647	53.93634236	6.722328002	89.90466555	mango
38	68	16	20.75521287	63.80950644	7.376132888	47.8749995	lentil
140	52	20	23.79376494	81.04098845	6.466754512	83.86554402	cotton
21	22	26	31.34070634	49.29018731	5.465663905	90.80324571	mango
13	6	15	24.03519924	92.7402296	7.087275605	106.9130897	orange
84	57	36	26.10577803	82.82701855	6.082580959	214.4287464	rice
82	48	42	25.3810309	75.55444839	6.888645912	192.537097	jute
5	24	40	24.692258	93.87030088	6.297907579	104.6735454	pomegranate
16	132	200	22.4130287	92.78433534	6.096241063	114.8699143	apple
20	18	25	26.45328006	94.17256229	5.775841569	195.7489943	coconut
21	21	28	25.56034942	97.75356211	5.749164384	160.3068047	coconut
107	40	30	23.13002405	65.58912658	7.019559699	152.0340794	coffee
73	57	19	19.56841944	68.16918405	6.708672947	89.30231753	maize
29	15	31	26.9774146	92.80625123	6.097160058	205.8005551	coconut
59	59	85	20.23779379	17.50679154	6.90630153	92.0009354	chickpea
27	69	25	23.37145198	23.6781637	5.583987349	63.77549574	kidneybeans
103	91	51	27.46512215	77.06025949	6.0261653	102.7225538	banana
84	40	43	25.01157559	88.3313023	7.228268228	169.4168014	jute
37	60	17	27.1604397	49.11991146	9.352559492	46.83686369	mothbeans
34	65	20	31.61970295	68.98798483	6.897848123	68.23337421	blackgram
60	56	15	20.4537407	71.13716747	6.109801528	84.09144593	maize
79	57	39	26.25915898	80.14820067	6.002524871	178.9591946	jute
5	8	31	27.57476924	97.75157115	6.13108767	179.3726168	coconut
126	52	25	25.47372977	84.87668973	7.994236845	82.09330615	cotton
97	51	39	24.39159692	80.34347788	6.878002423	188.994077	rice
109	12	46	24.35590074	85.58001117	6.777230938	52.72128154	watermelon
30	10	38	24.35401155	85.12912161	6.463137076	106.2861244	pomegranate
9	15	40	22.84441919	91.61018822	5.984269238	108.2721037	pomegranate
13	63	22	19.94692204	52.04651174	5.544761044	194.4602392	pigeonpeas
15	16	35	26.90263815	92.56126146	5.715557183	143.3421775	coconut
114	79	51	26.21009246	82.34429458	6.313197204	112.0700033	banana
36	5	45	20.87585256	87.97994032	6.851115184	106.1108276	pomegranate
17	18	30	27.95131072	52.64349169	5.936005716	97.34877124	mango
100	40	20	22.45145981	76.25674874	7.432043735	86.84998693	cotton
73	50	35	25.01162269	80.14675719	7.488014404	179.0953413	jute
3	67	24	17.00067625	19.90790546	5.520880014	103.2926407	kidneybeans
85	28	55	27.14178779	93.15370696	6.33646735	27.43429418	muskmelon
26	53	21	29.66704743	84.55025054	6.949091193	48.36046184	mungbean
28	48	15	27.92175571	80.03499648	6.484388478	52.25693973	mungbean
22	64	25	21.20693833	24.10728859	5.975387522	149.7441028	kidneybeans
95	90	53	27.63105561	83.07003007	6.103376729	98.61989493	banana
34	51	19	27.56604894	84.74378458	6.218923893	50.69226878	mungbean
21	26	33	35.39329628	52.33436976	4.650753565	96.52815485	mango
42	55	85	18.82004334	14.25803981	6.954050931	75.56892575	chickpea
87	76	47	28.96526922	81.52913904	6.055321962	99.48911002	banana
19	39	19	28.54724739	83.67583951	6.692554918	59.87232071	mungbean
7	16	8	17.83906949	93.88902609	6.82582337	102.9663209	orange
116	20	52	26.86987431	84.70860445	6.956508826	53.96913067	watermelon
73	48	20	18.38593959	67.2912792	5.883712108	87.39056368	maize
23	55	21	24.1870242	51.06236572	5.516138509	49.31645876	mothbeans
100	18	52	26.20234499	80.38266489	6.87606733	56.47941847	watermelon
80	44	44	24.38574258	81.39414459	7.324486541	198.8556358	jute
97	21	29	23.05951896	60.27611877	6.776861052	171.1183679	coffee
115	52	18	22.95641718	78.26129037	6.691390375	75.5650896	cotton
91	9	53	29.52181951	91.29180849	6.334409169	25.21383836	muskmelon
14	120	197	22.60136938	94.28462534	5.633299786	107.876227	apple
40	62	20	18.06486101	66.17546797	6.917743322	49.84887871	lentil
38	135	203	23.76121837	93.661643	5.965551311	100.825956	apple
83	7	45	29.08417927	90.73891887	6.704104127	25.33014238	muskmelon
34	71	22	30.03048218	69.6316419	7.686128231	73.87155688	blackgram
22	15	33	26.70431301	90.01734526	6.04770094	166.4417717	coconut
77	45	40	20.99506101	81.61218475	7.502317603	236.557737	rice
107	15	52	28.31667426	92.65139057	6.109725423	21.66632996	muskmelon
81	43	37	26.92995077	83.03349506	6.635218157	247.4201381	rice
87	44	18	20.66695554	64.34097096	6.959717968	86.65195548	maize
101	81	50	25.68998937	77.64645014	6.00879548	99.87975271	banana
26	76	22	18.71324574	18.09224048	5.629995776	119.8010647	kidneybeans
43	65	48	34.10572709	90.90746299	6.6765485	42.01788565	papaya
18	57	15	24.60849992	50.88456731	4.894698935	69.61947845	mothbeans
114	49	21	23.26222469	80.52640372	6.536086934	86.94759597	cotton
14	75	24	24.54757829	57.3414485	6.436160044	118.3606557	pigeonpeas
40	65	49	35.32876402	91.06138506	6.678449318	163.9069365	papaya
28	66	22	21.11806649	60.84516084	6.611607203	35.21529951	lentil
9	19	5	22.62016494	94.30977363	7.006149835	113.7660701	orange
27	76	21	26.18859759	62.80976167	7.009732143	60.41790253	blackgram
24	123	204	23.65729035	93.32041271	6.240655745	110.6384781	apple
36	68	20	17.06104474	23.77201471	5.86442953	81.83420522	kidneybeans
52	66	78	20.99502153	18.65676433	7.180696961	83.26254728	chickpea
28	45	19	29.12492329	83.26507185	6.441127329	41.96125488	mungbean
108	22	46	26.17668721	86.7295205	6.121168559	53.33484977	watermelon
110	35	35	23.56004547	55.17420578	7.052161367	157.0352914	coffee
68	48	15	22.41290367	55.28220433	6.195350791	75.60539402	maize
0	15	45	21.50476335	86.58505426	7.194640256	107.2464936	pomegranate
11	71	21	24.24774206	60.09116626	6.168435183	35.03484812	lentil
10	18	45	22.17260108	94.99897537	6.016243379	104.5991174	pomegranate
25	17	8	34.61257245	92.37998042	6.685934372	112.2545558	orange
26	10	33	28.27298134	96.93649473	6.07071786	198.8234862	coconut
27	8	30	26.44600063	98.29937782	6.008386283	221.2258168	coconut
89	24	50	27.78811137	90.73928542	6.43013273	28.52583108	muskmelon
0	69	19	20.28292788	65.35539374	6.703917101	36.97561228	lentil
109	90	51	28.43227726	76.8841819	6.126032904	100.7666881	banana
28	23	28	30.01821337	50.0983181	5.676032581	96.08745082	mango
15	123	200	23.87997257	92.93352754	5.705826508	108.0423837	apple
15	54	18	27.74388174	88.94458823	6.586162436	45.04199962	mungbean
19	78	17	19.21487965	22.53424154	5.851789547	94.85577122	kidneybeans
36	21	28	29.38578748	45.07079478	6.057438755	92.15742191	mango
92	90	49	29.87478813	80.75528189	6.490074429	106.4670412	banana
12	37	23	28.92801758	86.26765342	6.433231647	42.75149614	mungbean
13	27	33	33.4274634	50.54997068	5.041268424	95.96695009	mango
106	45	17	23.52315431	84.6231784	7.994679507	78.54316151	cotton
12	42	24	25.61123473	56.80191006	9.93509073	74.44330654	mothbeans
22	64	19	32.11175358	56.27480133	6.125423191	118.1972806	pigeonpeas
120	55	15	25.32842441	77.84229343	6.478647665	69.50843335	cotton
93	91	47	27.84767901	83.31110751	6.101241579	117.2878912	banana
24	66	21	27.68850609	63.85449498	6.09572956	45.06425338	lentil
78	39	45	25.65418002	84.96907151	6.162460732	298.4731387	rice
16	58	19	15.33042636	24.45830894	5.816775563	102.9294395	kidneybeans
107	8	52	24.41982973	85.53647446	6.956508826	49.99551054	watermelon
17	120	200	22.2376925	94.35632291	5.514253142	120.2322211	apple
68	52	49	24.42561272	92.27749066	6.577192175	63.35298768	papaya
23	128	198	36.54031489	82.12453708	6.014738808	70.93245325	grapes
99	20	48	28.99555895	93.16291616	6.187649135	24.86718411	muskmelon
21	57	21	25.13785081	49.41593623	6.132254778	57.30231786	mothbeans
70	44	19	23.31689124	73.4541537	5.852607099	94.29712821	maize
31	22	31	30.32679542	53.08073401	6.14326748	92.95838032	mango
68	60	43	23.95259309	88.96177366	6.328803892	174.7750526	jute
80	50	19	23.04504761	64.28971982	6.131574762	102.6594831	maize
30	143	199	23.76881552	90.59810302	5.7983508	102.2648546	apple
80	52	37	23.37054679	89.89106506	6.07615187	157.8502455	jute
121	46	25	24.7689359	75.54121666	6.643580656	93.02536387	cotton
103	40	21	22.66431583	83.66834698	7.627144289	79.34707939	cotton
47	61	47	31.65086924	92.64027411	6.624057284	248.8592986	papaya
87	49	36	20.0454142	80.12267476	6.578116719	182.5616319	rice
100	17	52	27.29219785	90.01506395	6.227268379	26.0054618	muskmelon
36	67	24	34.15533774	65.95528477	7.288962224	63.48143631	blackgram
43	64	47	37.240892	91.25940284	6.721900112	40.35153141	papaya
118	21	47	24.98477654	81.77679533	6.483918431	51.29854423	watermelon
10	56	18	27.99627907	68.6428593	7.32710972	46.10585191	lentil
80	18	51	28.05380704	91.81758779	6.706053225	20.76582087	muskmelon
14	23	25	26.18552389	96.96637916	5.612122797	135.4186222	coconut
11	71	17	19.9191786	21.47324158	5.74644777	82.68554379	kidneybeans
22	138	195	27.83487131	83.51444973	6.208196881	73.02882766	grapes
64	60	25	20.52522934	60.67008539	6.584508375	94.11255429	maize
19	60	19	27.75595966	86.91514369	6.281310335	39.40913437	mungbean
92	22	55	27.94383808	91.76325342	6.41328941	21.50558012	muskmelon
36	30	8	13.17179877	90.09929094	7.907070194	118.9734853	orange
11	5	33	27.9207039	94.07690465	6.013993878	174.8843281	coconut
87	14	45	26.15106899	84.79850552	6.756915906	51.47829328	watermelon
94	22	30	24.89037388	59.98034257	6.81083585	184.5976044	coffee
34	16	25	30.07202564	50.96040505	6.10729559	92.09609766	mango
28	23	40	20.63822231	90.27931619	7.199504273	108.933876	pomegranate
85	42	18	22.24056371	68.2558871	6.396703336	90.42446217	maize
36	69	85	20.83853351	15.3854691	7.810136623	81.59787306	chickpea
11	44	25	26.49666307	45.84646196	3.702753935	51.8586322	mothbeans
34	43	15	31.99928579	42.74524994	9.93509073	30.92014047	mothbeans
64	60	21	26.54986394	67.05923565	5.908217448	78.49681883	maize
13	19	9	29.16445048	91.325667	7.383007136	112.9209493	orange
44	77	21	32.63918668	61.3009051	7.326980454	61.83876146	blackgram
39	60	21	34.89814946	63.59948557	6.97297656	64.72797143	blackgram
19	11	31	26.47389011	94.46408264	5.85869161	131.0900076	coconut
81	48	38	22.42262962	81.36576198	6.498183446	277.9391321	rice
63	42	21	23.26237612	72.33125523	5.798423908	67.10225139	maize
7	26	9	17.13086383	94.70550469	6.479340682	106.7410966	orange
33	54	46	36.7837308	92.2982314	6.993473247	135.2836466	papaya
26	24	34	31.27180992	52.23810152	6.811291098	89.74409017	mango
0	135	195	29.95722415	83.44133811	6.439488727	72.68007349	grapes
32	11	31	25.06871967	93.31410447	6.205931638	134.8419069	coconut
17	13	7	21.62181192	91.32573137	7.002418191	102.2683665	orange
25	56	21	29.30127421	66.16429961	6.975961494	64.7381193	blackgram
23	27	7	11.70765135	92.98398958	6.349576213	117.1421929	orange
32	55	51	29.60718808	93.15642801	6.57398033	62.68710535	papaya
60	79	77	20.01108657	19.48044763	7.190786305	87.36622486	chickpea
83	58	23	19.74213321	59.66263104	6.381201909	65.50861389	maize
117	40	19	22.16366013	82.05203631	6.489765157	82.93391628	cotton
14	66	21	27.24323653	39.99312966	6.010508474	114.9160577	pigeonpeas
23	35	18	26.4908332	47.36534833	5.414492777	36.99362831	mothbeans
53	80	78	18.40904598	18.48492813	7.297657931	75.160196	chickpea
69	43	45	23.09433785	79.15957296	6.930195368	150.2355238	jute
24	74	22	24.2236826	63.5874884	5.91645379	49.11729037	lentil
21	69	15	21.03123106	63.29338214	6.939330338	40.61843979	lentil
126	43	24	23.60243467	83.53129425	7.317461646	79.75216938	cotton
72	40	41	22.0306461	82.4213119	5.247169951	209.2347258	rice
81	59	41	21.5922531	83.83189413	6.890524491	233.6703237	rice
111	5	46	28.39129931	94.36605948	6.781050373	27.35226335	muskmelon
35	58	53	23.0124018	93.73772526	6.978775057	211.154044	papaya
27	46	17	27.43568041	85.61820496	7.120206331	42.62357757	mungbean
99	54	37	21.14347496	80.33502926	5.594819626	198.6730942	rice
31	55	24	28.7349068	88.31789103	7.004276425	53.11127679	mungbean
31	71	75	19.76754369	19.13184908	7.829224901	82.51694157	chickpea
90	60	39	26.25795646	83.20724731	7.616859403	269.4612601	rice
17	129	202	19.67171098	80.60951565	6.165217512	65.22480794	grapes
100	27	45	28.3044509	91.89372523	6.183159339	26.42995829	muskmelon
28	45	23	29.65021184	80.29868321	6.489259136	56.76278363	mungbean
19	7	9	27.255435	91.71369387	6.969883483	101.139435	orange
44	55	25	29.6321052	65.91359954	7.42160832	71.16331975	blackgram
26	75	80	20.22118141	17.29964448	6.908674045	77.73928854	chickpea
123	58	21	23.01432687	77.27765772	7.225764358	82.1660094	cotton
120	26	32	27.92374437	68.47439363	7.114851867	163.7881249	coffee
43	63	80	19.50390232	19.93531493	7.628979887	77.84838213	chickpea
109	81	45	27.47845712	80.34985112	5.839712914	109.0760706	banana
19	23	25	31.08402052	54.9640534	4.983764095	100.8124659	mango
40	63	15	34.57400978	66.08034906	7.616409479	64.53102091	blackgram
24	18	32	26.93560191	98.12902408	5.702633641	150.2014255	coconut
8	135	199	23.03955112	94.58152956	5.990139127	117.5923311	apple
21	74	15	29.49096726	67.10604388	6.471862118	153.2504506	pigeonpeas
33	72	18	28.38721587	64.92909174	7.602635345	66.64253287	blackgram
33	144	197	21.72680332	91.75561389	5.765214252	114.3491875	apple
78	43	22	22.929517	71.86405762	5.513697923	109.7515385	maize
97	23	30	27.92374437	56.61428186	6.656948706	164.1985647	coffee
103	83	51	27.85791565	83.12115994	5.917216374	90.10978128	banana
102	71	48	28.65456263	79.28693687	5.695267822	102.4633775	banana
24	18	9	19.75611725	90.05108135	7.09135514	114.2646158	orange
86	45	36	24.45118544	80.86337919	7.016568837	224.5354376	rice
9	137	200	12.33053184	81.26464379	6.499604931	72.44298424	grapes
11	18	30	35.00566024	48.58668298	6.429804884	97.73552396	mango
22	67	19	19.70484334	62.39692022	7.013374081	51.33506798	lentil
27	56	22	19.91853092	20.70099804	5.833010958	108.6434544	kidneybeans
9	131	195	22.3313587	90.02575116	5.855776333	100.1173443	apple
1	6	35	27.02269204	95.71935435	6.231662767	147.1682459	coconut
123	47	22	23.45348473	79.09760876	7.645491103	90.1389723	cotton
45	61	50	37.31918981	92.91326204	6.884079641	119.8102251	papaya
26	76	23	30.54621642	58.02618325	4.745210822	93.17763024	pigeonpeas
85	49	41	26.86107343	80.27956094	6.002524871	171.8627296	jute
99	53	18	21.12336666	74.82913698	5.997578773	88.33442519	maize
4	53	19	25.80149257	51.26054017	3.504752314	67.28129917	mothbeans
10	44	16	28.89376946	84.90130825	7.199495368	48.7608804	mungbean
26	80	83	17.08498521	16.14565756	7.528599957	71.31007253	chickpea
121	52	20	23.17038105	82.83143183	6.482238555	99.93100821	cotton
107	70	53	25.68190325	79.88815753	6.13001257	103.4092596	banana
102	40	24	22.61596019	82.03744459	6.772342494	78.51635636	cotton
23	70	15	24.07149447	64.54450493	6.03851053	45.29658478	lentil
129	40	23	22.71667953	81.83479642	7.586153741	96.44265244	cotton
22	80	18	24.11394985	66.72667705	6.314974267	36.95611607	lentil
8	80	21	36.97794384	42.09928884	5.171682984	131.0142745	pigeonpeas
25	25	32	26.10931256	92.87028151	5.874433713	219.5488042	coconut
37	35	22	28.79616945	51.35686519	6.178643619	60.10831917	mothbeans
112	49	21	24.064448	77.99221119	6.303360577	93.287808	cotton
24	136	205	22.63316656	80.01639435	5.805482019	69.69009062	grapes
115	48	24	25.0515932	81.05430035	6.532681137	68.8432034	cotton
28	40	35	30.4481704	53.60499744	5.629330116	95.44327576	mango
105	30	48	28.66540227	90.63308823	6.364806537	27.59051689	muskmelon
17	77	20	25.11214812	66.51956331	5.013408218	133.0515951	pigeonpeas
91	22	29	26.45344862	61.12606337	7.298602905	141.4290727	coffee
107	51	16	25.55959108	78.76940604	7.670192588	88.9413204	cotton
21	13	37	21.33404683	93.46049341	6.352261989	106.2554676	pomegranate
35	22	36	18.07132963	87.39934481	6.521943648	109.6996003	pomegranate
100	39	24	20.80869967	71.779389	6.456234518	105.6343504	maize
37	18	12	10.2708877	90.19147747	7.401121811	106.6955204	orange
137	51	22	22.81641709	79.59609018	7.116417319	80.69034973	cotton
6	18	37	19.65690085	89.93701023	5.937649578	108.0458926	pomegranate
32	131	199	22.2032083	94.8630841	6.02586928	111.1592547	apple
64	60	44	24.28436047	80.33200195	5.700840412	182.5616319	rice
80	28	54	25.97790543	89.84763766	6.382683031	56.25632514	watermelon
60	64	17	33.32630332	64.27311293	7.122495567	74.91559514	blackgram
48	65	78	17.43732714	14.33847406	7.861128148	73.0926704	chickpea
34	9	32	28.46268906	97.40105074	6.163563869	190.1347979	coconut
1	77	25	31.81889153	48.82637332	5.081996763	167.1803228	pigeonpeas
5	61	25	26.26665473	65.4421106	7.103254727	50.45763954	lentil
97	50	41	24.52922681	80.54498576	7.070959995	260.2634026	rice
6	126	201	27.48491141	82.78705517	5.79539773	67.57807291	grapes
117	19	54	29.7009773	92.02072907	6.426159088	22.8428053	muskmelon
8	63	16	23.71059127	24.6557324	5.910579837	142.8275409	kidneybeans
34	133	199	26.15311315	81.05532931	6.124773603	73.38715024	grapes
42	73	75	20.34147014	15.93222987	6.354370126	81.90546357	chickpea
13	11	10	27.54702088	93.75154994	6.842041511	117.4856874	orange
106	86	46	27.41168089	80.26928143	5.505393833	90.10978128	banana
81	42	36	24.27478351	82.29364357	5.255368515	230.4244055	rice
25	62	25	25.8383252	65.48133555	6.738928728	36.96785185	lentil
118	41	24	22.90893723	75.00539324	6.42588872	87.01724163	cotton
5	14	8	23.96310572	91.75512537	6.924870098	113.9110884	orange
97	22	50	26.26028739	86.14585891	6.7698938	58.97878791	watermelon
104	23	33	26.23185337	60.16595859	6.788312222	182.6712601	coffee
8	137	200	22.89860755	92.27879322	5.707102385	107.9984151	apple
99	75	49	27.52946193	80.16668747	6.058205867	99.83886764	banana
12	17	15	30.35382512	92.04216297	7.400133171	114.8065924	orange
6	37	17	28.08657178	80.35005927	6.760694228	38.14476781	mungbean
67	42	42	25.1121347	77.24536197	7.055364489	166.7597777	jute
25	39	20	28.75528049	85.67285253	6.747817621	53.51041912	mungbean
54	68	78	19.36236464	16.63252052	7.054718334	93.02971419	chickpea
62	60	20	21.00498036	73.77054675	6.227821596	91.46352584	maize
8	41	22	28.35103091	84.65290928	6.813978312	45.30672134	mungbean
31	13	33	29.69952329	95.21224392	6.342463714	148.3003692	coconut
53	69	19	31.95627145	67.05308478	6.731917053	61.70475264	blackgram
36	127	198	36.95986153	80.22453145	6.104310605	66.31260058	grapes
108	46	17	24.3017998	84.87668973	6.93221485	65.0247867	cotton
53	79	81	17.02498456	16.82670513	6.572862682	83.27783038	chickpea
16	55	20	20.58544244	21.21370277	5.568057171	82.02329943	kidneybeans
27	60	18	21.49234217	20.12341114	5.502999119	92.59343681	kidneybeans
107	5	54	25.38102997	83.87717393	6.863800476	56.96800752	watermelon
2	36	31	30.90225239	49.95955487	5.73171945	91.77522598	mango
88	5	47	25.86475496	86.67468041	6.662244646	41.16554802	watermelon
31	50	22	28.02370322	88.67473347	6.218923893	46.61847896	mungbean
111	85	49	26.94719312	81.76112077	5.505393833	90.42345862	banana
100	8	52	24.72446717	85.92861106	6.137096558	52.73768083	watermelon
13	57	25	28.30041493	86.20681554	6.86308576	50.47333854	mungbean
18	37	20	27.42703782	82.69206934	6.890690186	53.46741926	mungbean
99	15	27	27.0424167	57.27927475	6.501157208	165.6872119	coffee
32	126	202	35.3968672	81.77865899	5.796159938	72.55806495	grapes
5	22	9	18.4988072	94.60098761	7.051811044	106.2541367	orange
45	58	49	30.10773379	90.34546355	6.827812549	75.24521981	papaya
114	40	17	22.2753081	79.44755665	7.611774486	70.6285158	cotton
29	67	22	36.97794384	69.69141302	5.566190283	138.7950826	pigeonpeas
22	145	196	23.08065071	90.59833186	5.52189854	117.6419774	apple
33	55	21	32.91129269	65.97625524	7.028741196	73.57918345	blackgram
93	20	50	29.93061247	93.22980899	6.448792689	24.34814338	muskmelon
76	52	17	22.03460225	65.15714898	5.761626977	86.34348833	maize
40	64	20	24.05590593	61.97403546	7.264198798	40.10260072	lentil
25	59	19	29.06631494	83.6869203	6.626629798	43.95183726	mungbean
18	35	23	30.22419352	51.49109172	6.191090255	45.32240235	mothbeans
40	50	20	31.00008296	51.82684037	6.253177158	44.81177466	mothbeans
9	138	203	22.2856956	94.92048112	5.975031811	119.0411931	apple
25	24	11	29.07075408	94.51182958	6.536576689	107.9782607	orange
120	7	47	24.24782473	83.03687902	6.653867608	54.7657624	watermelon
27	66	15	26.57650248	39.45629422	5.116587884	145.7444109	pigeonpeas
80	38	30	25.4665573	55.52174879	6.85034561	192.5508897	coffee
87	45	21	19.77080978	68.85488814	6.593575756	82.68628953	maize
77	50	41	23.09433785	76.40088452	6.351415343	169.1986635	jute
133	53	22	25.05785646	82.2989202	6.494578496	67.69290678	cotton
23	137	201	41.94865736	83.04048011	5.89351276	69.28535188	grapes
75	35	39	20.0454142	81.72159156	6.376652312	248.4903849	rice
22	41	21	29.09035791	87.23812048	6.360392172	41.30708906	mungbean
90	55	19	21.88349028	71.6329784	6.379260639	84.88180436	maize
40	129	199	22.14739828	81.91156906	6.13482799	69.31487369	grapes
22	5	33	27.11940516	92.99069736	5.943534887	174.1071533	coconut
97	82	52	29.80633225	80.41858075	6.00356707	100.8624244	banana
126	46	25	24.43847399	81.69801729	6.757457943	60.79645852	cotton
23	70	19	24.70425607	20.90769878	5.622715726	114.666467	kidneybeans
5	48	19	31.99928579	55.58975836	5.085041208	44.30462301	mothbeans
25	65	22	25.09331217	60.09116626	7.549435832	51.05966869	lentil
36	73	19	28.56478885	64.34123225	7.19536405	70.070459	blackgram
13	63	15	25.69709735	69.92375891	6.729408325	48.94790361	lentil
5	145	205	22.02981603	83.08403105	5.966950249	67.8199561	grapes
13	120	195	23.99686172	94.02614703	6.499226821	120.9593418	apple
38	39	15	28.41441732	83.51904445	6.724416164	41.31671951	mungbean
85	56	41	21.29242972	83.75831381	6.50080421	252.649459	rice
22	132	197	19.88897508	82.20809716	6.144681816	67.00317424	grapes
54	66	15	28.32688261	65.26460788	6.797187518	66.57447674	blackgram
25	39	19	26.79365247	50.70001162	7.337036962	52.95233302	mothbeans
20	57	25	28.06451955	64.52766612	7.586715871	71.17514808	blackgram
39	24	39	23.65374106	93.32657504	6.431265737	109.8076178	pomegranate
19	69	25	19.80551801	48.46427376	5.731169531	104.7942754	pigeonpeas
90	15	47	24.89205024	84.64088476	6.393959844	44.89315744	watermelon
103	33	26	24.97523901	58.65167184	6.725268388	174.6229983	coffee
49	61	45	32.76795887	94.57377401	6.764213299	240.4795923	papaya
38	77	85	18.24327489	14.63089311	7.370743104	65.11365631	chickpea
17	64	18	36.75087487	58.25799145	6.07938452	124.6028153	pigeonpeas
14	66	19	27.50359283	66.33315712	6.907157318	49.1592407	lentil
4	19	33	27.07853318	95.30124514	5.875008553	219.4690625	coconut
87	36	31	25.91979749	50.04557009	6.944512902	191.6891126	coffee
82	60	20	21.85431845	66.06850244	6.544959971	90.79151686	maize
120	19	49	25.18692168	84.3154429	6.956508826	40.12650421	watermelon
17	61	17	30.10366962	50.60677835	5.161912388	142.7511634	pigeonpeas
4	145	200	22.87669675	91.27523698	6.195210079	109.1447153	apple
75	39	19	24.02629791	69.70279361	5.832291495	83.17005914	maize
20	69	15	23.44260668	22.77255917	5.934136378	107.4137246	kidneybeans
24	70	16	25.17885316	68.93307305	6.54803469	35.03484812	lentil
96	89	54	25.01018457	77.80617868	6.244551909	105.2632365	banana
17	66	22	24.30616754	69.61947782	7.598610567	49.59355147	lentil
31	30	28	35.45385855	47.38899591	6.1712864	89.3249651	mango
20	62	21	28.60135239	63.97879621	6.977860006	62.58207548	blackgram
60	55	19	21.36937305	67.04480503	6.043756365	75.06480402	maize
17	63	22	19.86288545	24.04792041	5.809837526	65.79770724	kidneybeans
21	137	196	23.6119202	91.70293849	5.812781806	123.5900822	apple
26	68	18	34.9466155	64.86406053	6.594525932	67.34036244	blackgram
40	24	25	27.39364281	92.82244922	5.90482493	198.2122427	coconut
22	70	19	18.23775702	21.07643273	5.515615023	69.44951585	kidneybeans
81	36	38	23.76554749	87.98329901	6.334837865	150.3166152	jute
93	76	45	28.59441149	80.80944045	5.942981206	103.3609553	banana
27	80	24	28.42062847	61.77336343	7.815210661	49.02366803	lentil
66	35	43	25.33287764	81.66226755	6.45824105	216.4050702	rice
90	52	45	23.09433785	75.67602804	7.183413826	199.8362913	jute
30	80	22	25.6912327	65.23628841	6.571924174	53.44516127	lentil
117	49	16	23.05674295	79.59164093	6.358318792	92.83521312	cotton
101	92	45	28.22776705	80.6430384	5.758054257	98.00403016	banana
86	43	45	25.26254158	82.59049272	6.398970369	239.8539405	rice
100	35	19	22.64059309	75.00539324	6.597956874	67.95814969	cotton
8	34	27	35.99009679	50.55498783	6.118752434	94.91241024	mango
60	44	16	20.13014828	66.12554337	6.072176949	75.02453456	maize
21	128	204	23.36187335	90.02575116	6.374015662	111.3843463	apple
33	67	15	33.63941811	66.14639958	7.23056926	67.93455399	blackgram
39	37	25	33.33024826	45.61143594	6.953246506	98.28583013	mango
58	67	85	18.06179327	18.28503183	8.093982613	86.81654932	chickpea
22	70	16	27.31543286	62.88940685	7.241565785	74.91559514	blackgram
113	20	48	27.46583649	94.87679041	6.440584681	27.27899847	muskmelon
22	66	19	19.08865861	50.11529655	6.395014454	108.3068155	pigeonpeas
31	62	19	34.25776604	49.66525367	6.626533455	106.5980529	pigeonpeas
19	12	8	30.8636626	91.64216287	7.970298277	107.8739074	orange
33	11	11	20.3209171	92.39374371	7.524205944	110.3616902	orange
25	72	22	36.97794384	42.06993876	5.824137211	152.6951994	pigeonpeas
36	14	35	21.29805022	94.62593372	7.199504273	107.332724	pomegranate
29	13	14	19.17839254	91.12921056	7.215911453	117.9118857	orange
115	51	22	23.97401127	77.67331916	6.262467868	60.65381719	cotton
103	5	47	29.2984966	92.65723848	6.277223931	22.39865373	muskmelon
67	60	40	23.15741833	72.04943233	7.210217869	170.0991998	jute
0	64	23	26.32959995	44.64265617	5.818997754	129.2829683	pigeonpeas
64	43	38	25.12538584	86.1585448	6.544380976	159.5746914	jute
74	50	18	21.53116378	62.66387587	6.539460072	92.11234361	maize
132	52	22	24.62636276	77.19499143	7.994679507	77.57562814	cotton
7	126	203	16.76201707	82.00335557	5.662140095	73.28712806	grapes
0	133	200	23.67287749	90.4935574	5.708418722	104.2298028	apple
63	46	45	22.61943001	81.4705302	6.912376994	242.4535934	rice
101	17	47	29.49401389	94.72981338	6.185053234	26.30820876	muskmelon
18	71	19	24.65983548	60.59794776	6.324738689	53.93729653	lentil
17	140	197	36.93374545	83.98351748	6.003641426	70.88382281	grapes
97	30	25	26.47973328	56.99714579	7.493191968	174.0151128	coffee
26	37	21	31.44253055	60.31386873	8.315400189	70.80267406	mothbeans
94	26	47	26.82111121	85.53844226	6.335687301	54.40473701	watermelon
31	58	15	28.31886863	60.19461399	6.167855382	45.36521251	lentil
103	15	32	26.06116462	55.64507975	7.493191968	176.5382296	coffee
31	69	18	29.59103391	65.73918569	7.250666857	51.59335899	lentil
8	24	5	15.35446349	91.9200765	6.980004086	105.0219872	orange
54	61	47	33.96844374	92.72571006	6.772443677	248.8592986	papaya
21	68	15	19.23127655	19.48923987	5.691281096	91.27870353	kidneybeans
140	51	21	23.02546293	78.31498724	6.57273187	91.18220816	cotton
38	68	80	18.33517165	14.95397526	8.868741443	82.06648661	chickpea
100	53	17	23.68179153	84.79862787	7.278837989	64.27377691	cotton
23	139	202	17.21208674	81.51588237	6.051770158	71.66620201	grapes
40	51	22	28.72950378	89.99615558	7.038495998	49.13784464	mungbean
69	60	54	36.32268069	93.06134398	6.98992719	141.1736926	papaya
31	37	15	29.88712091	41.47446814	8.140396538	73.46343608	mothbeans
7	79	23	19.6365349	19.68751084	5.821649914	96.65888933	kidneybeans
108	15	48	28.7034257	91.76314646	6.347733476	22.5167678	muskmelon
29	142	205	38.75147431	81.69459395	5.510924849	69.74575728	grapes
85	82	49	25.61038708	80.89680855	5.812840355	115.0975485	banana
14	6	35	26.53687214	93.7230031	5.547731311	131.0900076	coconut
18	129	204	21.0365275	91.41764598	5.817029667	122.6602285	apple
9	59	25	30.39321309	60.16299493	7.699200949	35.37493212	mothbeans
23	69	81	18.89491205	17.15255338	6.682817497	82.4734084	chickpea
69	46	19	18.82124866	64.53328955	6.487261276	109.7112933	maize
13	69	17	21.21996175	23.32738122	5.639363602	149.7441028	kidneybeans
88	54	44	25.7354293	83.88266234	6.149410611	233.1321372	rice
60	49	44	20.77576147	84.49774397	6.244841491	240.0810647	rice
69	52	37	21.83794234	82.39758645	5.948483222	216.0889091	rice
32	74	16	29.94413861	65.24353762	6.869111634	53.51063886	lentil
115	40	33	23.85457495	56.81108515	7.11961448	199.4735636	coffee
114	20	26	25.55656667	62.67087838	7.27905689	193.5866233	coffee
102	80	48	26.94031991	79.61461516	5.853053926	100.5862647	banana
19	78	15	20.63106445	66.65138577	6.624896638	45.37069701	lentil
12	80	19	21.91041045	65.21662467	5.962001484	36.10211371	lentil
105	8	45	29.13245027	91.50540526	6.619386854	20.21126747	muskmelon
24	70	80	19.42466002	16.17070731	7.829063154	87.88131386	chickpea
60	51	42	25.50751011	84.16181371	6.792378057	171.8935414	jute
17	76	19	17.57579685	23.95514346	5.99812453	117.131027	kidneybeans
11	67	23	27.96532287	66.27266071	7.102998242	35.03484812	lentil
114	41	23	25.3204008	81.84568097	6.866041015	88.16695052	cotton
17	128	195	22.36070538	92.24313708	6.118889474	120.2971308	apple
0	64	15	15.33042636	22.7236831	5.919927421	119.6600749	kidneybeans
40	20	13	20.0323593	90.64418463	7.387444089	114.2307404	orange
79	39	45	25.28691764	79.0990477	6.571654556	169.0314245	jute
30	128	199	23.05536955	91.67203683	5.845061962	109.4267926	apple
18	50	16	31.46293989	50.70555864	4.57869802	35.95297028	mothbeans
33	15	7	15.83388699	91.68293851	7.651225301	109.7571416	orange
32	19	25	25.98464395	91.7952481	6.134357327	184.5062986	coconut
91	80	51	27.03847289	76.16458755	6.254927308	108.903015	banana
60	68	83	19.12065218	18.43475844	6.620900869	85.52950164	chickpea
6	13	35	25.47407273	97.35712547	5.50158009	189.0537896	coconut
26	131	200	21.72313818	93.10736423	5.679921145	102.8375	apple
17	63	16	35.51013382	49.85575741	5.839805451	172.784963	pigeonpeas
35	131	203	22.42776057	93.91722423	5.893490899	102.7230739	apple
29	135	199	27.47154586	80.01639435	6.068122139	68.58608614	grapes
35	80	80	18.95893408	18.88051546	6.162900771	80.68978896	chickpea
30	75	19	24.48343231	67.65595357	5.91645379	48.40069591	lentil
6	21	45	20.52639527	90.82872748	6.171953366	107.1628532	pomegranate
101	31	26	26.70897548	69.71184111	6.861235184	158.8608887	coffee
15	9	9	21.83315023	91.71278902	6.484909883	113.4349353	orange
16	126	199	22.53300268	90.56619222	5.986336601	103.9876502	apple
24	25	39	20.6506836	93.39758287	7.199504273	106.2042586	pomegranate
107	95	49	26.65646212	84.03817932	6.280258281	119.84797	banana
114	51	19	23.79903257	79.85271966	7.271247053	90.32253453	cotton
27	14	35	28.33021503	94.12846662	6.170531858	179.5631358	coconut
31	49	19	27.48068863	85.22288278	6.324579442	51.72441344	mungbean
16	26	44	24.96273236	90.57131373	6.792926162	106.4426608	pomegranate
81	6	48	25.40084917	85.00228614	6.328105482	43.45519909	watermelon
17	134	204	39.04071989	80.18393287	6.499604931	73.88467027	grapes
9	76	25	28.88302142	50.12323801	5.70951224	179.2155874	pigeonpeas
27	17	26	27.89481525	95.48243294	5.753332674	175.737062	coconut
68	62	50	33.20258348	92.76437927	6.977700268	197.5282582	papaya
11	34	32	29.14305008	49.40983294	6.831706773	97.55155537	mango
69	53	39	24.64109033	81.45442076	6.681085851	243.085596	rice
30	70	79	20.26942271	19.96978871	7.313122235	69.64449182	chickpea
62	48	20	21.70181447	60.47470519	6.708446922	95.71388473	maize
30	65	16	32.02351202	31.55154559	6.031640907	142.1164839	pigeonpeas
34	54	24	29.72887269	81.89918571	7.149984218	47.70685933	mungbean
17	25	40	22.02093492	89.14396706	6.829656834	110.1989009	pomegranate
49	64	84	20.99502153	14.47516966	7.591328945	86.99895647	chickpea
47	46	52	23.19451074	91.40301608	6.502289473	206.3999208	papaya
18	145	195	23.72209274	94.50688028	6.004930163	117.5879336	apple
6	130	203	17.58166568	83.69894868	5.942877014	73.75030107	grapes
17	136	196	23.87192332	90.49939035	5.882155988	103.0548094	apple
48	62	47	25.34756111	93.02871078	6.803094965	174.4012337	papaya
14	69	19	20.95628486	63.68128841	7.239455147	52.39881209	lentil
69	41	39	25.34309124	74.21183305	7.013972309	171.9583685	jute
28	62	19	29.94413861	62.78619786	7.578020315	52.90334552	lentil
0	27	38	22.44581266	89.90147027	6.738016221	109.3905998	pomegranate
30	135	202	31.22933447	80.67111711	5.659711206	73.4042698	grapes
94	39	34	24.68750938	54.8510712	6.948965369	162.5416575	coffee
100	90	52	27.35134761	77.69488215	6.074222512	119.84797	banana
25	143	200	23.80436344	92.80441624	6.024248787	100.6192543	apple
65	54	39	23.75091572	71.14782585	7.124571593	160.0889553	jute
86	9	50	27.99042545	91.62781012	6.13622414	24.15176336	muskmelon
9	73	20	21.02237789	61.43401261	5.667986298	137.2838636	pigeonpeas
21	15	30	25.00872392	98.88543118	6.34920487	190.9367935	coconut
103	21	55	29.94349168	90.01506395	6.136859468	21.8140775	muskmelon
80	15	50	26.026979	86.47911185	6.115748495	47.69423256	watermelon
93	20	50	28.00978605	90.26586645	6.629956491	24.70478316	muskmelon
58	61	46	31.58759082	91.25318767	6.712417258	52.94642494	papaya
82	8	45	26.98603693	85.10489881	6.397475642	49.31511464	watermelon
21	72	15	20.13452857	22.63792918	5.749768518	60.27552528	kidneybeans
106	14	52	26.45609614	86.43376075	6.705804544	56.27503514	watermelon
91	47	20	26.094416	55.28220433	6.278238323	76.21570917	maize
34	66	21	21.652736	60.09116626	6.842762792	41.17348451	lentil
6	133	203	21.68672931	92.53668441	5.514253142	110.7250108	apple
114	12	52	25.81617605	82.07509167	6.934943354	41.66426181	watermelon
37	66	85	20.93175255	18.91295403	6.456148474	78.06910795	chickpea
26	136	202	22.97879459	91.53190476	6.058735609	107.3799498	apple
37	48	21	27.71181467	56.2700232	8.500581908	66.48173334	mothbeans
108	20	48	25.55871926	85.79156451	6.554724012	58.18294051	watermelon
100	40	35	27.56441788	54.41094079	6.955787351	177.816092	coffee
93	12	49	28.79311686	93.45694251	6.255542981	22.9833674	muskmelon
0	8	31	27.58055393	97.2425885	6.042348054	200.8165856	coconut
14	61	19	22.25730527	23.05770329	5.761649823	108.5278415	kidneybeans
14	71	22	31.73819387	69.22253081	5.864969906	127.9258315	pigeonpeas
104	17	55	28.75529331	93.5473446	6.496798565	27.15818245	muskmelon
44	58	48	37.95233985	94.94482086	6.579776068	100.3997651	papaya
40	120	204	37.37294321	82.91045408	5.892541224	65.01095312	grapes
19	21	5	28.97939655	92.61619856	6.961456033	117.7510271	orange
42	74	82	20.03962493	15.75880227	6.706858289	72.17093385	chickpea
21	39	20	27.06179658	52.3003173	7.388007483	60.74583498	mothbeans
33	60	25	29.94413861	66.85278984	6.695424562	45.81477241	lentil
25	69	21	24.44789603	62.18664449	6.952709607	40.09813996	lentil
87	25	46	27.42711692	90.02696201	6.379690748	21.7508774	muskmelon
5	35	20	28.92952635	53.57014709	9.679240873	66.35634104	mothbeans
36	67	22	28.1995714	68.48618678	7.002222858	64.65267203	blackgram
40	42	20	29.33591975	48.49644115	5.072811991	73.38208941	mothbeans
20	28	26	26.37978453	91.49882979	5.547594847	167.0470997	coconut
20	68	17	30.11873003	60.11680815	6.578714843	71.72980375	blackgram
20	21	29	27.71049697	48.29168131	5.282789971	100.8124659	mango
11	65	19	28.51640553	49.99194597	5.59616775	131.2489282	pigeonpeas
3	18	32	26.93133326	96.51209415	5.50158009	155.1683982	coconut
38	71	16	23.25295822	22.2963927	5.99812453	60.27552528	kidneybeans
23	44	24	26.63027509	53.55526798	7.198743518	47.53200755	mothbeans
23	77	21	26.34449037	67.98354317	7.841496029	43.37125095	lentil
109	29	28	23.26316991	60.5160021	6.724688503	194.1755471	coffee
111	8	51	25.08180639	84.53460782	6.607155949	48.75130499	watermelon
21	63	22	25.09737391	67.72837887	6.859409487	74.61649888	blackgram
22	59	23	27.32220619	51.27868781	4.371745575	36.5037914	mothbeans
39	61	49	38.39799206	91.20918577	6.870959376	108.2833589	papaya
119	21	28	24.90762811	58.08077023	7.34944158	199.4735636	coffee
40	26	39	21.20000264	89.13455523	6.674132393	107.1079118	pomegranate
28	123	202	22.76643029	92.12438519	6.442289294	120.4359949	apple
98	10	48	28.65910003	90.57738316	6.109944505	28.68525233	muskmelon
27	145	205	9.467960445	82.29335466	5.800242694	66.02765219	grapes
116	41	19	25.25019193	83.53371868	6.328067686	65.59952834	cotton
34	35	21	28.44524991	82.67639542	6.684381357	58.18713162	mungbean
15	35	25	27.93537361	88.96764841	6.791355411	44.77228932	mungbean
18	68	20	23.59011747	64.61014914	6.709979681	46.46864908	lentil
30	64	77	20.41590882	15.20004617	7.719156266	82.01471958	chickpea
18	42	19	29.16521703	49.48101053	5.715757061	65.0708849	mothbeans
26	16	31	27.87216091	95.31222439	5.772767498	185.5210302	coconut
111	5	47	28.03306461	91.47355778	6.274452811	21.17924769	muskmelon
10	53	22	28.96456403	86.76472837	6.635270797	58.96698954	mungbean
100	49	17	23.5564452	76.40124622	6.467570114	99.93100821	cotton
8	37	33	28.07802689	54.9640534	6.128167757	97.45373619	mango
18	62	21	18.12302934	20.81758886	5.624866956	83.82890362	kidneybeans
27	30	31	28.98545306	90.73966792	5.718120393	148.8398374	coconut
36	64	22	15.33914391	18.20179414	5.771926351	81.77719829	kidneybeans
56	61	79	18.71205607	18.50471791	5.995112246	94.78189594	chickpea
26	15	11	13.73466757	92.52687896	6.227459452	113.241134	orange
32	43	22	31.99928579	54.1077461	5.270749441	71.6266696	mothbeans
57	68	81	17.17012591	17.30457712	8.081095263	72.78624223	chickpea
14	55	15	27.33580911	55.27755933	8.050304395	73.44775287	mothbeans
50	61	52	23.0124018	91.80952258	6.910223407	206.9329104	papaya
107	22	51	27.02415146	92.37820491	6.197128979	26.22187984	muskmelon
40	31	31	35.99009679	50.21066217	4.714470676	90.55649586	mango
115	23	55	29.2805563	92.92437772	6.117890525	29.86681385	muskmelon
101	22	47	27.34789257	94.96218673	6.100219778	22.49809105	muskmelon
36	13	9	15.38817214	94.96419851	7.248648201	104.7249081	orange
56	50	52	33.08706051	92.25197542	6.770384816	88.1300769	papaya
20	143	197	22.08684932	92.89569305	6.036556098	111.5202318	apple
27	138	199	25.71880374	80.01639435	5.88411534	65.01095312	grapes
109	54	19	23.20349786	75.00539324	7.204362509	76.38923666	cotton
100	28	29	25.2435249	50.04557009	6.841279337	180.8079178	coffee
42	79	23	27.71678273	63.29103387	6.781841984	68.56507978	blackgram
32	60	16	19.60050546	22.95082552	5.864135733	123.7477825	kidneybeans
83	50	38	26.92995077	83.36389168	5.597158148	233.1666397	rice
89	53	15	26.54986394	63.31257735	6.438683434	69.14025819	maize
78	35	41	23.66520672	77.57311456	6.002524871	187.3794883	jute
0	24	35	27.02285573	90.01734526	6.074821358	186.3215186	coconut
22	39	15	30.83580718	51.26786713	5.975499107	47.45496003	mothbeans
28	80	17	19.62207826	18.67170854	5.809419584	144.1567454	kidneybeans
20	68	23	25.54960633	63.95425534	7.707332484	63.1830529	blackgram
7	59	19	23.38996861	18.66279638	5.701731478	90.37377922	kidneybeans
33	77	21	30.32992227	65.62971858	7.01285529	71.64631281	blackgram
71	54	45	20.0454142	81.39902921	5.005306977	203.7951299	rice
82	35	44	23.93963158	73.07849985	6.524631268	182.8288541	jute
80	47	44	23.57774456	80.479219	5.005306977	204.7963537	rice
101	15	30	25.73643731	60.00318607	7.200879376	165.185271	coffee
96	70	51	29.90888522	76.26477903	5.505393833	105.3048635	banana
23	43	21	28.79717786	62.44637123	5.12719682	43.20694757	mothbeans
87	38	29	25.20406808	57.88370456	6.652642579	156.1457255	coffee
88	20	51	28.39057891	94.05754126	6.230641153	24.95889105	muskmelon
7	139	199	23.34411431	94.1184225	5.86912074	102.9164094	apple
32	79	15	23.90910104	20.74619325	5.706198621	81.60211243	kidneybeans
110	13	50	25.5843961	85.84868752	6.375632373	44.20085568	watermelon
6	125	204	27.92004934	82.93262435	5.733539807	69.92092839	grapes
140	38	15	24.1472953	75.88298598	6.021439523	69.91563467	cotton
122	56	20	25.4657921	76.39331133	6.438722964	77.76793684	cotton
16	51	21	31.01963639	49.9767522	3.532008668	32.81296548	mothbeans
21	61	19	28.35807934	60.13001014	6.678525753	162.6019471	pigeonpeas
20	77	25	24.25679706	33.63453505	6.721350603	195.430967	pigeonpeas
18	5	11	20.87947369	90.93756231	6.251586885	102.4550786	orange
18	22	35	26.86490867	95.18671527	6.40485186	209.8932464	coconut
22	16	27	29.1797902	90.27214288	6.006784979	188.9252083	coconut
127	37	18	24.87663664	76.30050373	7.041065585	91.9223468	cotton
58	69	81	18.64282345	17.17923699	6.876735755	74.37102982	chickpea
14	31	34	30.73124491	51.8241635	6.088230115	93.62795765	mango
27	53	15	26.48378093	52.4029836	5.036762167	47.35373826	mothbeans
93	27	26	24.17728662	58.69333594	7.084964421	180.0874247	coffee
5	74	21	16.24469193	21.35793891	5.591704014	66.97053257	kidneybeans
127	53	24	22.21506982	76.17851932	6.127939628	70.40557612	cotton
28	65	22	24.47827132	64.19760888	5.181802028	126.5063286	pigeonpeas
121	50	19	24.9258169	77.00043953	6.557992929	91.08908144	cotton
33	51	24	27.62723275	57.37816345	6.862576665	74.44330654	mothbeans
24	63	21	25.20863729	60.06534859	7.775306272	62.63700298	blackgram
0	137	195	22.4359017	80.18612085	6.329499832	65.3973168	grapes
40	30	8	10.01081312	91.90276507	7.995848977	107.8641267	orange
0	127	197	23.72122033	91.56036787	6.032516219	115.4022059	apple
103	80	55	29.18601769	83.64374744	6.330000253	108.4082518	banana
100	88	53	26.03720977	83.02882056	5.969482258	104.8988434	banana
120	25	50	28.05457761	94.81637388	6.327210469	21.84869328	muskmelon
48	61	79	19.32747528	14.25803981	7.925392998	75.77718308	chickpea
30	35	18	28.67524943	54.61915667	5.053437302	40.33775914	mothbeans
33	63	51	41.44010173	93.03246637	6.743613095	248.8592986	papaya
87	36	23	21.09024928	57.3033444	6.318146672	94.42495653	maize
19	39	17	26.2151026	49.38971502	5.887340456	46.29237254	mothbeans
71	41	35	25.04970006	82.911994	7.054601412	187.4606069	jute
117	45	20	22.99187506	80.68266824	6.451700471	96.34693959	cotton
107	37	30	25.11653368	57.58446056	6.252058121	127.2148306	coffee
120	32	33	27.4347717	67.79554217	6.47106581	153.2727955	coffee
38	62	20	34.41274822	55.43295964	5.965566781	153.5979943	pigeonpeas
34	63	16	31.30219931	64.24696172	7.095001172	67.83303349	blackgram
107	92	50	26.81772205	79.77497402	6.113791173	95.21602493	banana
0	29	45	18.07132963	94.67173112	6.543046396	109.0262562	pomegranate
6	49	23	27.87676855	47.95598031	7.598085886	39.94020455	mothbeans
60	68	21	31.84344519	65.15048669	7.775306272	69.7789239	blackgram
21	21	40	23.51112524	91.99754811	6.423371868	102.5184759	pomegranate
22	128	200	22.89754734	92.00577289	6.021761981	106.5843684	apple
39	63	52	23.0124018	94.03924921	6.633574315	238.3116889	papaya
16	80	21	26.73415632	51.93582373	5.871829811	130.1911398	pigeonpeas
119	90	48	28.66725136	79.59242542	5.986442306	118.2583441	banana
96	24	53	26.88149001	86.49965299	6.272138203	53.22048376	watermelon
108	19	52	25.29604734	83.2418016	6.000975617	48.0690532	watermelon
4	16	9	16.76318082	93.43493616	6.113891937	118.7126363	orange
78	50	43	25.12417673	85.72530641	6.348441469	159.5718087	jute
17	78	20	24.59686969	56.26647766	6.045219824	168.3247504	pigeonpeas
35	133	202	23.49264982	94.18354698	6.004201191	112.6235793	apple
40	15	5	24.13004434	93.86681986	7.861211181	110.2543501	orange
79	45	44	25.06988995	73.08745258	6.621290777	180.5278256	jute
111	39	22	22.60361557	80.3509046	6.135025006	88.57395505	cotton
17	6	38	20.57805386	91.64284634	6.222317312	104.9142902	pomegranate
84	38	43	26.57421679	73.81994896	7.26158085	159.3223075	jute
106	16	54	28.96017885	91.69532178	6.585872508	24.7458198	muskmelon
23	63	16	25.80799936	66.96772327	7.237982058	71.6904312	blackgram
20	19	28	26.40488343	96.88255812	6.470465614	159.9412295	coconut
34	47	19	27.31372793	85.44815232	6.568795404	53.15223123	mungbean
99	39	18	19.20129357	68.30578978	6.11275104	87.85092352	maize
22	71	21	28.07271113	30.40046769	5.765228827	138.3588999	pigeonpeas
36	76	75	18.38120357	16.63805158	8.736337905	70.52056697	chickpea
25	120	201	8.825674745	82.16393135	6.25977201	70.91430362	grapes
14	48	20	29.03099564	49.71457461	7.254205663	45.50828826	mothbeans
40	21	8	34.90665289	92.87820148	7.418761774	102.1906333	orange
70	51	21	22.96618738	60.36500792	5.513697923	71.06002346	maize
0	126	199	21.33646787	92.10457059	6.063042313	111.270326	apple
40	18	31	28.63979401	49.54654671	5.676421438	96.62980627	mango
27	55	21	30.15082647	67.21729455	7.716132352	66.73684767	blackgram
84	37	42	25.49674786	81.13449097	6.691074249	169.9288234	jute
18	72	19	26.89877693	49.11953277	4.548202098	198.8298806	pigeonpeas
81	46	35	25.90239832	78.66988944	7.160906309	174.6075931	jute
100	13	48	25.53988146	84.363721	6.405872127	52.61993257	watermelon
29	48	18	27.62524917	84.81120907	6.584047965	45.37424759	mungbean
12	22	39	18.95525385	89.45805021	6.613745375	108.1994607	pomegranate
59	48	49	23.0124018	93.60806336	6.837196769	61.08062125	papaya
139	35	20	22.40279246	78.28609093	6.322433444	72.91836048	cotton
27	125	204	30.51721204	81.91510735	6.309916629	68.14666744	grapes
11	24	44	21.49475766	90.9385992	5.561851831	105.1843613	pomegranate
83	44	45	23.09433785	81.8889167	6.800362589	174.967867	jute
94	82	51	26.44149585	82.3628382	6.391454756	112.905796	banana
15	20	28	30.74527324	51.63046852	4.990411265	93.97212894	mango
63	59	53	32.3966612	90.72700643	6.501521192	190.5782234	papaya
47	58	51	30.7026486	93.07363518	6.723954656	215.5209722	papaya
24	44	16	27.4989091	86.03640209	6.290492177	58.00310609	mungbean
11	62	20	20.90507653	52.25600754	5.71411361	142.3657763	pigeonpeas
60	55	45	43.67549305	91.4150986	6.587160911	192.0451772	papaya
11	60	23	27.33684386	88.50229102	7.033012777	51.09802625	mungbean
6	140	205	17.66558428	82.92903419	6.313085601	69.8671263	grapes
68	44	19	25.49181948	59.97285525	5.65248059	96.01180344	maize
85	82	51	27.57744348	84.69897316	5.942403207	95.62133189	banana
40	51	17	28.20482013	88.17333352	6.835227094	49.25457713	mungbean
129	43	16	25.5503704	77.85055621	6.73210948	78.58488484	cotton
27	76	21	22.60645713	49.68399135	5.364576209	112.2828651	pigeonpeas
8	75	21	20.72491962	22.82254449	5.99812453	126.4658399	kidneybeans
24	142	202	22.53779727	91.48135786	5.710819862	101.8474768	apple
18	79	20	20.27514686	23.2353604	5.877347515	139.7521543	kidneybeans
99	53	40	26.21955557	80.68220487	7.868474653	182.5616319	rice
28	55	17	27.43864564	42.26450976	6.561540242	192.2198361	pigeonpeas
20	135	199	23.16772692	93.73239307	5.514253142	112.8767021	apple
37	128	195	22.62112561	82.76154454	6.072414348	70.15613235	grapes
6	68	23	22.51557952	33.84586739	5.922255392	118.6903985	pigeonpeas
70	45	41	25.03419986	82.78985698	6.065741273	182.5616319	rice
37	63	15	26.62314076	61.27247874	7.654583103	71.62766266	blackgram
53	55	49	25.12181647	91.91093973	6.739953909	109.0436602	papaya
13	41	21	31.99928579	45.8876553	3.504752314	38.45881465	mothbeans
96	20	29	24.51603082	55.05456251	7.344647535	158.2713523	coffee
38	57	20	25.99504513	68.15090418	7.175437527	49.905546	lentil
34	135	200	22.75809566	91.79588142	5.96547939	112.775114	apple
1	67	21	27.52135365	60.53657684	6.551577598	48.06491307	lentil
33	143	197	36.89906565	80.72684863	6.19233723	70.82990261	grapes
14	57	19	28.66850759	84.48952413	6.787427705	47.61252683	mungbean
19	40	26	31.58502196	45.85678203	5.140715024	97.43689574	mango
91	11	53	28.1256169	91.30524349	6.264221752	23.70685394	muskmelon
5	59	15	18.87492997	20.18238348	5.97229163	134.1811718	kidneybeans
120	26	45	24.74317004	89.98405233	6.659910081	59.75980023	watermelon
21	24	32	25.75512438	96.00024504	5.828073071	196.53868	coconut
65	41	44	25.35013536	75.93763442	6.749692166	153.6572503	jute
20	16	35	23.33313306	89.54757421	7.123758822	110.8017238	pomegranate
9	30	30	26.99678815	91.33087195	6.346960692	175.2058001	coconut
13	144	201	29.61459349	81.42883289	6.109746724	69.89218502	grapes
92	37	35	24.46800917	80.40797868	6.397266588	184.702458	jute
29	14	29	26.8064719	94.84482976	5.681450353	176.8143852	coconut
90	49	41	20.0454142	82.40381477	5.759463767	217.2511784	rice
40	72	79	18.76747689	17.8095455	7.949094437	92.49800592	chickpea
39	60	21	30.38386235	65.81668049	7.433691165	72.69866018	blackgram
16	10	41	24.77464458	85.63608688	6.738993954	105.7595811	pomegranate
113	50	21	23.22530532	76.96473831	7.647280529	87.05035001	cotton
17	12	27	26.3832333	93.91174679	6.234791464	174.6309582	coconut
4	66	19	19.11221364	22.90948152	5.627071157	84.05065562	kidneybeans
100	53	23	24.83468797	75.85869574	7.798726218	94.38437573	cotton
47	51	46	32.6660574	92.81972904	6.688142766	161.798937	papaya
105	27	50	28.62164934	90.50928689	6.277375984	21.74676917	muskmelon
23	145	200	18.35851744	81.55934869	5.960784831	68.80674681	grapes
12	50	20	28.86142892	86.52531214	6.911682347	48.71444819	mungbean
91	13	47	29.10968327	92.43510994	6.14410903	27.95602304	muskmelon
108	21	29	23.05951896	69.94807345	6.464676375	173.5849076	coffee
13	67	18	30.5753044	34.75591197	5.384762927	177.5764304	pigeonpeas
1	59	23	27.46852989	87.17649	7.184398832	43.78420984	mungbean
35	22	32	33.73874029	48.23706861	6.585365295	93.49212741	mango
104	50	19	24.25906831	78.78828813	6.971697683	68.192234	cotton
0	14	10	27.07500668	91.42253043	6.979426338	112.7359009	orange
88	41	20	24.42059853	64.15584265	6.500872689	87.35927582	maize
40	16	35	34.16438906	54.16482251	4.954739564	98.33351125	mango
79	45	16	20.24749403	67.17396602	5.842479501	75.42775372	maize
37	44	22	31.99928579	54.70039539	4.478445675	55.43118223	mothbeans
28	5	31	27.33609777	91.14467682	6.035637156	220.7219648	coconut
23	26	28	32.33520697	50.60240237	5.034729622	91.66624057	mango
20	28	36	23.9207484	88.77010992	5.803606908	109.0023416	pomegranate
65	57	51	43.67549305	94.94482086	6.501521192	40.35153141	papaya
101	18	50	29.27938444	92.01930042	6.305169956	22.66326154	muskmelon
104	80	51	26.35501322	76.67972695	6.357015677	100.068429	banana
48	66	21	32.32485803	60.06534859	7.51823412	66.45514793	blackgram
16	38	23	27.23639018	40.00933429	7.799909812	42.35209302	mothbeans
14	13	9	28.50374144	90.55572918	6.686702537	110.2176369	orange
60	65	24	26.25775027	65.42385261	7.530540101	68.97260918	blackgram
12	8	13	10.71439371	92.11014983	6.733241261	116.3634635	orange
29	67	21	24.66933872	60.60675853	4.977001057	119.8339384	pigeonpeas
90	16	52	28.42145504	90.77649237	6.247467635	20.50924578	muskmelon
76	47	25	20.53504697	64.56801118	5.754842358	107.3239479	maize
74	35	24	23.61102456	67.52197861	5.951193562	80.60787987	maize
4	59	18	23.46793652	33.60194606	6.940029946	173.8106638	pigeonpeas
101	82	52	25.01018457	83.64080847	5.529797404	103.585746	banana
47	80	77	17.18248372	16.42891834	7.561108006	72.85017344	chickpea
12	16	6	21.49989218	93.34181187	7.156414576	118.7339866	orange
95	27	52	28.68544149	91.72626811	6.002927293	23.86459497	muskmelon
89	10	47	24.11557444	84.14541566	6.645101614	48.55185253	watermelon
18	138	205	23.77542068	93.94896476	6.159262413	109.3525997	apple
24	62	21	30.8020552	66.50883441	7.383819673	69.83552815	blackgram
15	133	205	28.34484263	83.01369577	5.589759877	69.84395529	grapes
6	13	9	34.51423957	90.56151463	7.786725333	118.3271968	orange
140	59	19	24.27428856	76.60128627	7.559017582	60.65381719	cotton
32	44	18	28.59927266	89.99615558	6.878071995	40.29632912	mungbean
7	71	17	24.92360104	20.75932644	5.858371164	102.7557182	kidneybeans
30	60	21	22.49979571	66.25116643	6.548206732	47.30522147	lentil
4	38	21	25.56785934	47.52261939	6.88959964	57.62385941	mothbeans
69	60	40	26.98582182	75.41134126	6.854395968	169.7487458	jute
23	62	16	28.87553784	42.70930579	4.996052433	138.6056484	pigeonpeas
22	59	19	27.43829582	86.11050888	6.911986514	51.97642169	mungbean
104	28	47	26.60060581	86.9612008	6.40536737	51.29344625	watermelon
90	83	52	27.18111559	78.94486501	6.28917897	114.5239858	banana
26	13	35	29.8690834	94.75777625	6.470465614	176.8003082	coconut
74	35	36	23.09433785	84.91391976	6.85082711	155.6298204	jute
40	42	20	26.6604283	53.37676709	7.361111642	63.96833042	mothbeans
86	13	47	28.39407923	90.20359681	6.499000185	23.28889787	muskmelon
17	54	19	27.4950312	82.81590237	6.95584657	52.48320785	mungbean
77	49	35	23.09433785	76.65734706	7.073049898	171.8039811	jute
91	46	45	24.94876333	80.79963778	6.687822875	193.893496	jute
25	76	20	27.54167562	63.87013307	6.26961754	42.30449675	lentil
70	58	35	26.84162278	81.28826848	5.585371092	236.7342207	rice
16	30	9	15.74944851	91.85706137	7.574377127	107.451264	orange
58	72	21	30.14121422	61.80750522	6.917974481	69.23495459	blackgram
100	51	36	24.51658297	89.89106506	6.345429755	185.0994369	jute
25	45	22	27.09777784	52.99191634	4.19992594	66.16070227	mothbeans
61	59	17	23.33844615	59.24580604	6.47444292	105.0083144	maize
134	60	25	23.66776984	81.90443543	7.991388185	88.96268686	cotton
85	19	51	25.88386299	83.8824845	6.073764472	53.55615428	watermelon
26	52	25	28.58717387	51.22452876	7.611223997	50.88280258	mothbeans
78	47	39	26.17974051	80.12267476	6.010734543	182.5616319	rice
39	36	22	29.34317422	60.50320928	9.072011412	34.03335472	mothbeans
96	18	50	25.3310446	84.30533791	6.904241707	41.53218699	watermelon
99	6	45	26.12588914	86.5507939	6.000975617	40.71210074	watermelon
22	24	38	22.42017982	94.16396474	6.627430473	107.562761	pomegranate
20	142	200	21.52050077	92.18137021	5.790407225	121.9374775	apple
16	41	19	28.34114077	88.86857051	6.498393354	44.09422036	mungbean
36	56	83	18.89780215	19.76182946	7.4526709	69.09512477	chickpea
1	76	17	28.43430726	52.10010827	6.012719118	147.0414824	pigeonpeas
21	139	201	29.41810619	80.01639435	5.794908996	74.91506217	grapes
33	65	22	27.95298976	65.3206258	6.500144962	65.1768584	blackgram
30	136	205	22.95313783	92.93234166	6.422434155	110.0386926	apple
72	41	36	24.09874353	80.57226761	6.187746776	176.8604109	jute
26	56	18	27.01470397	87.30980217	6.658675495	47.79743355	mungbean
8	5	11	34.90665289	91.87898139	6.858816744	115.8239883	orange
85	51	43	22.7097869	81.28182637	5.722021916	236.1039486	rice
87	43	17	26.48476809	64.52129855	6.264431748	91.72318901	maize
84	52	44	24.01851925	82.58099769	6.939384067	227.3502418	rice
93	17	50	26.23043	84.99832452	6.634987342	44.06128227	watermelon
55	56	45	28.9090698	91.73056001	6.730139594	172.6323741	papaya
40	16	25	34.19257504	50.02308639	5.551613603	95.40716626	mango
104	27	55	29.94349168	93.02519153	6.558564777	29.86681385	muskmelon
49	67	82	18.30754521	14.25803981	6.299465635	73.15393964	chickpea
28	58	21	28.53324029	65.1946679	6.791911717	38.34451974	lentil
99	39	44	23.2471554	83.09810724	6.412528667	277.2057774	rice
33	29	34	31.40948821	49.21729127	6.832979509	92.99739415	mango
26	60	18	23.14469735	63.65950233	6.81238353	45.38651293	lentil
23	55	16	23.2026432	65.54086843	6.968732747	54.9393771	lentil
83	76	54	27.41550454	80.34226467	5.730293303	111.1360384	banana
4	132	203	22.90591833	92.76317804	6.129076241	106.3210591	apple
19	78	16	20.65375833	23.10538637	5.967533236	67.71768947	kidneybeans
117	30	50	24.90123934	87.20772913	6.744966312	46.59207341	watermelon
18	80	17	25.42512235	56.5187859	5.384340859	164.2854806	pigeonpeas
15	67	25	29.94413861	60.09116626	6.942231736	43.69580121	lentil
61	54	48	29.71527576	92.85790964	6.831194301	94.50154022	papaya
6	30	40	22.77035608	91.45498527	6.36137446	106.9659201	pomegranate
20	145	200	23.7016176	81.54646218	5.946844192	70.54031832	grapes
21	58	16	20.24231827	65.37548906	6.544151813	100.1382624	pigeonpeas
28	60	20	23.5183741	66.55765571	6.310795381	46.91363924	lentil
36	18	12	22.52338012	92.92811654	7.479591029	109.4454262	orange
14	14	34	27.28598195	96.47323372	5.897359835	225.6323656	coconut
110	30	51	27.89935194	92.50196941	6.635553045	27.91137844	muskmelon
19	16	35	20.6301446	90.93914146	6.113554344	105.5217521	pomegranate
9	141	195	22.27598909	91.19833068	6.215152834	111.6859979	apple
83	17	50	25.62246285	83.90061966	6.449243996	54.26162099	watermelon
45	56	54	23.32232838	92.30127825	6.721654279	40.35153141	papaya
2	21	44	18.92157197	87.31290342	6.56893406	102.8013275	pomegranate
107	21	54	24.23724501	86.48698527	6.804473568	47.6694711	watermelon
60	48	39	24.28209415	80.30025587	7.042299069	231.0863347	rice
89	60	17	25.37548751	57.21025565	5.983952675	101.7004306	maize
70	40	42	24.62821148	81.69178322	7.792451979	243.432468	rice
87	54	20	25.61707368	63.4711755	6.576418207	108.8303762	maize
23	24	32	28.1218093	46.16888595	5.630619901	93.30247448	mango
20	137	198	22.90848379	94.19479062	5.836609359	118.8456027	apple
113	13	53	24.04355803	83.94018999	6.956508826	54.723076	watermelon
120	19	31	24.03677934	60.86916213	6.992055462	183.0963994	coffee
62	35	45	24.30367654	86.16669488	6.929937891	199.8362913	jute
84	76	49	25.47242917	80.93686758	5.975027586	110.1309654	banana
53	60	20	29.98995592	67.51184413	7.26718495	66.37687157	blackgram
3	18	38	24.47781198	89.44662545	6.495998912	108.9099787	pomegranate
31	55	19	29.69291389	65.90463794	7.562857474	74.81469816	blackgram
25	12	26	28.56973521	95.67906668	6.436314406	134.8370348	coconut
76	40	44	23.04912731	83.50145904	7.232212106	230.4620694	rice
78	46	41	24.81420599	80.01019429	6.674686136	171.040519	jute
7	46	21	26.44790013	40.00933429	8.506918294	30.92014047	mothbeans
12	27	26	29.09382275	45.5661059	5.32307197	96.23520043	mango
115	12	47	25.63294754	81.20318009	6.713456731	52.11960911	watermelon
119	38	24	23.58259841	76.38713921	6.673795417	69.47272762	cotton
18	20	26	31.66524687	51.98594645	5.435840509	89.98024312	mango
111	17	46	29.39243269	94.67120294	6.226399503	24.87559537	muskmelon
103	33	33	26.71717393	50.50148528	7.131435858	126.8073984	coffee
24	64	20	26.9103867	66.29195919	5.91645379	49.33414078	lentil
24	77	85	17.77669888	19.41066788	6.496114104	73.93494659	chickpea
14	12	11	17.23463669	94.87494648	6.577533154	104.6145126	orange
37	10	32	28.96318258	95.16333673	6.165084855	222.803013	coconut
113	22	47	25.51940549	86.0584508	6.321337106	47.7847711	watermelon
11	28	45	22.88863218	93.35457114	6.955978009	104.8456826	pomegranate
98	77	50	28.42188735	76.57765524	5.984305648	105.6841456	banana
25	20	9	33.11643466	93.41903981	7.44314827	111.9242413	orange
11	6	43	20.23338226	89.93263715	7.199504273	111.2511876	pomegranate
33	66	17	23.68452689	21.75447643	5.69724671	149.7441028	kidneybeans
23	15	25	30.04179698	46.43931505	5.264693271	97.35186686	mango
37	66	75	18.7727406	17.17007373	6.843288475	73.11594228	chickpea
13	69	19	17.30844532	20.01730914	5.86390397	115.199245	kidneybeans
86	15	47	24.04355803	84.18406764	6.423898762	53.78929956	watermelon
105	74	45	25.14517635	81.38204104	6.098369122	119.218154	banana
21	7	11	20.89950104	91.64528153	6.939634996	111.3922983	orange
18	125	197	21.51561802	92.45811745	5.951027499	100.1173443	apple
21	29	10	18.47680869	91.27533997	6.927866816	108.2347862	orange
26	39	24	29.11580914	85.58921023	6.986340359	53.91828715	mungbean
34	21	42	18.75927679	89.93457597	6.648687274	111.0196744	pomegranate
31	26	37	24.96273236	90.44714511	6.845195164	109.2851398	pomegranate
6	75	20	21.17633917	52.93385958	4.548202098	162.3378857	pigeonpeas
21	51	15	29.36488409	89.1886954	6.679127482	48.30159325	mungbean
103	78	49	29.90888522	81.04375926	5.643732317	108.6919189	banana
129	60	22	24.58453146	79.12404171	5.947448589	71.94608134	cotton
0	65	24	28.49584395	62.44616219	7.841496029	53.14531023	lentil
37	65	22	18.6874882	18.54511223	5.816004213	83.76351291	kidneybeans
60	58	37	26.13871511	79.1188943	6.067302109	171.4892533	jute
118	52	19	24.44778325	78.330277	6.892179051	77.13539936	cotton
85	47	41	23.09433785	86.41488927	7.367874733	176.406373	jute
85	52	45	26.31355498	82.36698992	7.224285503	265.5355937	rice
22	67	22	30.22811462	44.2736756	4.548202098	165.414841	pigeonpeas
120	93	53	28.8022245	80.00890878	5.582162914	106.4797699	banana
110	32	35	25.63927566	53.56839999	6.486480583	176.0900922	coffee
21	52	25	29.78048448	59.37490056	7.688282422	57.5965597	mothbeans
71	38	19	26.54986394	65.56362067	5.513697923	60.65171481	maize
6	57	15	29.30199047	54.42988988	5.649705686	132.3908551	pigeonpeas
22	38	31	31.53356352	53.06009323	5.821106036	98.57025046	mango
126	35	16	23.23644341	81.91363939	7.994679507	89.16720313	cotton
88	76	47	25.48604347	77.85356959	6.382836279	109.7828922	banana
45	61	78	19.48649305	16.06240074	6.489389282	81.5284269	chickpea
108	50	22	24.56992352	79.17126973	6.598033139	66.57196993	cotton
38	72	21	20.60391157	57.65201726	7.313513202	198.8298806	pigeonpeas
47	65	81	17.36032246	18.80114234	7.347693211	90.6832999	chickpea
39	125	201	23.54697406	93.77936651	6.172721722	118.1044463	apple
29	49	22	31.85989707	60.30495185	7.677116413	74.44330654	mothbeans
11	6	10	29.98975886	92.77802293	6.997678729	118.9965366	orange
22	71	15	22.15149574	64.86269639	6.15038762	41.54365948	lentil
20	53	16	31.51387381	56.99792211	7.545428886	53.33891027	mothbeans
12	37	35	27.21913758	49.49775809	5.694017088	92.73309582	mango
96	21	30	26.08506174	60.98542732	7.232041929	199.4735636	coffee
27	67	78	20.77874416	14.62346114	6.78593559	89.67705807	chickpea
95	26	45	29.91690582	94.55695552	6.117530021	28.16057247	muskmelon
44	70	75	17.80824887	18.03314143	5.988992796	72.298236	chickpea
16	29	29	29.15928093	47.18730608	4.832118043	95.80105154	mango
38	14	37	21.80523051	94.63612858	6.658402594	102.6488846	pomegranate
15	63	20	21.25015574	21.1391791	5.913929243	77.78141452	kidneybeans
0	17	42	23.20242586	91.19442671	6.859840821	109.0946323	pomegranate
76	42	37	26.98582182	78.16743575	7.488014404	177.1469237	jute
98	21	51	29.20373564	91.49950905	6.639259987	21.18421706	muskmelon
25	48	22	29.29608178	89.99615558	6.977644095	44.63122134	mungbean
0	23	33	28.56595956	47.91210177	4.916141415	89.29147581	mango
92	49	22	25.39486711	66.45618562	5.634333656	79.42490506	maize
54	62	46	26.89318044	91.70820149	6.681717871	101.2424974	papaya
85	9	54	25.91773665	85.94260489	6.252042157	54.46350522	watermelon
19	19	9	33.51894533	92.53164834	6.581467666	111.0455979	orange
39	5	30	27.1295997	97.03178734	5.615491263	171.4893507	coconut
13	25	11	23.26014663	92.10987428	6.780836564	109.8448412	orange
24	60	23	31.27223453	64.95585424	6.537691643	55.14990037	mothbeans
103	92	49	26.28033405	82.1527249	6.264361463	96.08878567	banana
31	41	25	25.61048957	56.75878643	9.93509073	54.61162678	mothbeans
116	49	21	22.05285233	78.1057206	5.835283123	89.0061813	cotton
65	51	50	36.54967617	92.41808597	6.71899303	248.8592986	papaya
29	64	16	15.97787113	19.85792948	5.585517974	114.5466002	kidneybeans
57	64	55	26.68386496	92.9585411	6.583760499	62.50689682	papaya
43	46	49	43.67549305	93.9080864	6.68673748	108.0385337	papaya
61	41	44	24.36972377	82.11319791	6.537914958	159.9210934	jute
2	143	205	21.76002923	92.95800723	5.570681578	116.7163742	apple
104	30	49	24.18023912	87.32011161	6.052330387	40.12650421	watermelon
40	58	18	27.4573612	30.40046769	6.000865789	92.47981213	pigeonpeas
104	47	18	23.9656349	76.97696717	7.633437412	90.75616738	cotton
33	54	22	28.38502003	89.05659914	6.561081946	47.50788524	mungbean
104	13	52	25.38950586	88.89745284	6.065410496	48.52509643	watermelon
17	51	21	27.70487205	83.9594987	6.990131785	59.87232071	mungbean
29	132	195	23.81076138	92.66742952	5.69255658	117.4888145	apple
97	36	45	22.2286982	81.85872947	6.939083505	278.0791793	rice
75	45	36	24.42980089	83.99315292	5.005306977	205.4044421	rice
38	56	55	30.2175419	92.83563535	6.707596252	104.0741689	papaya
6	69	19	26.88630675	41.69617915	4.750929218	94.46748008	pigeonpeas
35	60	24	25.6977732	40.00933429	7.555180523	54.59785323	mothbeans
21	68	20	25.84358263	64.44868293	6.76514027	39.06577516	lentil
12	27	45	24.96273236	93.96068604	5.861202329	106.1781535	pomegranate
57	58	50	35.6552405	91.211848	6.639653356	186.0384794	papaya
20	23	41	21.11815086	93.37004978	6.810281746	111.900905	pomegranate
20	25	29	28.23244343	99.98187601	6.290995964	142.874501	coconut
14	133	197	22.63409406	93.244215	6.133687725	112.2991266	apple
28	136	200	23.06204373	92.39544055	6.245858905	114.7399101	apple
38	60	76	18.65054116	17.80852431	8.868741443	77.92798682	chickpea
58	79	17	27.24766491	66.10123083	7.04174124	62.31842057	blackgram
21	11	29	26.5867855	99.98112722	5.889729167	183.6255926	coconut
47	67	82	18.41275195	17.80064177	8.868741443	70.6957898	chickpea
14	8	43	21.92513945	94.46485312	7.051654924	111.7162016	pomegranate
13	59	24	28.7855673	86.81316978	7.199495368	58.21310001	mungbean
32	71	22	27.06520289	67.32481937	6.884498496	54.9393771	lentil
92	42	21	18.04185513	59.62841133	6.833808175	88.56429677	maize
88	85	51	28.02050261	81.02494283	5.824134852	97.8286728	banana
18	25	35	31.74144468	49.88934822	6.619971415	93.09661213	mango
28	15	45	20.85036446	92.47958222	6.619663233	109.3412794	pomegranate
3	30	31	33.08101415	51.03340215	4.699907096	93.32131595	mango
4	13	6	15.63211033	94.25966183	7.561143224	101.4705704	orange
38	80	22	21.4301913	66.78823282	6.472014487	49.66437231	lentil
102	15	51	28.46063973	91.78805901	6.398699043	23.00108534	muskmelon
98	29	30	25.64004392	61.03273481	6.217974349	199.4735636	coffee
37	23	28	25.61294367	94.3138837	5.740054567	224.3206759	coconut
87	44	43	23.87484465	86.79261344	6.718725189	177.5147313	jute
40	8	35	27.30290211	95.58941672	6.140101187	131.0900076	coconut
107	83	45	26.89146388	82.94738778	5.892607163	95.67025872	banana
120	20	45	25.66576039	88.6984228	6.114128685	54.22722466	watermelon
23	26	35	29.07365612	93.50701362	5.765001295	203.2347996	coconut
93	29	55	25.44413354	85.06125756	6.101633839	40.12650421	watermelon
39	68	50	35.38229274	93.53005334	6.85142752	169.2047526	papaya
37	53	46	41.55537559	91.54006732	6.750407662	169.2063649	papaya
4	36	32	30.82578114	51.27775164	6.587662437	94.10800326	mango
4	135	199	22.51830813	91.81923823	6.282760552	105.8768136	apple
106	29	32	23.62589493	67.24652996	6.818266512	173.9633599	coffee
31	20	35	27.44037821	94.48450477	5.868847042	176.7780193	coconut
17	25	26	30.52198788	52.24350345	4.800932292	99.04684896	mango
13	23	6	23.96147583	90.26408017	7.365338111	102.6958703	orange
43	66	80	20.99502153	18.16725105	6.502886317	83.87962067	chickpea
2	35	27	32.84561723	45.02236377	6.100516148	100.0555053	mango
92	43	40	24.27848313	81.29139582	7.032250679	248.7143415	rice
90	40	39	25.72668885	81.86171563	6.626503893	191.9649389	jute
120	13	48	25.84957162	84.64973979	6.616992248	40.12650421	watermelon
10	63	21	28.88578886	38.98460091	7.445444883	105.2767881	pigeonpeas
26	75	21	32.47288793	65.01640216	6.609047025	70.20766076	blackgram
112	40	25	24.65935268	64.35621014	6.605033506	122.0054061	coffee
82	47	41	25.63212306	85.99598029	7.488014404	173.3197186	jute
30	69	79	17.73921254	18.31816883	5.988992796	82.3467514	chickpea
100	48	16	25.71895816	67.22190688	5.54990242	74.51490791	maize
108	15	54	28.29837466	91.66261689	6.64367319	25.79678916	muskmelon
67	49	42	23.09433785	73.74699123	6.337665373	150.2355238	jute
106	75	50	29.23796681	81.19132705	6.31792991	90.10978128	banana
5	65	19	18.28072173	68.10365387	6.978361689	48.80253285	lentil
38	72	16	29.75327121	65.69346022	6.247970305	50.39880807	lentil
115	49	18	23.33121447	81.88885503	6.903424576	89.84455738	cotton
30	73	80	18.16370635	18.87948241	7.907703483	65.11365631	chickpea
2	51	17	25.87682261	45.96341933	5.838508699	38.53254678	mothbeans
104	26	30	24.40726724	62.65692638	6.410992833	148.6977358	coffee
23	56	21	18.06486101	66.86163084	6.508306935	45.96054951	lentil
28	128	203	30.65476147	81.45769463	6.23323402	71.19760002	grapes
38	16	15	25.84151198	93.35828449	6.548183765	105.9687862	orange
110	21	47	25.66183249	86.30665799	6.59170649	47.86922371	watermelon
40	139	196	22.60917132	92.12946524	5.74597355	112.2165806	apple
90	28	32	26.52107032	61.11630477	6.163023589	188.4278241	coffee
118	33	30	24.13179691	67.22512329	6.362607851	173.3228386	coffee
32	58	19	31.22842868	30.40046769	5.775658192	198.8298806	pigeonpeas
43	65	50	27.88347389	93.10150435	6.629843538	76.40037896	papaya
44	65	76	18.5453766	16.67900086	8.394848331	82.64501256	chickpea
62	53	40	24.31779063	82.40732217	6.903290879	182.5616319	rice
48	61	21	30.28496619	61.69295127	6.628264883	65.62859526	blackgram
90	29	32	26.38923186	67.22384448	6.818305437	147.6736363	coffee
31	11	45	24.83954414	86.88738076	6.034612928	107.6435771	pomegranate
13	64	20	19.1345771	62.57526895	6.590571088	36.46946971	lentil
42	58	55	36.94861367	90.35312879	6.501521192	135.1441303	papaya
107	22	54	27.99611732	90.84660317	6.630301421	21.61893763	muskmelon
27	138	200	22.61551396	91.95403051	5.643676178	104.9499793	apple
32	13	37	19.96982524	88.92782434	5.681258855	108.6818512	pomegranate
13	23	32	31.84649223	50.01132398	6.967417766	94.26105552	mango
21	57	21	27.63866821	85.48169235	7.109876188	55.45905959	mungbean
18	145	203	39.18464935	80.01639435	6.278253335	69.19301255	grapes
120	45	19	22.32475239	80.44700656	6.792951453	99.93100821	cotton
30	35	20	28.28124807	84.05582357	6.80223828	43.28717804	mungbean
23	43	16	25.48557631	53.01989209	7.552200483	65.22953889	mothbeans
35	58	18	24.00543708	30.40046769	7.395393681	131.7850703	pigeonpeas
40	17	25	28.42002097	95.63812732	6.031039651	211.8308205	coconut
27	21	40	21.48614613	89.58366186	6.738407973	108.7826712	pomegranate
32	129	201	16.36251869	83.00471609	6.48754639	71.55665483	grapes
24	140	205	12.087022	83.59398734	5.93202852	68.66813363	grapes
63	50	52	28.64555584	93.22642604	6.751747609	115.8163936	papaya
101	30	55	25.17711143	89.98405233	6.356247696	49.17250449	watermelon
94	82	48	28.25750014	79.42499282	6.009614584	96.88143141	banana
33	20	33	29.8690834	96.6165754	6.205006931	198.2826423	coconut
110	48	20	24.78478957	80.11671093	5.809404984	80.02031139	cotton
49	70	82	18.89777306	17.63610279	7.342857674	74.17598422	chickpea
12	63	22	29.94413861	62.50762528	7.233634491	41.51166085	lentil
37	55	82	19.45591848	18.02235902	8.423873703	78.44910564	chickpea
28	139	197	23.99686172	92.84005317	6.021824597	119.2341991	apple
67	46	19	20.72308164	60.19147067	6.296077206	108.5952726	maize
50	64	76	20.03129792	14.25803981	8.727732889	67.71729019	chickpea
99	40	25	25.85373675	63.01261839	6.736608648	158.5671969	coffee
24	19	32	26.25585783	99.02686345	5.879103101	158.0322756	coconut
12	20	10	24.45132792	93.10527686	6.528354932	109.4711098	orange
134	56	18	23.80834611	83.91902605	6.691268104	70.97358303	cotton
75	51	39	25.56043989	81.90587796	5.853084904	203.5854927	rice
17	67	18	31.2192752	56.46868874	5.611510977	129.2028653	pigeonpeas
90	50	18	20.22133597	65.62400571	5.924639056	61.32966684	maize
70	52	49	43.67549305	94.0336684	6.501521192	51.38474222	papaya
5	80	25	24.77453739	21.70290963	5.719826758	130.662653	kidneybeans
16	55	19	19.54314136	47.19188279	6.413543781	192.4372194	pigeonpeas
118	17	49	26.98603693	89.98405233	6.818331772	44.00804618	watermelon
31	73	20	28.33568511	64.64181263	7.751703146	64.9248624	blackgram
9	48	20	29.66461594	84.28187572	6.377568542	56.09542002	mungbean
20	61	80	19.93325572	16.15324439	7.677967311	67.08467847	chickpea
40	135	201	22.36281882	82.44447788	6.280741315	67.4276439	grapes
78	46	22	20.09839218	66.46776967	5.88383413	92.68241096	maize
82	17	48	26.53331997	87.49305351	6.414832063	49.94420049	watermelon
89	60	41	26.67253171	84.07818584	6.52447172	179.4946839	jute
24	72	15	25.26284709	68.09716915	6.684817931	73.0247869	blackgram
105	95	50	27.33368994	83.67675197	5.849076099	101.0494791	banana
36	64	19	26.05898018	65.45060462	5.936972665	198.8298806	pigeonpeas
78	39	42	23.06661406	82.83077988	5.00620643	182.5616319	rice
0	69	21	25.86928193	61.88321072	7.072923306	36.68284038	lentil
86	89	47	29.39434025	81.77900055	6.084410047	112.5338682	banana
18	77	20	27.24494408	57.56533785	5.657824127	110.3917536	pigeonpeas
23	30	44	20.93892916	85.42912869	6.12476108	103.0295938	pomegranate
33	143	204	21.1316077	91.95769858	5.814434775	122.5391946	apple
24	25	40	21.64661238	91.78402172	6.256491612	102.5184759	pomegranate
81	56	40	23.74333427	82.10379471	6.04661356	221.0752953	rice
103	13	55	25.45618317	83.29755405	6.924957515	47.31280628	watermelon
37	140	203	24.99287934	83.98351748	6.359081822	74.64846547	grapes
100	39	30	23.08433147	69.94807345	7.137200081	145.0113338	coffee
23	75	16	23.19489049	30.40046769	4.684968435	142.9866977	pigeonpeas
44	76	22	27.26458947	68.01232937	7.775306272	68.91754359	blackgram
17	51	20	29.29127286	86.50995003	6.934035156	41.85287209	mungbean
24	80	21	32.3690573	65.24368825	7.027606354	67.63730433	blackgram
37	61	22	25.09737391	64.89123689	6.836106194	69.07948255	blackgram
66	45	38	24.8379361	83.87184029	5.811435336	234.6188423	rice
120	10	51	28.40421448	94.96218673	6.234591023	27.10114278	muskmelon
112	10	49	25.36461074	84.15512146	6.867149967	40.12650421	watermelon
20	80	20	22.70514377	66.3525692	6.694708787	45.21652964	lentil
60	55	20	25.51299991	66.88177784	6.594155307	71.90163937	blackgram
28	42	21	29.32982549	87.8250745	6.99546776	36.12042927	mungbean
8	133	197	32.67334564	82.31552881	5.68586427	71.5458253	grapes
92	73	49	26.81386771	83.29274376	6.193099266	96.73490683	banana
6	59	21	26.58972517	66.14007674	6.139215944	50.90994463	lentil
10	125	195	30.82352112	80.34519552	5.540725481	66.47800426	grapes
95	5	53	24.81928118	85.56311228	6.656799495	58.42354152	watermelon
28	28	5	18.20597955	91.45717014	7.682705626	109.232537	orange
133	57	19	23.54234715	75.98203329	7.947011366	84.12536744	cotton
65	50	40	23.35864317	82.65115509	7.138619084	230.1384463	rice
21	24	8	13.16157331	92.84017775	7.58592103	116.0108071	orange
40	70	46	39.74328103	93.28518805	6.711520395	45.25937758	papaya
92	14	49	26.92556671	88.19910387	6.586632977	56.4065647	watermelon
61	52	50	29.26556526	94.10034424	6.862986187	153.1186613	papaya
81	36	41	21.92579524	83.51951337	6.944449222	224.2687224	rice
111	25	53	28.6860031	94.96218673	6.299770915	24.92488369	muskmelon
111	88	55	29.44795403	78.34971537	5.505393833	96.45042585	banana
34	71	78	17.02498456	17.39359983	7.902866947	65.11365631	chickpea
24	61	22	30.82196576	46.54743465	7.445444883	178.0327201	pigeonpeas
28	73	17	30.71965027	64.6453237	7.298879879	60.41790253	blackgram
54	66	51	36.44800531	94.94042693	6.785474659	150.2700619	papaya
77	55	43	25.49941707	75.99987588	6.663559451	193.7141828	jute
15	59	25	28.40174205	49.57508986	8.804453395	30.92014047	mothbeans
40	17	15	21.35093384	90.9492967	7.871063004	107.0862095	orange
34	139	201	22.41572393	91.62898581	6.366344626	109.7962208	apple
32	64	53	30.3289485	94.37556781	6.839185573	57.05096041	papaya
25	138	195	22.05685482	93.42650422	5.688908892	100.1173443	apple
0	28	44	22.87644063	94.99897537	6.051183139	106.6571823	pomegranate
13	120	199	23.40030485	94.62228525	6.097981265	115.5629888	apple
86	76	54	29.3159075	80.11585705	5.926824754	90.10978128	banana
116	41	16	23.93388156	76.08888547	7.593364718	99.93100821	cotton
53	62	55	27.37443727	91.24269085	6.841009754	153.5647006	papaya
38	128	205	19.31061758	80.01639435	5.692765357	71.53912517	grapes
40	54	20	28.06659863	63.8299652	6.981032782	56.37228005	mothbeans
101	15	53	29.74581858	91.25161773	6.252432903	25.58572579	muskmelon
111	5	50	27.59350075	91.79742953	6.399891457	24.84266123	muskmelon
127	45	22	23.69159275	79.24006658	5.850209371	99.41520627	cotton
46	75	22	28.54631234	64.26288102	7.413840331	70.54488007	blackgram
115	9	52	29.06785065	90.97685539	6.019372459	29.1194739	muskmelon
100	56	35	26.26295981	85.40001602	7.099068598	174.3775983	jute
101	27	26	27.92374437	54.3305497	7.170567756	177.6248624	coffee
107	25	53	29.41485345	92.51979371	6.305112081	24.08507619	muskmelon
50	74	17	27.10053268	63.36085585	6.5408208	73.84949872	blackgram
22	7	42	19.82349129	89.31054446	5.617249466	109.1261044	pomegranate
8	72	20	22.27052882	24.1918433	5.747890892	108.6655955	kidneybeans
39	25	36	18.90223032	94.99897537	5.567805185	107.6103211	pomegranate
60	56	85	19.77050856	19.33335015	5.988992796	74.74057486	chickpea
80	29	25	24.7663572	53.66451679	6.727746268	131.0996859	coffee
54	80	23	29.63252481	63.58001948	7.120751802	72.61738226	blackgram
39	66	17	34.21045562	49.10594786	5.274747736	160.7780445	pigeonpeas
9	18	13	20.67513232	92.69862175	6.817932709	110.3792392	orange
75	42	19	23.87323778	65.45978905	6.761884672	96.08212546	maize
60	35	35	25.04352952	76.43807755	7.305092324	178.1084666	jute
29	142	203	29.67229086	83.71498986	5.891195653	66.48490371	grapes
83	42	41	22.42478386	83.12801594	7.47764472	182.5616319	rice
80	31	28	27.54358218	50.04557009	6.798308014	143.2181043	coffee
52	56	85	20.1187446	14.44228303	6.81712422	88.68168643	chickpea
30	65	19	23.29355989	23.5791544	5.913131632	125.8701191	kidneybeans
25	50	20	29.90958454	86.95216116	7.052879439	58.58399089	mungbean
52	50	52	35.8414578	91.40353125	6.711132019	153.9629436	papaya
110	27	49	28.67392522	91.28167979	6.305938633	23.04823123	muskmelon
3	11	15	31.60967488	92.9958295	6.82041909	110.3373538	orange
92	11	49	27.02415146	93.48319748	6.449640166	21.46124028	muskmelon
65	41	22	22.49069804	60.15314611	6.250112818	90.53486726	maize
0	30	30	33.76925941	47.13905967	6.062758517	89.56067207	mango
40	45	18	30.43683729	55.20522037	5.261285926	30.92014047	mothbeans
23	138	205	14.45308098	82.36233254	6.15026228	70.75158631	grapes
109	37	20	24.88719717	84.48322161	7.677742399	77.87150841	cotton
123	39	15	22.00085141	80.73805859	6.642527351	74.4851244	cotton
2	38	18	27.53632932	89.92908171	6.619891498	45.48591922	mungbean
17	24	13	16.80387793	90.00621688	7.361122783	105.1524139	orange
25	17	10	29.06810896	91.16363384	7.272903332	113.8039616	orange
89	52	42	23.09433785	81.45139295	6.14132902	196.6587013	jute
61	35	42	25.64154985	85.95586099	6.436658543	150.2355238	jute
80	9	48	28.40714216	93.08014925	6.135889301	27.38767611	muskmelon
91	16	45	26.01561921	85.41373396	6.956508826	46.56749971	watermelon
100	15	50	24.37027328	84.83023391	6.526224088	48.96425584	watermelon
69	47	40	25.37122686	76.2403666	6.130136384	183.8270791	jute
40	145	195	23.47943286	90.02575116	6.082692945	102.9209099	apple
40	51	17	28.66086349	86.12194568	6.860602782	50.01534317	mungbean
76	45	45	23.09433785	89.89106506	6.002524871	168.2889839	jute
32	139	198	35.89307536	82.66850729	6.358186848	66.53946559	grapes
48	66	17	31.16080886	62.37880319	7.212720836	70.28602586	blackgram
15	12	25	28.33791484	94.93152512	5.826705227	154.2666834	coconut
10	6	12	13.52951701	92.74634411	6.925349049	105.4706397	orange
100	89	55	28.19718688	76.2798784	6.231003757	101.3513116	banana
15	49	20	27.32071549	89.99615558	6.607540631	36.41554477	mungbean
15	29	35	30.33227898	52.03003266	5.4581109	95.60058539	mango
84	60	40	21.95511505	81.39882537	7.274829838	234.0097601	rice
80	13	55	25.72158405	81.66921913	6.264315536	57.7325667	watermelon
84	45	39	23.09433785	73.488941	6.779095137	162.789511	jute
5	139	201	23.59278083	92.33114458	6.171622289	108.8836038	apple
116	23	55	26.629077	88.93764037	6.409346135	50.2489564	watermelon
96	88	55	27.82030695	79.23181564	5.697254824	105.8609188	banana
9	77	17	21.65845777	63.58337146	6.280725549	38.07659414	lentil
33	12	8	25.26052689	90.31153735	6.822282114	117.3695296	orange
88	42	41	25.48457573	81.15859325	6.002524871	173.5612012	jute
11	30	39	19.84187829	87.14372774	5.561851831	110.2762491	pomegranate
19	33	28	28.01032797	51.43055088	6.274958877	91.84731686	mango
57	57	51	39.01793345	91.48815629	6.99223441	105.8841531	papaya
26	67	22	24.38074018	18.90635533	5.683094722	104.7713798	kidneybeans
113	17	48	25.78941542	89.79216189	6.451847243	40.12650421	watermelon
14	40	25	32.41176661	49.39794203	5.984405809	94.92948522	mango
15	46	22	29.28943861	81.35292567	6.218923893	50.26237599	mungbean
40	61	21	29.19437666	41.15049735	5.413720225	122.8526593	pigeonpeas
5	15	35	31.41663246	48.63975955	6.298666385	89.79234655	mango
28	80	22	29.58319201	62.26966269	7.370012728	50.87742509	lentil
21	69	25	29.94413861	62.12948769	7.026695676	42.13864571	lentil
18	8	12	29.9827182	92.17577451	6.735647923	105.1488141	orange
37	77	20	25.93381964	68.70533022	7.080506001	51.02372773	lentil
104	22	32	24.30307292	63.36595961	7.201350718	160.384169	coffee
130	54	17	25.04744476	77.64005647	6.590999083	78.69714693	cotton
35	70	20	21.72776625	51.02984479	5.656753136	189.1701011	pigeonpeas
84	51	35	24.02712452	86.38972224	6.921321291	196.879985	jute
0	127	201	22.17906445	94.92048112	5.969183378	120.3710752	apple
39	23	40	18.07132963	91.86942943	5.892286116	105.1506094	pomegranate
19	137	201	21.73312442	92.50302479	5.514253142	108.7113964	apple
2	59	17	29.94413861	64.41400066	6.678713413	46.00568931	lentil
7	138	202	23.32697219	91.57168513	5.99627095	124.0211018	apple
27	136	195	29.04874011	80.55449973	6.222075447	74.75892728	grapes
74	56	21	23.4980499	65.13578078	6.496425869	69.41371425	maize
104	26	55	29.69764273	92.27655961	6.410538441	21.13934342	muskmelon
20	50	22	30.99694676	46.42693735	9.406887533	38.31597852	mothbeans
42	58	83	17.14250159	15.43626681	7.500386059	91.68377774	chickpea
36	69	23	27.30363851	30.40046769	5.638879791	157.2750746	pigeonpeas
40	38	19	28.68846795	89.76073966	6.611096362	51.92469859	mungbean
33	139	203	33.34214482	82.51034633	5.693287415	70.68098614	grapes
26	129	195	8.825674745	82.03462042	5.894203545	66.60391567	grapes
28	58	24	19.72702528	18.28173015	5.748190463	143.7630894	kidneybeans
49	55	53	38.4418717	93.63739039	6.544029776	77.71566883	papaya
2	30	43	21.45051671	88.30717703	6.717392153	108.420585	pomegranate
36	141	198	23.24397019	91.02135444	5.882885649	106.8527712	apple
109	17	52	25.9876889	84.00293881	6.341014508	49.02268997	watermelon
20	130	202	31.47540644	80.99209783	6.087719971	68.6939589	grapes
26	35	22	27.84185889	89.30816537	6.703649701	59.87232071	mungbean
19	60	22	24.95342393	51.73635926	5.290309066	46.77987583	mothbeans
32	73	21	17.03852123	22.8547626	5.788738127	115.1139111	kidneybeans
108	88	55	26.28845991	83.390039	5.891458107	113.8729798	banana
46	67	52	34.87676011	93.71055373	6.809622725	92.31449532	papaya
116	36	25	27.57847581	58.52534263	6.172090205	156.6810374	coffee
33	60	25	23.360822	20.15108359	5.965200699	136.0077297	kidneybeans
83	40	31	23.05951896	51.34900402	6.700674818	121.9166945	coffee
90	31	35	25.42600692	50.04557009	6.637393565	192.0139545	coffee
96	20	29	24.9751535	55.95033819	6.876385595	139.729491	coffee
99	11	48	25.85442479	88.80214959	6.762413841	54.36548721	watermelon
81	47	39	26.2263911	86.73729743	6.508483889	180.3887356	jute
25	46	22	27.99659489	88.35426347	6.737441112	36.12042927	mungbean
28	14	31	28.18782903	90.39446499	6.033084189	195.7847383	coconut
40	60	25	29.03251609	87.71802354	7.199495368	44.84893062	mungbean
11	28	27	33.36343208	49.8538305	4.523761834	99.27143754	mango
93	53	38	26.92995077	81.91411159	7.069172227	290.6793783	rice
21	25	34	28.66915139	97.11594232	5.879784092	176.9247428	coconut
109	24	48	27.9733799	93.01848462	6.623845674	26.78800702	muskmelon
91	21	50	24.33528185	81.44030363	6.762030215	48.32113628	watermelon
30	29	33	30.63210014	49.6096407	5.998354646	94.44175987	mango
25	16	5	13.33876468	92.02715644	7.340241578	109.761211	orange
104	20	26	27.22783677	52.95261751	7.493191968	175.7260273	coffee
75	60	23	18.66352099	59.54553572	6.680376046	79.60119538	maize
95	11	47	29.94349168	90.81902703	6.517594178	27.27842323	muskmelon
18	9	40	19.44623085	89.02127045	5.627186257	106.1606833	pomegranate
23	145	201	22.48568104	90.69940994	5.827206712	115.8194548	apple
9	30	30	33.85612163	52.23325181	5.701814784	95.56806392	mango
0	23	35	25.82560386	99.50096584	5.799768241	204.3817156	coconut
61	60	19	20.06659467	61.54830444	6.146689416	60.65171481	maize
43	62	54	28.74934506	91.00987091	6.63887941	101.7976333	papaya
21	62	77	19.13159906	14.25803981	7.728799226	83.62181017	chickpea
0	28	41	24.24215411	91.2252977	5.996965203	104.3026663	pomegranate
103	24	46	27.27234943	94.96218673	6.465591704	28.97550096	muskmelon
105	7	45	24.98832633	85.7774576	6.415478983	40.12650421	watermelon
1	23	30	27.00315545	45.02236377	5.081268459	97.1422029	mango
14	120	199	23.37512356	93.63045594	6.126579871	108.4129236	apple
27	20	10	29.84615237	93.20185084	6.558356213	111.5661825	orange
14	19	38	19.59104789	91.7721573	6.362781974	107.7032168	pomegranate
33	57	17	27.89636126	88.71782287	6.78415271	57.79863368	mungbean
12	136	201	21.0365275	94.49671119	5.514253142	112.7048898	apple
20	38	20	28.37609255	88.11901995	6.784851488	43.25903208	mungbean
46	72	15	30.22318022	64.49816982	7.086518155	66.9357183	blackgram
40	70	20	27.5127127	34.49591286	7.091609408	125.9335504	pigeonpeas
28	13	8	17.02235322	93.38510162	6.536804338	113.4350817	orange
34	60	22	28.44679966	84.62591975	6.913289302	55.60302913	mungbean
37	6	13	26.03097313	91.50819306	7.511755068	101.2847738	orange
82	47	35	26.98582182	78.28043681	6.921867002	195.5144583	jute
32	121	199	39.37102553	81.25353895	6.129812716	74.08101744	grapes
78	48	22	23.08974909	63.10459626	5.588650585	70.43473609	maize
27	123	202	41.94865736	82.03831309	5.620589648	68.34823487	grapes
59	47	53	32.86316618	91.4618874	6.850663232	47.271547	papaya
40	60	23	23.06661974	50.32240668	5.878941166	185.5003562	pigeonpeas
93	26	54	28.41393864	92.49927499	6.352279586	24.60891273	muskmelon
31	55	19	30.75225018	53.34255407	7.37611517	193.3617449	pigeonpeas
107	70	47	26.32287873	76.42653719	6.084030453	119.84797	banana
80	35	39	25.01912375	84.36958453	6.383420059	230.0106397	rice
81	8	55	28.04805448	93.03332371	6.462776315	23.55579563	muskmelon
3	15	27	33.00433874	52.62643572	5.868747254	98.51251704	mango
101	12	54	25.52244239	83.0900287	6.849264276	44.01178105	watermelon
60	70	46	25.20328406	92.60919066	6.721595537	117.9364573	papaya
27	21	30	35.3915464	52.48823147	5.061081874	91.22881052	mango
89	45	41	24.24788567	74.94235386	7.420153699	186.1205736	jute
82	20	31	27.92374437	58.48914188	6.864659906	152.5532185	coffee
89	13	45	25.86023846	86.80414464	6.176134064	56.6541257	watermelon
105	56	15	25.96779712	81.97904282	7.272316209	74.14169043	cotton
30	66	17	29.2937107	64.13717992	6.918284162	65.61877235	blackgram
110	33	27	26.07821287	62.74602182	7.158650585	130.2295249	coffee
20	46	18	29.43328844	52.42838041	6.430836161	44.28513146	mothbeans
23	17	8	17.39428526	93.04883598	6.049280746	117.1490353	orange
16	15	42	19.67832052	89.08935702	6.890784045	108.5468633	pomegranate
80	26	55	24.53442564	88.989272	6.140099215	49.11618732	watermelon
32	28	35	29.73554825	48.21679381	5.548679471	93.69181409	mango
42	55	81	18.51008554	16.39290273	6.832771791	94.17067946	chickpea
87	59	40	24.12219444	73.33129795	6.837674873	173.8437068	jute
35	135	199	21.77466746	80.54942557	6.400719746	69.39630398	grapes
40	61	25	26.0865854	63.40939495	6.41829908	43.15464482	lentil
0	19	10	30.28009815	90.00621688	7.443199802	112.7141719	orange
72	59	16	20.47578987	68.99458417	6.612487276	85.93274606	maize
83	23	55	26.89750174	83.89241484	6.463271076	43.97193745	watermelon
60	68	80	18.35946421	15.62266602	6.699976459	82.35876541	chickpea
71	52	18	25.10787449	55.97732754	5.790770203	78.16077693	maize
93	26	47	28.72314218	92.86438292	6.018896924	20.21126747	muskmelon
32	126	204	24.44642094	82.4089203	5.937051336	72.0476523	grapes
80	23	51	24.44334278	81.96025281	6.615944209	49.37191743	watermelon
36	70	49	35.48554487	92.03813936	6.846024777	79.98750015	papaya
100	30	27	24.53611161	50.04557009	6.950072298	179.1736204	coffee
27	128	205	22.55555861	94.50407752	6.489856377	114.0749272	apple
24	40	20	26.80687042	48.32931788	4.442194909	45.34486129	mothbeans
20	140	195	23.79352411	90.61629353	5.985446874	117.2326044	apple
12	20	9	18.53341939	91.9362161	6.668741552	101.6776352	orange
97	53	18	22.64192153	67.05220899	6.076210951	84.5631398	maize
42	50	50	30.90505548	94.94482086	6.579888672	221.8775608	papaya
12	35	18	26.68834175	60.88918062	6.696123343	64.78520566	mothbeans
107	43	18	22.426733	81.53480799	6.745104394	65.54475812	cotton
20	60	22	27.27962855	83.66129656	6.560606352	45.46255224	mungbean
32	60	17	27.97387377	85.19338851	7.02232563	42.43324905	mungbean
21	30	45	19.57958326	85.43701912	6.404432949	110.1209244	pomegranate
0	69	23	25.99325348	63.76191661	6.129473665	54.9393771	lentil
19	75	20	25.44304515	62.91490001	7.841496029	51.59644406	lentil
116	29	50	29.23001927	93.67021157	6.082715897	25.97593574	muskmelon
66	55	44	24.8219698	79.03976602	6.992195193	188.7088524	jute
14	138	197	22.24110933	92.4250922	5.70260747	114.9670267	apple
113	15	29	25.99934122	51.45543676	6.610281138	142.9289953	coffee
22	15	27	29.12169574	95.34707718	5.967592442	173.2242373	coconut
12	142	203	31.3115978	82.56407013	5.972850838	65.01095312	grapes
47	80	77	19.28400363	14.29564666	7.760445645	81.95255354	chickpea
43	78	20	34.9466155	64.66788976	6.741889515	64.92026426	blackgram
22	62	76	19.25180359	14.87946	8.427064989	81.59891637	chickpea
36	67	45	43.67549305	93.3664847	6.520304468	114.040691	papaya
123	52	19	23.07856898	77.51704841	6.454187552	82.68294433	cotton
11	137	196	21.55636619	92.0224469	5.672069985	110.0181145	apple
120	9	55	27.68106459	93.84357473	6.450300819	20.33001155	muskmelon
45	80	75	20.82250884	18.95890817	7.084077979	78.05554944	chickpea
88	16	46	29.72726668	93.96092246	6.098065352	27.89632202	muskmelon
19	18	30	28.07726517	94.57879867	5.874329326	202.7169309	coconut
60	75	85	18.22011001	17.37206087	6.00141984	81.94682387	chickpea
40	5	27	25.29774202	94.04982051	5.705589986	191.1415885	coconut
9	13	33	26.18536301	97.9007405	5.837826846	138.1364886	coconut
116	81	55	26.42313317	83.6995044	5.915546415	95.12322062	banana
21	59	23	24.4117901	65.45207348	5.951947639	90.05422663	pigeonpeas
115	18	50	26.26059835	85.30807901	6.676504497	49.74022708	watermelon
37	19	29	35.99009679	53.394969	5.690728355	91.77885837	mango
27	73	79	19.16288268	15.83500655	7.354973451	82.69766829	chickpea
89	52	45	24.89326318	77.01222585	7.207457208	196.469984	jute
0	41	18	29.11720954	86.41697586	6.818315462	57.62150189	mungbean
68	58	49	37.09588382	90.91419228	6.661908727	81.94935765	papaya
48	70	48	25.45665967	91.88061654	6.825262263	125.8020175	papaya
120	70	55	28.56306642	80.79812187	6.255920634	104.6801395	banana
100	74	52	25.43480512	81.53977797	5.837258235	96.47800391	banana
48	63	49	27.02134488	90.82991063	6.815070414	115.2574085	papaya
91	5	55	29.09225433	92.04955055	6.490181609	23.62816452	muskmelon
1	35	28	33.52488704	46.53216863	5.747760693	98.92200135	mango
107	38	29	26.65069302	57.56695719	6.35118177	145.105065	coffee
14	8	25	28.00492526	96.71616828	6.325584868	217.6712394	coconut
19	55	20	25.56466075	41.61993418	6.828442488	70.33121266	mothbeans
31	57	52	36.07704621	90.90820537	6.8288888	40.35153141	papaya
2	23	35	26.36866114	94.7310492	5.50158009	147.2282303	coconut
40	65	15	25.2831631	61.49844617	7.841496029	54.9393771	lentil
59	50	55	36.23025771	91.51475317	6.50488887	236.8416362	papaya
90	59	42	25.42077556	72.76425175	7.406516169	190.646412	jute
100	86	45	29.90888522	81.97568053	5.754545849	101.6874428	banana
94	5	48	24.82137818	84.27971101	6.409526351	46.62616452	watermelon
9	44	19	29.47704079	87.52310982	6.852186356	49.32851104	mungbean
67	60	42	23.99259301	73.43392044	6.979082432	165.4924514	jute
24	30	11	14.61454871	90.74807551	6.550043359	112.005414	orange
118	14	52	28.01862523	90.01506395	6.202174872	23.35715337	muskmelon
31	30	35	26.75655726	94.0834013	5.644213507	201.9965381	coconut
21	77	22	24.03544072	20.93515376	5.766319518	122.1894086	kidneybeans
20	125	195	23.30532528	92.42485254	6.366876812	122.1539878	apple
17	58	16	34.10331742	44.28334025	6.159471823	127.7551441	pigeonpeas
36	54	46	42.54744013	94.94482086	6.662875839	214.4103848	papaya
41	78	21	25.19857725	60.37332688	6.581313137	70.88787207	blackgram
90	53	37	22.2612077	83.64180118	5.889264277	217.8762769	rice
12	5	5	25.46065096	90.34819873	6.290337731	106.9175112	orange
121	52	19	24.55769703	78.94606899	7.477832183	86.141504	cotton
63	35	15	23.39682962	66.82754044	6.653358184	74.37222578	maize
22	34	35	27.79331662	53.90074527	5.866076671	97.3903992	mango
124	51	22	23.89915545	81.34529339	7.389588157	99.93100821	cotton
30	64	78	20.11415024	18.21092636	6.685843254	86.11529336	chickpea
48	66	77	17.73932897	17.2555175	7.844920969	94.78189594	chickpea
103	16	49	24.06731461	81.64075303	6.915717008	51.75212401	watermelon
15	14	32	28.03281398	90.01734526	5.923394804	171.6684843	coconut
20	29	10	29.07412717	93.27189064	7.36549204	100.7896871	orange
105	81	51	25.79006483	82.83417168	5.796626826	113.7798699	banana
102	14	45	29.20650106	93.55991247	6.200064515	26.0147829	muskmelon
28	52	23	28.75413851	89.50810212	6.744086862	39.63404215	mungbean
102	26	50	29.34561943	91.8780366	6.327313171	24.03237235	muskmelon
50	76	79	18.51486455	15.93187679	7.49504308	81.60218435	chickpea
20	129	201	23.41044706	91.69913296	5.587905967	116.0777931	apple
39	5	31	27.10134661	93.69979946	5.551963184	150.9502632	coconut
93	12	47	28.38420765	93.24145559	6.215653365	24.07677382	muskmelon
12	25	28	35.3302737	53.81573332	5.870622074	99.82274659	mango
32	74	18	19.04215932	19.15167917	5.810128684	147.1330223	kidneybeans
36	63	24	32.56244768	64.97869705	7.231662581	60.68961879	blackgram
3	23	15	21.61443984	93.44075361	6.497569647	111.079995	orange
91	46	43	25.47049509	73.43954722	7.488014404	170.405068	jute
92	75	45	29.01207743	77.95192527	5.674403359	90.43495443	banana
0	124	196	27.00940003	80.84069694	6.109433445	71.07639554	grapes
60	42	42	23.67407577	76.40170116	6.06686839	172.7172509	jute
16	25	35	27.45398594	48.37466998	6.09738718	98.28769117	mango
84	49	17	23.45967443	63.13256136	5.563635849	94.28732155	maize
29	17	29	29.20394909	95.66997327	5.959493188	211.2506267	coconut
24	51	18	25.53139867	64.95585424	5.835381042	53.56604303	mothbeans
115	52	15	24.46228937	81.29253661	7.709697629	92.30634705	cotton
73	53	39	22.2174501	81.47596572	6.435737259	200.7908449	rice
40	35	19	28.4588868	84.74078911	6.764261768	49.99950409	mungbean
10	63	20	18.41989727	18.09224048	5.870080384	113.8459989	kidneybeans
60	49	41	25.74484496	74.64887966	6.802729615	188.5716996	jute
72	41	42	24.11912491	80.75069473	6.911585217	177.1540598	jute
74	48	17	21.63162756	60.27766379	6.430616465	69.21803098	maize
36	67	19	22.69689839	67.9234532	6.860752343	42.21577529	lentil
40	20	32	26.12568451	93.01762723	6.470465614	131.6603768	coconut
105	79	47	29.00109521	77.47822728	6.260609126	92.0158835	banana
29	20	32	35.99009679	48.74270702	6.106794939	98.39877276	mango
17	21	35	21.75999164	92.83845412	7.165760353	108.244582	pomegranate
26	56	17	31.21273985	63.58313792	6.867561745	68.20868384	blackgram
112	16	53	28.70044993	92.35929396	6.772989498	20.73961178	muskmelon
38	66	82	19.04538689	16.79528131	7.725672918	70.58028701	chickpea
26	37	30	35.39986338	49.45962621	6.166173834	97.41054011	mango
50	46	52	31.18298415	90.21646909	6.734005648	54.01872359	papaya
20	60	22	29.65052947	42.89833235	6.876572503	186.9226052	pigeonpeas
136	43	22	25.08366583	75.96672905	6.867103821	74.82426815	cotton
26	66	22	18.06486101	65.1034354	6.300479414	51.54922825	lentil
29	67	77	18.82048757	15.66069751	6.910282098	85.8694879	chickpea
36	7	37	19.8671184	86.35590206	5.782435567	108.3168858	pomegranate
25	71	24	28.49538735	60.44848407	7.187721818	74.91559514	blackgram
78	53	20	23.59782898	68.22714365	6.486808934	62.84596318	maize
92	40	25	26.69213106	56.15896106	7.167058959	199.4735636	coffee
28	79	16	24.70626432	60.26854183	6.052184881	53.12442925	lentil
70	53	41	26.17427278	76.00925451	7.488014404	150.2355238	jute
99	24	45	27.47660915	92.61780958	6.306983325	28.47484923	muskmelon
60	61	55	43.67549305	93.27801644	6.587912045	129.3706855	papaya
42	54	53	40.13859114	90.41267944	6.672316317	105.6252134	papaya
35	128	205	21.07273439	93.56585985	6.041053829	107.8737015	apple
10	15	32	26.83437884	92.67811393	6.268280896	191.8037913	coconut
60	49	22	22.93672486	64.7719605	6.132625929	97.31026696	maize
15	136	198	34.43265303	82.13883972	6.183341821	65.01095312	grapes
34	145	197	30.62162849	81.70749953	5.672772714	65.01095312	grapes
12	78	23	16.06522754	18.72479695	5.99812453	88.06638775	kidneybeans
39	64	53	23.0124018	91.07355541	6.598860305	208.3357976	papaya
24	80	22	16.71170642	19.17651433	5.635993966	96.77285817	kidneybeans
80	20	51	27.02415146	92.10887294	6.359222573	20.21126747	muskmelon
29	78	20	29.86047604	46.13556056	5.964200554	198.8298806	pigeonpeas
25	80	16	24.66941284	63.26188323	7.841496029	39.64489792	lentil
34	18	42	20.75478138	91.45599755	5.80807636	108.1850808	pomegranate
53	67	18	31.04297032	62.93465956	7.478533983	70.87089682	blackgram
40	59	83	19.56229124	17.43955421	8.65911159	82.55823006	chickpea
102	53	21	23.03814028	76.11021529	6.913678684	91.49697481	cotton
93	17	53	29.63473843	92.7217329	6.631394985	23.95384018	muskmelon
6	62	17	19.85250705	57.3632127	5.947272204	152.0632512	pigeonpeas
40	29	29	27.28333241	93.17830756	6.087048778	158.0384943	coconut
21	18	29	29.67797191	49.25780469	6.263549994	97.03095981	mango
117	51	15	22.9535715	78.71555832	6.044556594	99.75336197	cotton
23	59	19	21.98560799	24.87304788	5.852046999	129.5650601	kidneybeans
76	38	20	20.2710778	74.82913698	6.756439888	97.3212652	maize
21	15	13	24.6017424	92.41198022	7.07814441	119.4783708	orange
27	79	82	17.06579293	17.54024066	6.307004923	70.87150577	chickpea
82	51	21	23.76263026	63.19189223	6.84846409	88.29425932	maize
19	28	31	29.80358021	47.5790445	6.556746101	96.01335104	mango
17	145	203	30.38800992	80.89655099	6.055811099	67.65970358	grapes
37	74	15	17.78221492	22.67649154	5.826534711	127.3817113	kidneybeans
103	95	53	29.50360512	80.30636142	5.624948011	97.9241216	banana
24	75	22	15.53086691	24.96969858	5.555503491	120.3235499	kidneybeans
10	23	33	28.88956123	51.51889142	6.907335062	94.40921068	mango
68	49	18	21.88497024	68.09845049	6.515077603	84.18469186	maize
136	51	15	23.87286654	81.77396555	7.257408432	73.5755956	cotton
17	43	23	27.01470397	86.66454916	6.83142096	48.08000332	mungbean
62	46	38	22.91808562	83.86070021	5.087560196	182.5616319	rice
112	35	17	25.23065793	78.45820631	5.900188696	81.143948	cotton
43	55	19	31.09279803	63.88206651	7.770161852	68.20071815	blackgram
27	67	79	20.31815631	16.44676101	6.044266585	74.07731231	chickpea
26	80	18	19.32509638	23.3334788	5.581021521	104.7783947	kidneybeans
22	68	19	27.7090675	39.6947588	6.93114751	170.4418171	pigeonpeas
80	25	27	23.64624337	55.72328678	6.404612158	168.5176097	coffee
34	60	23	20.12574053	24.96969858	5.659254981	100.0497183	kidneybeans
17	30	43	20.95089417	87.33976084	6.660433857	105.7525353	pomegranate
32	56	18	20.0467711	65.84395319	7.135251532	46.05333124	lentil
22	70	16	27.26548474	65.04366402	7.459635201	62.40528504	blackgram
73	49	37	24.04854228	73.32255303	6.423371753	177.9565935	jute
23	22	15	32.14536463	93.2112104	6.486318487	113.2358516	orange
21	52	21	25.79079441	57.27480236	7.457520178	57.23308091	mothbeans
117	17	49	29.12749712	94.09982236	6.076975906	29.26126306	muskmelon
8	56	24	20.45671011	19.09730022	5.878373045	117.8315988	kidneybeans
27	124	199	30.5304704	81.32987222	5.980054183	68.30389059	grapes
47	57	49	39.81900993	92.46771438	6.715634141	145.0626826	papaya
100	58	41	23.17403323	87.88255345	6.658769991	160.6217342	jute
60	48	36	23.93838199	72.87752208	6.768913318	156.2492828	jute
67	45	38	22.72791041	82.1706881	7.300410836	260.8875056	rice
21	18	26	30.50731149	51.18462123	6.08357952	99.88676412	mango
30	5	12	28.53040887	90.5162103	6.492580251	107.0785562	orange
24	5	9	18.17753744	91.81020125	6.342382333	118.3116097	orange
13	20	10	34.90665289	90.3448712	6.460690979	114.2988398	orange
36	80	23	34.06734319	67.28903595	7.593442834	69.71215269	blackgram
16	29	13	32.31944397	93.67804556	6.196907944	117.6236473	orange
19	78	20	20.67745219	69.92375891	7.307130816	41.15183575	lentil
80	14	49	25.31496016	88.50244603	6.491603176	52.11128633	watermelon
100	28	53	28.70467671	90.45203944	6.365051896	28.02954017	muskmelon
28	16	26	31.02295264	46.32681888	4.981993679	93.01010939	mango
13	20	44	23.48166171	90.12808398	6.549935341	106.0895801	pomegranate
99	12	52	28.69708334	94.30759855	6.002927293	22.21807088	muskmelon
93	79	50	28.00308914	80.10200879	6.017453121	106.0331188	banana
40	38	27	32.68918762	48.66831735	6.409460038	94.31462234	mango
27	30	5	32.71748548	90.54608254	7.656978112	113.328978	orange
83	38	20	23.66140761	69.08643753	5.859030141	74.14697983	maize
120	27	32	24.9887671	56.62163334	6.256564699	139.3203121	coffee
2	129	201	22.78234161	94.36803516	5.682343744	122.1449949	apple
63	46	55	30.60933824	93.10259086	6.75103645	141.1357688	papaya
25	66	85	18.35291875	17.53035991	6.679876873	76.32224886	chickpea
28	50	21	28.30618936	40.00933429	6.383977735	64.38420903	mothbeans
29	25	14	30.49183837	90.4582865	7.781988584	113.3302105	orange
31	56	53	28.56205599	90.03863107	6.645812916	210.1795111	papaya
19	30	30	29.56549169	91.40896307	5.826381164	224.8315729	coconut
111	22	26	23.05951896	51.98085058	6.818313225	145.3623597	coffee
46	60	15	30.09033835	65.83273395	7.626177037	63.65377211	blackgram
9	73	22	27.25297761	67.18403517	6.669775227	46.79352768	lentil
34	80	21	29.44957114	63.33145132	7.057604724	72.91602875	blackgram
103	18	49	24.88845342	87.66185462	6.014353645	53.45279235	watermelon
109	22	28	23.7076223	58.48081458	6.953764389	155.5297773	coffee
24	19	35	27.0518933	95.58324184	6.329238253	184.4268183	coconut
27	61	15	25.2653291	67.10004577	6.958054839	48.33941188	lentil
19	126	196	24.11600497	81.50762612	5.690035767	68.44769946	grapes
115	7	55	24.04355803	84.69822468	6.239956895	53.0121808	watermelon
40	125	200	35.77463352	82.2080625	5.863660617	68.29090172	grapes
90	57	23	21.90915378	57.97634512	6.244540986	73.63168648	maize
65	60	22	25.36768364	72.52054555	6.606984086	107.9124111	maize
30	80	24	18.81585644	21.73705435	5.715504164	78.20437345	kidneybeans
16	6	29	29.28725038	91.95614918	5.868285082	132.1491176	coconut
100	79	46	29.34337877	77.83255745	5.954856755	105.1326765	banana
90	53	19	22.40724815	63.87561105	5.934389378	97.97709888	maize
109	33	29	26.88650168	53.37282936	6.262118541	143.5923784	coffee
110	12	52	28.97577853	90.01506395	6.325546488	29.75249549	muskmelon
60	65	15	25.84807196	65.01705788	7.658178058	63.09600789	blackgram
20	142	196	10.89875873	80.01639435	6.207600783	68.69420397	grapes
34	144	198	35.00401023	83.43982114	5.56769652	74.91506217	grapes
35	71	21	34.3892094	37.07381306	5.147635519	158.5532058	pigeonpeas
32	70	20	20.89342749	46.24856523	6.208843215	195.5697875	pigeonpeas
119	39	26	27.08001144	55.21489273	7.290158717	128.8366223	coffee
20	73	19	27.71809261	64.2680461	7.112060905	48.43401744	lentil
22	55	16	23.7937153	68.03209183	6.516317561	49.73922097	lentil
53	64	16	31.68865811	63.36219549	7.094585416	74.91559514	blackgram
18	137	199	33.59313333	81.04893061	6.479872266	70.61511328	grapes
27	35	34	31.84921117	53.13889276	6.484683535	95.05617437	mango
69	60	39	23.91172675	83.30094175	6.768816056	265.5764207	rice
38	67	79	19.48007529	16.7706534	8.036954185	77.56192959	chickpea
13	30	28	28.91750692	92.36083983	6.266373796	195.3617507	coconut
29	60	25	27.46415032	85.75654978	7.144770778	50.08709306	mungbean
14	18	28	30.59192954	49.99628578	5.24159473	96.96797704	mango
40	5	37	19.56443316	94.42390458	6.779162798	108.6070751	pomegranate
11	124	204	13.42988625	80.06633966	6.361141107	71.40043037	grapes
87	70	48	28.49974128	81.85547326	6.463033958	113.6537457	banana
27	76	17	26.89306163	65.42430059	7.201813652	48.37640447	lentil
119	42	21	22.92788796	78.93077502	6.75953868	89.07230598	cotton
20	62	22	32.79217887	66.10678443	7.074776864	68.1896981	blackgram
19	59	22	21.51816372	24.96969858	5.562731351	114.9422172	kidneybeans
59	67	51	29.83081643	92.70237148	6.749018741	156.4558994	papaya
12	145	201	21.75504036	92.80248483	5.927279898	109.6343258	apple
70	46	49	33.80032743	91.32463461	6.795194054	158.2701669	papaya
105	20	48	26.09666764	86.46311872	6.320140274	49.66908057	watermelon
55	60	15	32.79766751	68.77994074	7.163043872	64.11411069	blackgram
115	20	30	27.3670932	57.87747559	6.468818376	177.3573023	coffee
80	8	47	27.87894185	92.35825818	6.495290372	22.82419987	muskmelon
92	91	50	25.22274619	77.31078918	5.990959065	99.59716993	banana
120	20	34	23.56960509	50.56339727	6.906124587	130.3797119	coffee
2	64	24	29.94413861	63.47706115	5.91645379	49.22692405	lentil
16	53	18	28.55840258	86.60054585	6.526267949	52.07524908	mungbean
30	24	33	29.67256968	50.90807851	5.94522238	89.29147581	mango
61	38	40	24.98583483	74.86816612	6.562717142	186.1228951	jute
20	21	35	29.97563273	49.75290952	6.215952151	91.36312752	mango
50	59	85	19.89732163	14.70064998	8.01469722	69.77676436	chickpea
36	10	31	27.53941898	92.45381801	5.834531643	225.6323656	coconut
27	72	18	27.77929781	67.48773295	7.081128814	65.66129348	blackgram
103	5	51	29.92791643	91.26216233	6.307486926	20.52729297	muskmelon
100	43	41	23.09433785	71.78218609	6.679800007	174.8408237	jute
42	68	84	18.89486906	16.52505671	7.005597881	94.34444711	chickpea
56	70	54	28.67537844	94.54868619	6.826143345	231.4514883	papaya
133	50	25	25.72180042	81.19666206	7.569454601	99.93100821	cotton
83	46	44	26.19940278	70.88259632	6.422785601	150.2355238	jute
37	75	83	20.75530875	17.13901041	8.480204186	91.05366026	chickpea
7	139	199	23.39060751	91.55749735	6.033170791	116.8030892	apple
38	120	197	17.5438296	82.94703302	6.323722572	73.77063744	grapes
11	56	25	29.16946933	58.87185989	7.517147261	40.71571875	mothbeans
109	75	45	26.84020527	80.34417146	5.714761133	113.7469549	banana
81	14	48	25.66182934	83.50621413	6.572202546	44.25525239	watermelon
93	57	35	26.56363483	77.93351121	6.651405145	158.8365706	jute
97	42	38	26.95964633	85.05803137	6.366294959	199.8362913	jute
28	136	197	22.1994941	91.7961507	6.144686414	124.9831618	apple
36	73	22	25.06594758	38.8276734	7.356900219	125.6330182	pigeonpeas
31	64	21	25.77766923	46.39466271	4.548202098	141.5106078	pigeonpeas
41	56	47	28.57024019	92.34681397	6.623245322	139.7884832	papaya
33	58	17	27.08589491	50.32149575	5.222257504	90.05422663	pigeonpeas
26	9	32	25.9490364	94.73860514	6.470465614	144.1571109	coconut
55	59	48	26.73709742	91.32313145	6.797971605	58.16226156	papaya
80	57	38	23.09433785	79.95955534	6.649059475	189.8574873	jute
40	19	35	31.89832025	52.19465345	6.488941131	99.31197216	mango
34	55	19	26.38396378	68.54923574	7.139958246	61.03727381	blackgram
27	27	28	35.03855099	50.51278106	5.401316339	99.77446436	mango
21	60	24	21.99718381	22.42569149	5.711837968	65.86335028	kidneybeans
21	13	32	28.46995938	92.04850351	5.860308236	131.0900076	coconut
15	80	21	18.31910448	47.87463885	5.441773166	102.1000717	pigeonpeas
85	35	32	26.24928198	54.28617819	6.854011265	133.1120232	coffee
34	62	20	25.68012017	36.37658117	6.378339423	166.6013628	pigeonpeas
117	79	49	25.40909896	82.36208097	6.176644228	112.9794804	banana
8	50	21	28.62911222	89.1148059	6.218923893	50.49913241	mungbean
9	16	5	32.02116537	92.28374845	6.988492216	109.549962	orange
14	56	20	24.96606398	30.40046769	5.34342672	138.7014771	pigeonpeas
30	15	29	32.80410274	52.43488436	5.025143136	94.54914709	mango
95	88	52	28.00316034	78.90085998	6.235461772	94.68180316	banana
19	79	19	20.06003985	67.76252583	6.677262562	42.89509057	lentil
37	66	15	28.1006374	67.76269782	7.223281288	72.39867496	blackgram
37	18	39	24.1469628	94.5110662	6.424670614	110.2316633	pomegranate
91	55	15	18.09300227	72.61024172	6.376651091	78.96159541	maize
67	60	25	24.92162194	66.78627406	5.750254943	109.2162279	maize
15	5	38	24.96273236	88.42656278	6.192128792	106.0897149	pomegranate
29	41	18	26.20500286	46.97928842	5.07204221	69.38135351	mothbeans
103	42	17	24.29470232	84.61527627	6.527541661	81.05902285	cotton
41	56	55	35.56013382	90.85235531	6.858645421	248.8592986	papaya
23	46	18	26.8311501	45.82561879	4.720884	50.83566318	mothbeans
32	20	32	26.93503715	95.94269692	5.740522251	208.1597587	coconut
23	20	33	28.0115929	94.30409777	6.16872898	191.9005175	coconut
26	26	44	20.90775628	89.92235009	6.240458926	105.6052039	pomegranate
66	47	36	24.85441411	74.4407048	6.57256106	175.572958	jute
37	125	198	23.99686172	93.50570819	6.131263647	103.5168394	apple
15	28	34	27.34334124	95.58158186	5.802682136	211.5020623	coconut
24	50	16	28.07855318	86.58357947	7.074095004	58.84520988	mungbean
40	49	15	29.9145443	85.92571582	7.169529003	59.23449894	mungbean
107	13	50	29.55158248	92.77064316	6.205258838	26.213792	muskmelon
84	46	15	21.10953559	72.28948993	6.78362808	90.24617112	maize
14	72	23	32.2709419	57.08115071	6.129845074	192.0225536	pigeonpeas
96	51	43	24.40561396	80.77337298	5.490277378	247.8337696	rice
28	65	23	28.38686534	61.88871127	7.405176138	74.24459122	blackgram
13	9	35	20.93871072	89.36292673	7.040008974	108.5528745	pomegranate
71	57	19	25.8093285	64.22256813	6.378448319	98.64101878	maize
64	48	40	24.42179197	82.6008676	5.822217392	285.4234236	rice
85	89	51	29.21144871	84.70189923	6.158164422	108.5501443	banana
40	19	35	24.31180066	92.05661429	7.167633815	106.3987797	pomegranate
94	19	55	24.55598454	87.50884427	6.410996145	45.99205187	watermelon
10	41	19	28.2090196	62.12226963	7.741786538	74.44330654	mothbeans
35	27	40	24.96273236	91.84358073	7.023325402	112.0160791	pomegranate
58	61	48	37.52555547	93.63616756	6.807756399	152.7646217	papaya
37	68	75	18.71478642	16.51030294	6.915399185	80.12544965	chickpea
24	126	197	26.92246036	82.50083331	5.913126997	69.37476622	grapes
6	41	25	28.18290075	83.76868543	6.984942545	58.8789642	mungbean
140	48	15	24.06693817	75.24567473	7.411723843	68.16684601	cotton
36	62	21	31.32463309	64.25715162	6.500144962	62.76851856	blackgram
88	85	50	27.92142547	80.73082713	5.901123344	90.10978128	banana
14	70	20	19.47462009	23.07696176	5.873763489	135.9401349	kidneybeans
36	65	16	25.71269843	64.1123333	7.692013657	50.17067771	lentil
82	56	20	26.19396943	74.7965912	5.977109634	85.94534456	maize
120	18	54	25.06273494	84.54447167	6.346547148	50.18337387	watermelon
106	14	54	25.16541702	84.57159766	6.891904571	44.72838133	watermelon
138	55	23	23.3406419	79.92199896	5.801047545	79.76859094	cotton
36	80	21	33.64769646	48.41490082	7.066087261	100.4673278	pigeonpeas
19	120	195	18.73932187	81.12109244	5.931538447	73.55807954	grapes
7	5	7	15.27444461	91.81506594	6.933703086	108.0761884	orange
14	14	6	13.0256672	92.4287361	7.608615528	115.1838701	orange
26	42	23	26.6353705	47.4187673	4.032937413	48.63906546	mothbeans
36	58	19	27.65858069	67.42410447	7.251904522	72.8392932	blackgram
21	24	31	29.33105477	93.22979131	6.121260587	177.3513319	coconut
114	21	26	23.77443214	50.04557009	7.480509547	139.881651	coffee
8	16	42	23.06059867	87.12691171	6.452548337	108.4120883	pomegranate
42	65	15	34.44218107	66.94426319	6.56904619	69.91389677	blackgram
89	42	36	21.28404554	80.12267476	7.316346196	230.8792286	rice
80	16	51	25.33884699	80.48941281	6.717772068	41.76173297	watermelon
120	18	52	29.20904055	92.7322111	6.572896196	25.27301148	muskmelon
32	130	196	40.66012294	81.24995984	6.372959542	74.03030056	grapes
122	55	23	24.31367916	82.72421536	6.718799614	78.84948222	cotton
0	5	36	24.35193812	90.88612388	6.152906502	105.529185	pomegranate
0	24	9	22.9100173	90.00621688	6.831856854	103.1663797	orange
16	70	20	26.74233218	68.99726732	7.536873839	43.19977967	lentil
24	48	24	29.5335844	80.03499648	6.500770706	36.12042927	mungbean
5	29	44	21.02432943	93.0569505	5.578095745	104.7847006	pomegranate
39	60	21	29.63453163	64.32542069	7.282569649	73.57792035	blackgram
33	41	24	29.07405007	88.29723513	6.517368776	46.32774539	mungbean
65	54	39	25.7114437	84.48381714	6.356140735	218.567589	rice
111	26	26	24.76656445	56.93170625	6.906052385	124.1548205	coffee
40	42	17	27.40048687	87.59962639	6.617164164	39.30963441	mungbean
25	54	19	28.19181677	61.26866866	4.995123841	51.49769993	mothbeans
52	77	15	32.4775522	65.13257094	6.735668712	70.27980094	blackgram
22	71	85	17.27342944	16.82204949	7.278805275	76.99342648	chickpea
24	68	21	23.56715449	35.98220523	5.434785295	163.4534924	pigeonpeas
18	38	30	28.20563416	46.42073015	5.495246957	95.24207773	mango
94	42	44	24.80169644	83.48900994	6.690041028	184.1159659	jute
21	17	15	23.98289638	91.5473145	7.455991072	118.4901697	orange
32	142	198	19.96557878	83.24505227	5.510924849	67.80805322	grapes
31	29	35	18.46807378	91.98060982	6.070693972	109.7726353	pomegranate
95	55	21	19.82114725	61.86157509	5.823393442	91.38571666	maize
37	11	36	24.24779615	85.56033312	6.710143266	106.9216033	pomegranate
100	39	22	25.61074694	84.87668973	7.41117151	99.87677673	cotton
0	29	32	28.05912437	98.3670985	5.868255858	171.6516396	coconut
20	15	34	29.83782289	97.41220582	6.322712503	154.2857236	coconut
30	75	23	18.93173807	58.06077853	5.135107153	138.5109077	pigeonpeas
51	66	20	25.83382605	67.17959839	7.775306272	64.18625453	blackgram
44	52	53	38.20822279	93.67516134	6.698630905	149.8402275	papaya
40	72	78	19.50166946	16.16690806	8.537822991	89.60594122	chickpea
64	48	18	25.61651286	69.71555796	6.138737721	96.85063641	maize
15	131	201	19.39474267	80.74094427	5.836538418	72.62944593	grapes
18	51	21	31.07226782	42.88813071	8.827458628	30.92014047	mothbeans
19	127	195	22.3177832	93.26482818	5.730675773	118.8378504	apple
103	17	51	25.11189154	80.02621335	6.209888345	44.20656987	watermelon
19	136	204	22.63195187	91.73756803	5.966669147	115.4474338	apple
95	26	26	26.79608473	57.99625889	6.0716662	160.4287752	coffee
20	71	19	28.89015968	62.26326712	6.552471789	68.72213646	blackgram
22	135	202	28.82008799	82.44793726	6.349370435	71.75013599	grapes
16	129	197	22.1097872	91.45042592	6.420874793	117.6906476	apple
40	49	48	34.85800063	91.46467239	6.682176841	140.6576889	papaya
112	50	16	24.145697	81.24673561	6.264771877	85.08800223	cotton
18	67	16	17.40513687	21.95193609	5.745405818	106.3866082	kidneybeans
23	55	25	19.9633496	19.78120815	5.631591355	71.49405116	kidneybeans
19	37	17	28.20876581	84.87790711	7.199495368	47.28003754	mungbean
67	59	41	23.60171616	83.72715587	7.555399914	228.1173689	rice
78	39	37	23.92440522	89.89106506	6.336729789	170.913742	jute
109	9	46	28.9578878	92.52437862	6.604142974	25.11903499	muskmelon
89	43	45	24.63119969	89.89106506	6.819241668	174.547299	jute
33	52	17	27.49549999	52.71575724	4.875825902	33.28997608	mothbeans
12	24	27	32.68303027	54.1873968	6.025437996	92.32912731	mango
106	20	27	26.41506176	64.87842027	6.020947179	139.7684302	coffee
114	77	50	26.49331233	81.48426051	6.309598069	96.48827687	banana
13	138	205	21.60329758	93.37863625	5.772686927	118.6622976	apple
0	26	31	25.0707247	95.02156793	5.547933273	192.9036306	coconut
55	64	51	30.61942099	91.76342382	6.873292858	162.2380078	papaya
101	79	51	26.76083932	80.81192813	5.861505342	104.6473693	banana
85	54	36	26.20004607	81.77429248	6.916291936	179.2362343	jute
49	73	23	28.85618881	69.96100028	7.073987968	70.86480487	blackgram
70	44	17	19.27605533	62.57530383	6.466976932	77.22808323	maize
23	58	19	24.17093241	58.25204566	5.243634849	59.18953429	mothbeans
117	19	55	28.80311922	91.78336933	6.121745389	25.16359891	muskmelon
78	53	42	24.90810019	78.59289831	6.646843036	196.1080963	jute
73	57	40	25.44061493	89.11476428	7.488014404	186.4159087	jute
103	17	51	29.14906963	91.58542293	6.578905714	21.88229003	muskmelon
114	41	15	23.74468624	77.84066417	7.350856286	80.8965156	cotton
88	28	55	29.14896302	94.96218673	6.09002188	22.8920827	muskmelon
21	63	23	27.90702971	66.05630902	7.054283373	43.63410633	lentil
92	25	45	29.21811249	92.22430134	6.495025926	23.16277432	muskmelon
50	66	79	18.30148434	18.00240709	6.821099693	76.25889763	chickpea
108	25	35	25.0807923	61.73174908	6.974154813	115.1564012	coffee
85	10	55	25.35371781	86.35595559	6.942954939	56.38959448	watermelon
15	67	21	31.69305277	40.05633913	5.642079397	151.0627533	pigeonpeas
22	51	19	26.70117129	60.59336403	6.728161903	61.94815426	mothbeans
0	79	18	18.06486101	62.61727004	7.084500179	35.27608344	lentil
16	15	12	27.09298151	94.11654852	7.37242782	104.3587871	orange
22	14	27	27.79482972	94.50599324	6.470465614	190.4302644	coconut
22	63	15	21.59412606	21.91608625	5.610736196	112.6376079	kidneybeans
10	120	195	20.57869948	82.36919489	6.195451512	65.86271199	grapes
119	35	21	24.7402745	77.97409331	7.185411603	81.35187083	cotton
27	5	28	25.49948336	92.14590979	5.871769786	151.6670383	coconut
2	9	13	14.13230443	92.16519988	6.706442121	109.4751209	orange
19	64	17	24.32723814	64.15169757	6.90157366	41.6590214	lentil
67	57	17	20.93677449	59.32940724	6.435580281	100.1172342	maize
23	70	18	26.96268915	69.8637712	6.599068686	49.63329278	lentil
25	77	15	15.90527519	19.89003676	5.71157657	111.8146143	kidneybeans
31	55	20	29.36366814	88.96166455	7.115414114	53.83709292	mungbean
109	10	53	26.81938687	87.8274604	6.551750306	46.06193778	watermelon
38	57	78	18.91944346	16.4238581	8.070202655	86.01105028	chickpea
103	7	48	27.49707947	92.61919278	6.454756112	26.23562406	muskmelon
19	15	29	25.29776395	98.47805611	5.987297049	178.7592898	coconut
0	69	20	21.17685354	66.53905456	7.841496029	50.6602298	lentil
36	43	21	28.36319404	84.8593608	7.140437859	52.93031105	mungbean
3	6	45	23.52123758	91.02795541	6.232025265	112.3743565	pomegranate
84	51	19	19.5077676	65.01414778	6.018451473	95.06862554	maize
70	56	40	26.92995077	80.12267476	5.81193682	255.2213088	rice
60	60	18	28.6541496	65.75917559	6.844012839	61.93033003	blackgram
40	137	198	23.81792243	91.81825682	5.719669862	117.6258154	apple
94	30	46	24.41985965	83.26038881	6.719813247	46.16990527	watermelon
28	61	19	17.6711982	22.77671738	5.716663742	93.80977116	kidneybeans
85	52	21	26.54986394	55.50303644	6.24747232	81.66265366	maize
15	34	30	27.10286353	50.11881133	5.94644437	92.20508465	mango
13	45	23	27.2315937	53.76001109	6.365470249	61.08258905	mothbeans
30	62	17	19.3420051	65.10266745	6.890507289	45.63886039	lentil
25	132	198	22.31944084	90.85174383	5.732757516	100.1173443	apple
86	59	35	25.78720567	82.11124033	6.946636369	243.5120414	rice
61	35	38	22.31198453	80.38144669	6.238971601	213.391224	rice
22	27	26	30.22010052	46.16986572	6.127784685	95.751297	mango
26	26	40	24.62370308	85.71841694	6.714323365	110.679724	pomegranate
41	80	82	19.93630126	17.08973283	6.101890408	83.64767328	chickpea
87	12	47	24.09506563	89.98405233	6.395926509	48.30597072	watermelon
36	55	18	30.40771666	60.06534859	7.739481049	65.64562033	blackgram
0	9	10	27.45271697	90.00621688	7.393295781	105.2886957	orange
28	27	30	30.16886433	48.31682232	6.598667774	89.29147581	mango
21	139	201	19.3642553	83.36094029	5.980598579	67.15094741	grapes
33	12	29	27.22834273	97.30412332	5.89408356	158.3755041	coconut
120	94	52	25.01018457	79.88535206	6.320579813	97.07428664	banana
56	52	49	31.3831339	90.35824321	6.70926867	163.7832229	papaya
30	20	38	22.59890174	93.16343942	7.058222596	110.0932899	pomegranate
6	63	19	16.34988104	19.42744186	5.609237229	95.00389074	kidneybeans
92	44	16	18.87751445	65.76816093	6.082973754	94.76189431	maize
18	23	44	23.71028128	89.61794165	6.184400085	105.6499907	pomegranate
99	39	35	26.76948932	84.96907151	7.633344195	262.5822515	rice
77	41	39	24.09505761	81.43730423	6.663342781	183.0296019	jute
75	53	18	20.68899915	59.4375337	6.864793607	103.651438	maize
82	87	54	26.3039406	83.03408816	5.980853244	99.63598607	banana
75	44	39	25.2108553	70.88259632	6.819408841	166.287274	jute
25	50	23	28.19352067	54.97872739	8.679915086	53.54092112	mothbeans
106	9	48	29.12695334	93.56557674	6.002927293	24.87754462	muskmelon
41	60	51	27.25437302	93.75252975	6.945795901	214.1527681	papaya
4	18	37	22.91843172	85.40695044	7.13147457	106.2817706	pomegranate
26	51	19	29.61662592	45.80515507	7.632040417	54.96341476	mothbeans
11	129	198	13.06069312	82.01029043	5.730393667	68.89632614	grapes
11	69	19	19.96007833	22.8643665	5.606970708	81.63018259	kidneybeans
76	35	45	25.21120773	81.20597073	6.540837087	182.5616319	rice
29	73	16	30.88847896	65.75169926	7.275597392	68.37650274	blackgram
81	43	17	18.04185513	69.81298775	6.223218241	98.20888169	maize
30	22	35	24.21391389	89.18961354	6.182458937	108.7027241	pomegranate
97	22	50	28.45788879	94.43273584	6.075786982	20.21126747	muskmelon
111	30	27	25.94561378	60.94334366	6.474417615	148.6899783	coffee
11	35	29	33.48570405	47.72469281	6.383600481	92.78447372	mango
54	58	47	30.34340029	91.72064233	6.671214534	140.0713515	papaya
31	55	18	29.1646361	56.74985664	5.585319901	48.39989615	mothbeans
15	64	15	21.69429814	64.55022504	6.468981726	45.74710645	lentil
27	41	23	29.04976168	48.85186458	5.799903452	57.00717536	mothbeans
16	26	34	26.19800042	90.99073613	6.138861301	174.969955	coconut
67	38	39	21.74047352	80.12267476	5.005306977	212.3811017	rice
89	70	51	28.4457097	83.72176492	6.264903577	115.4908704	banana
12	19	31	27.25373364	52.66319725	5.566704378	91.87312479	mango
51	58	47	25.12138956	92.56778634	6.956254218	206.9907427	papaya
40	58	75	18.59190771	14.77959596	7.168096055	89.60982451	chickpea
25	21	11	32.23797837	90.15406807	6.460044778	104.7052254	orange
49	67	80	17.86989129	16.34357048	6.923778214	72.76666929	chickpea
31	30	44	23.96489227	90.88523046	6.373040388	102.6328736	pomegranate
69	38	18	23.51131392	58.5570704	6.811548335	93.62950239	maize
15	63	15	23.84945102	68.56587439	6.652921565	43.23541354	lentil
24	19	9	28.631095	93.35943808	7.196632097	106.0564506	orange
25	39	15	28.75445902	84.60862481	6.276189258	53.05585112	mungbean
114	51	23	23.40103902	77.6321422	6.583171476	83.82313824	cotton
36	139	199	20.99659588	82.51324532	5.588001967	73.12400545	grapes
25	127	200	14.37715984	83.98351748	5.510924849	72.48741219	grapes
29	51	21	27.38567469	58.27009701	3.586731461	69.15625975	mothbeans
20	61	21	34.30096718	51.00899532	6.569692543	156.9801437	pigeonpeas
26	134	202	40.27806689	83.98351748	6.40240404	65.01095312	grapes
25	38	21	29.59083258	41.23973827	6.834382218	63.12584398	mothbeans
108	19	47	27.50932936	90.78939297	6.020656019	27.25680425	muskmelon
110	6	49	26.19177195	83.78833067	6.363796563	42.48416926	watermelon
17	30	12	17.47037887	93.13943931	6.497930767	100.1737964	orange
108	24	31	24.12832546	56.18107663	6.431899748	147.2757818	coffee
54	68	23	34.9466155	60.73843913	7.028997283	66.35814344	blackgram
32	129	195	35.4505629	83.73337297	5.878382536	69.51374098	grapes
17	66	25	17.76474537	23.05961617	5.502999119	84.91025853	kidneybeans
22	24	7	25.67128823	91.91615748	6.980266396	107.207219	orange
32	12	30	25.39241091	98.08951196	5.579845008	218.080385	coconut
22	13	10	18.23900949	91.30671301	6.532123663	118.172196	orange
63	60	48	43.67549305	94.22167478	6.993473247	156.5712949	papaya
93	42	38	24.29326234	89.89106506	7.488014404	158.4703009	jute
26	80	22	21.58565277	67.05457164	7.713133998	49.07944671	lentil
31	51	25	27.53592929	85.5701901	7.196774236	53.01899249	mungbean
108	8	50	24.15394457	81.01917723	6.290992806	40.12650421	watermelon
105	93	46	25.01018457	78.76260938	5.760457558	108.3690513	banana
36	120	198	23.18088978	94.92048112	6.304051691	100.1173443	apple
96	25	45	29.25011501	91.00184027	6.510517324	27.35391153	muskmelon
125	54	17	24.708685	82.62554586	5.801047545	96.36814525	cotton
31	51	24	26.15789612	64.29737819	3.504752314	64.42968642	mothbeans
79	45	20	23.80546189	59.24537979	5.715208817	89.9622014	maize
22	72	85	18.86805647	15.65809214	6.391173589	88.51048983	chickpea
93	85	51	28.60164906	82.93283862	6.134937736	101.5492737	banana
23	73	24	29.68188408	46.64849523	5.466838027	159.4000436	pigeonpeas
26	134	204	37.42876475	81.55980802	6.244344765	70.84761845	grapes
16	17	35	23.25750452	94.26713347	6.608801691	109.3408786	pomegranate
22	50	18	27.01470397	83.65995501	6.881878175	59.74983784	mungbean
76	49	20	19.69942653	56.2954277	6.680550362	76.24457208	maize
19	15	34	26.29644905	99.65809151	5.685889066	215.9195049	coconut
72	46	44	23.77110411	80.12267476	6.704513227	268.9074591	rice
26	135	203	33.78372897	81.16314317	5.685102769	74.53557341	grapes
88	40	34	23.05951896	61.47593284	7.328295689	171.2648598	coffee
34	70	79	18.91286704	14.32443414	6.588967938	70.09811655	chickpea
2	61	15	20.83590822	68.42711146	6.120140864	43.69107818	lentil
110	26	28	26.38870105	63.27854307	6.404918097	148.9685281	coffee
104	14	48	24.25078076	88.58082834	6.402996422	40.12650421	watermelon
121	54	19	23.26790399	81.1295964	6.80443018	85.99477554	cotton
114	23	47	29.94349168	91.13670134	6.610209969	26.22328575	muskmelon
28	51	21	25.92340278	55.47861172	5.303652493	54.05118843	mothbeans
24	27	41	22.82922753	91.28505944	5.888876709	107.161914	pomegranate
7	15	33	29.64055234	50.44932038	6.068569328	96.96178867	mango
17	13	39	18.10133024	91.48455492	6.510453777	110.7319396	pomegranate
41	55	81	20.15822664	14.25803981	8.555918641	70.77787623	chickpea
16	55	22	36.97794384	57.52945146	6.07846036	131.3128076	pigeonpeas
72	53	15	26.08627099	67.20935045	5.63803484	73.76353313	maize
25	41	16	27.4532678	55.21475165	6.288711354	50.00018484	mothbeans
23	44	21	30.12744087	64.44616751	3.846673876	36.26957413	mothbeans
33	131	200	26.01604214	82.03688925	5.510924849	73.99147791	grapes
20	70	22	19.22318771	67.6953102	5.408759056	143.5928925	pigeonpeas
40	23	45	19.68143183	92.1998237	6.183001957	105.8950518	pomegranate
5	28	31	30.74038908	48.56950056	6.318409048	97.18081532	mango
28	30	31	35.76386991	48.02905977	6.152411189	96.16661238	mango
6	51	25	27.62406356	86.46634296	7.199495368	46.48397696	mungbean
23	35	21	29.9145443	84.20165982	6.57913491	57.90766237	mungbean
17	74	17	26.03026959	69.55863145	7.393210848	37.11395801	lentil
37	56	25	22.05592283	19.60379304	5.774755144	126.7265372	kidneybeans
104	80	54	26.34848491	76.94382658	6.407955168	95.70956658	banana
40	62	51	41.8367612	94.94482086	6.683257461	108.8222702	papaya
84	58	42	20.8253003	81.32835314	7.636681684	246.4315624	rice
39	74	15	18.67491904	18.09224048	5.911070293	124.0709087	kidneybeans
71	44	20	25.11458786	70.85607226	6.711507359	76.96799859	maize
37	67	20	27.14527044	69.96100028	6.510303069	74.91559514	blackgram
17	27	32	32.69284411	54.9640534	6.343547745	94.53162544	mango
26	51	23	26.43013386	59.10061441	5.991180525	30.92014047	mothbeans
78	39	38	24.04939825	80.12267476	6.43628802	229.4428242	rice
1	48	24	29.34594634	85.60472562	6.232836962	59.03629954	mungbean
76	54	22	19.48824293	65.6420315	6.443195161	60.65171481	maize
17	126	205	20.29219948	82.48629246	6.057634113	74.22369297	grapes
40	14	33	27.61341729	95.63815356	6.283806395	158.3931934	coconut
23	12	26	26.79310791	96.44882239	5.761811883	183.5270331	coconut
17	25	41	22.79315731	93.53321988	6.48851502	108.2974035	pomegranate
40	120	199	30.34498895	81.70240981	6.055650355	69.07049848	grapes
34	60	25	29.78416743	85.16906976	6.79385576	40.77872823	mungbean
70	54	50	27.73023643	90.44401687	6.501521192	121.476358	papaya
99	50	45	26.4480455	82.49876651	7.297005667	232.4935853	rice
65	60	43	21.97199397	81.89918197	5.658169482	227.3637009	rice
89	24	54	27.62978512	91.32891328	6.08640996	20.21126747	muskmelon
34	79	80	20.67422321	15.81895967	5.988992796	87.42076937	chickpea
29	130	205	23.71072147	94.28521105	6.499226821	108.9244822	apple
70	68	45	33.83508569	92.85470152	6.991626158	203.4044028	papaya
95	35	28	25.80631855	50.04557009	6.331608133	175.4409039	coffee
113	16	55	24.61409571	83.99367127	6.956508826	48.48166219	watermelon
99	6	46	28.61475136	94.22253035	6.39637861	28.98574189	muskmelon
40	63	20	18.06486101	61.02763031	7.151547145	52.51252143	lentil
117	23	26	25.80341939	62.55230099	6.316650608	199.4735636	coffee
28	28	31	30.22209041	48.25158814	5.487573959	94.76274028	mango
11	74	17	21.36383757	69.92375891	6.633864582	46.6352865	lentil
37	60	23	29.9145443	87.16979144	7.099420328	45.92254369	mungbean
27	8	32	27.00648436	96.46168931	5.627860549	144.3331315	coconut
25	13	12	11.63102537	90.77503741	6.878206507	106.7578123	orange
9	16	36	23.77989026	92.93386903	5.893332378	106.977723	pomegranate
91	57	20	20.5909549	66.59321668	6.538306873	96.95236624	maize
34	14	11	31.99657489	90.9959363	6.811803306	108.4600192	orange
109	19	50	29.22395527	93.12639898	6.056108281	25.35786302	muskmelon
15	66	23	21.24024962	24.12451593	5.730273274	101.8233548	kidneybeans
27	16	29	32.28540555	46.81708199	5.16139485	97.61664453	mango
70	62	52	43.67549305	92.18028442	6.880707063	105.0032977	papaya
31	70	77	20.88818675	14.32313811	6.492546046	90.46228334	chickpea
21	21	30	31.99095063	49.57612803	5.7299164	89.29147581	mango
37	144	197	11.18994268	80.8084305	6.415555956	66.34234944	grapes
39	69	85	17.72409844	14.28743652	5.988992796	79.2949175	chickpea
23	56	16	27.86089658	87.8886837	6.850933714	56.03911685	mungbean
68	45	17	26.32455024	63.51808838	6.862439897	89.66389076	maize
39	65	23	22.05230428	19.20039158	5.591340749	98.08312476	kidneybeans
82	40	40	23.83067496	84.81360127	6.271478838	298.5601175	rice
15	19	9	26.91238341	90.73926241	7.995848977	110.7288549	orange
8	21	9	26.21803832	94.62020207	7.617269344	108.4543274	orange
84	18	55	29.01391338	90.90221059	6.198925295	23.30057358	muskmelon
17	71	25	21.28428184	22.08567665	5.891655804	120.3817818	kidneybeans
0	71	20	19.67775934	20.39406761	5.86019376	108.4554648	kidneybeans
89	30	30	24.47727369	54.48148206	6.856128615	185.08224	coffee
8	120	201	21.18667419	91.13435689	6.321152192	122.233323	apple
113	56	23	25.99237426	81.65770274	7.303960851	99.93100821	cotton
101	33	29	25.25104611	55.79254802	7.377658398	199.4735636	coffee
17	80	17	19.50523404	23.06129351	5.822410933	80.83341872	kidneybeans
3	9	35	26.91641934	99.84671638	6.318552973	225.6323656	coconut
90	29	32	27.36911487	55.02124111	6.60086501	154.554275	coffee
83	39	45	26.5676171	73.09170729	6.47937708	184.9204832	jute
57	73	24	33.74873601	62.03257348	6.709904333	60.41790253	blackgram
103	51	20	22.80213132	84.14668447	7.046607434	91.6389565	cotton
51	67	22	30.00243846	63.83015617	7.178094882	71.40471258	blackgram
16	39	16	29.47302791	82.92405287	6.303315314	53.22426809	mungbean
108	5	47	26.96772017	84.18892479	6.124458587	57.59361769	watermelon
97	79	47	29.68984498	81.47077349	5.920240129	101.2656652	banana
32	137	204	22.86006627	93.12859895	5.824151693	117.7296726	apple
20	41	20	29.27308605	89.4875022	7.073048264	50.9246554	mungbean
117	87	50	29.74350618	76.32512221	5.956421175	113.9455316	banana
55	70	48	31.96778603	92.46431372	6.843221012	71.24442514	papaya
113	54	20	23.17691128	75.15722253	7.994679507	80.82734265	cotton
102	73	52	27.9122104	83.36307683	6.356090905	90.24211529	banana
4	59	19	26.25070298	67.62779652	7.621494566	40.8106299	lentil
100	23	53	25.74609979	84.00274933	6.711591217	44.95349242	watermelon
26	30	40	21.06437089	86.20627174	5.801247803	109.0514108	pomegranate
87	46	15	23.35698295	55.28220433	6.306340372	65.3040173	maize
38	69	80	17.25849322	17.66689649	7.87869895	75.87871792	chickpea
81	54	15	26.54986394	55.68978539	6.349328125	99.09122032	maize
27	16	45	24.91812859	92.02292773	6.410913436	108.767482	pomegranate
64	53	48	34.59259605	93.53145919	6.845025079	63.76333471	papaya
29	141	196	40.39597741	82.51542608	6.403339245	72.66137907	grapes
88	51	17	23.88566696	66.82689292	5.869108524	87.88372722	maize
19	11	40	21.2728361	90.10278933	6.835382028	110.7323361	pomegranate
104	14	52	25.90961162	85.67862762	6.209297796	45.27794353	watermelon
29	29	30	27.52435591	92.32241703	6.020745412	162.3827781	coconut
40	133	199	19.03016859	82.28917751	5.708324874	67.88313924	grapes
17	59	19	24.77622218	67.09503675	7.344889553	50.73274145	lentil
60	55	44	23.00445915	82.3207629	7.840207144	263.9642476	rice
30	25	42	24.81034232	90.84576246	5.834529216	102.5184759	pomegranate
72	35	42	26.09137374	80.12267476	6.496712871	239.2727557	rice
0	62	22	18.02997971	22.70179925	5.99812453	95.15910181	kidneybeans
54	67	52	35.67667332	93.30641944	6.586107335	141.3381168	papaya
131	49	23	23.85634644	84.87668973	6.207894116	77.84296382	cotton
80	5	48	26.5124611	85.82682281	6.058282328	50.94015517	watermelon
6	16	38	21.74995689	89.71466533	6.14218869	109.7666098	pomegranate
17	43	22	30.06142622	45.90067655	5.498340808	41.0550915	mothbeans
88	49	38	23.54373664	88.61325705	6.156523836	151.7911356	jute
12	30	35	28.93435357	90.01734526	6.128397273	206.5992161	coconut
115	83	47	26.69373699	81.32797482	6.25816616	107.1303212	banana
128	35	18	22.79892772	81.62563308	6.519995652	80.74249453	cotton
88	35	40	25.16068514	76.42094885	6.27019692	154.1617992	jute
33	70	83	17.02498456	15.109145	6.154351853	84.87796561	chickpea
129	54	19	24.95043883	77.86183535	6.937898181	84.07588873	cotton
20	28	40	22.21900099	86.77327912	6.480615305	109.0155728	pomegranate
25	65	21	33.86351172	68.59232289	6.880245789	69.24464096	blackgram
50	78	80	18.93967679	15.87032926	6.760508313	65.71221548	chickpea
99	53	41	25.63852153	84.34699869	6.847469666	271.7859697	rice
20	22	38	23.43248749	89.36425201	5.935274939	105.0258471	pomegranate
97	92	50	25.01018457	76.29689527	5.80393979	107.6757725	banana
12	124	199	27.64082704	82.47047819	5.930449049	65.01095312	grapes
16	131	195	36.05115315	82.92433486	6.171347835	65.01095312	grapes
98	49	36	24.60856081	83.86520722	7.468403909	232.1941182	rice
95	38	38	23.17669173	81.15231978	7.215364272	273.767156	rice
49	56	52	36.84109586	92.37822034	6.670187964	218.8037953	papaya
93	16	54	28.9087809	92.26445655	6.355064544	23.43110776	muskmelon
18	132	198	21.56617303	92.12433443	5.924062932	104.3429066	apple
86	18	26	24.89411451	55.49398598	7.022012796	145.2900754	coffee
3	131	197	19.41198101	83.98351748	6.004036708	73.7177783	grapes
118	44	25	23.47686962	80.59664338	6.688555958	75.41469738	cotton
98	43	38	26.34029951	74.63015434	6.780962377	192.3637078	jute
40	140	195	14.97846952	80.49979873	6.294395676	71.63437433	grapes
116	28	34	23.44372334	60.39523266	6.42321105	122.2103248	coffee
91	40	39	24.39866065	85.10766979	6.932650369	199.8362913	jute
40	67	55	38.68370397	92.71794287	6.799853444	106.4174921	papaya
48	66	54	24.1514441	92.96259027	6.945271869	181.0265528	papaya
100	40	17	23.78697987	75.77818001	7.363737504	81.34296041	cotton
15	60	21	29.52164305	86.87085012	6.540631011	54.76323759	mungbean
67	56	36	25.5411613	80.56850106	6.501305572	199.8362913	jute
15	132	202	21.9290273	93.34916952	5.514253142	100.1173443	apple
0	42	23	29.9145443	81.16990144	6.851465977	53.22884444	mungbean
90	27	31	26.3880506	58.61919032	6.436116227	144.2094585	coffee
30	60	25	29.09450193	59.40195554	3.504752314	68.98268175	mothbeans
28	79	16	16.05200258	21.98508448	5.893821082	84.14683382	kidneybeans
75	50	44	23.94416653	82.61983143	6.432863961	177.1765838	jute
60	64	20	25.09737391	62.29466999	7.145609053	70.72579411	blackgram
29	67	21	15.33912403	23.69931193	5.95744404	73.12529256	kidneybeans
27	34	31	31.81123055	53.78274828	4.896635055	98.82418338	mango
87	12	52	29.89689483	90.01506395	6.261056893	27.18758754	muskmelon
108	35	19	25.78591101	78.22019551	6.04619537	61.56429109	cotton
73	40	45	23.74909949	82.55420164	6.085778227	295.3733422	rice
7	23	29	27.70133309	51.90865236	5.147647802	95.61086256	mango
105	86	51	28.42101292	81.09303733	5.812504707	119.84797	banana
0	25	14	19.33516809	91.97978938	6.361671475	116.450422	orange
72	50	38	26.11679669	80.44967804	6.739481268	166.8341679	jute
111	21	50	24.57072989	85.10149041	6.915385214	54.50874958	watermelon
84	5	52	24.66131787	85.53468002	6.329237529	59.74289268	watermelon
120	36	21	24.39503717	76.77747553	7.994679507	85.33918829	cotton
92	81	52	28.0106804	76.52808057	5.891413895	103.7040783	banana
8	34	29	31.54855472	49.22965302	5.912543703	89.29147581	mango
140	58	20	22.88810364	78.41230195	6.757507254	76.12349578	cotton
120	35	18	23.36045488	82.60970711	7.19740337	72.2137565	cotton
74	59	40	24.30375418	77.23197493	6.584724717	160.271517	jute
5	76	18	24.27333975	60.09116626	7.206946939	47.98924372	lentil
73	37	40	21.51241536	82.08839502	6.468471053	242.3415261	rice
39	20	30	27.01156603	95.13342547	5.757435462	131.0900076	coconut
19	55	22	17.44714196	20.42158107	5.889579893	108.0657247	kidneybeans
94	93	45	26.55852944	78.67653938	6.094153637	105.4204343	banana
38	61	52	31.22790131	94.94021378	6.620729882	46.44279118	papaya
43	79	79	19.40751744	18.98030507	7.806747656	80.25064637	chickpea
93	84	49	28.78509341	80.55999827	5.984457342	97.26460841	banana
20	135	205	23.20684914	92.62165939	5.808277047	118.5685851	apple
98	23	53	26.41211398	85.61756055	6.67115921	50.31496467	watermelon
103	12	49	24.04355803	87.65804781	6.615474255	40.3867312	watermelon
76	51	18	26.16985907	71.96246617	6.247040422	79.84925393	maize
4	80	16	29.19585548	68.01965728	7.441976825	44.93261911	lentil
100	41	35	26.01173172	79.12268218	7.04762936	160.9305859	jute
35	139	203	14.72249843	81.24500651	6.218469272	70.03310429	grapes
10	125	195	22.03541394	91.96842429	5.550405604	109.3247449	apple
40	132	201	30.59575117	83.12494399	6.293405929	68.57705057	grapes
13	49	20	24.35423158	51.79341235	9.287013205	52.50349304	mothbeans
33	140	195	22.34369464	91.98744821	6.163508319	111.8880544	apple
45	65	15	31.8129774	68.68697593	7.323699941	66.44580882	blackgram
5	55	18	30.98812359	30.40046769	5.349056704	157.8961307	pigeonpeas
24	134	196	22.82318933	81.7896716	5.965884339	72.12600417	grapes
13	49	17	28.57396767	84.62582222	7.004271101	52.10353574	mungbean
83	44	21	23.29113989	73.27402546	6.5673622	85.24510795	maize
19	45	20	29.16443876	64.95585424	5.845137556	54.942073	mothbeans
91	19	49	29.81515285	93.15535206	6.483628375	28.01420329	muskmelon
0	133	199	33.63012805	82.29062055	6.499604931	73.9904741	grapes
22	43	17	28.45428256	83.38904969	6.765177058	54.44023513	mungbean
99	21	50	29.13004279	92.26713086	6.480817322	25.03482807	muskmelon
2	59	21	27.06484322	65.0498291	7.512748856	45.9807912	lentil
90	50	38	25.66742358	82.97906605	5.960720802	288.6240632	rice
7	22	7	10.20667966	91.87919048	6.234631849	111.1641565	orange
46	76	77	18.2356751	19.68538502	6.967843048	83.74879344	chickpea
0	80	18	27.76844815	56.68570571	6.606010943	192.5637499	pigeonpeas
127	56	25	23.6204947	75.00539324	7.34672318	71.5484477	cotton
87	45	22	21.54537538	68.2437669	5.929245917	78.59421534	maize
23	133	204	14.16690743	82.03882655	6.276539596	68.87826148	grapes
119	26	50	29.25028398	91.97424289	6.002927293	29.69585281	muskmelon
89	24	45	25.24575838	84.85084808	6.637094125	59.75980023	watermelon
60	68	20	30.93188093	68.67135741	6.727432025	73.50039838	blackgram
9	25	41	24.81530144	91.90842992	5.972714857	109.2853418	pomegranate
103	28	45	27.23196103	93.13569042	6.725289472	28.48153061	muskmelon
23	14	10	34.90665289	90.40604643	6.803293111	119.0956673	orange
40	69	18	28.97602074	64.12970725	7.300372187	66.74891507	blackgram
80	16	51	27.09149702	92.94818007	6.582663297	20.87922247	muskmelon
19	6	45	18.07132963	91.65798163	6.045927	111.8217498	pomegranate
110	91	51	29.38011117	76.89625423	5.90717503	114.8022986	banana
18	142	199	21.69564584	91.58333668	5.987859944	108.5003228	apple
39	120	198	20.7960465	80.01639435	6.08716977	65.03647788	grapes
35	66	18	22.77120076	19.75395573	5.849381408	97.6562805	kidneybeans
107	29	30	26.81264365	58.33045343	7.194846794	188.7833333	coffee
30	62	77	17.02498456	19.09677198	6.116873546	80.85606797	chickpea
14	33	28	28.36403475	49.85660037	5.735038564	95.36069991	mango
15	67	18	23.61034593	67.94868856	7.011275711	45.89121848	lentil
91	44	43	22.33929606	81.36286943	5.005306977	259.8789099	rice
27	55	21	26.89391061	66.02883363	6.947040438	54.9393771	lentil
40	41	21	25.39311014	50.2195632	6.733359567	38.37207103	mothbeans
69	46	45	41.68134879	90.03863107	6.55253975	231.7194149	papaya
5	60	24	27.75981076	50.54929838	5.775334693	150.2264633	pigeonpeas
32	142	200	41.94865736	80.93968806	6.499604931	65.01095312	grapes
61	60	15	24.87502824	68.74248334	6.265564338	91.26056654	maize
14	40	35	34.92101803	48.27698562	5.853646626	98.38804288	mango
95	15	55	29.03929376	92.56707487	6.532246766	27.15802137	muskmelon
60	35	43	24.15402635	81.54021243	5.872411213	249.5219224	rice
76	35	40	25.30589695	81.51841652	7.018804517	263.7819368	rice
25	55	20	21.15593897	20.22766077	5.680000274	109.6993233	kidneybeans
36	68	15	28.00860802	66.59154928	7.411850947	66.86941599	blackgram
31	62	52	33.7960155	93.00754254	6.99104104	182.026807	papaya
24	131	195	9.907261562	82.41536406	5.979946653	73.9658712	grapes
12	22	9	22.85318939	91.10097565	6.897050077	107.6309071	orange
66	54	21	25.19008683	60.2001687	5.919045532	72.12375573	maize
34	19	30	27.08021525	94.8651409	6.396101008	188.5153202	coconut
10	30	42	21.45479548	91.63228391	6.294272547	108.4775828	pomegranate
23	30	30	27.35136939	48.47585612	5.192299065	92.85853153	mango
72	35	45	25.71511687	89.89106506	6.857238919	199.8362913	jute
10	71	18	19.54284889	66.34777265	6.151029296	173.1106982	pigeonpeas
98	70	48	25.01018457	84.72905554	5.626758985	107.363473	banana
109	78	45	26.224413	81.05864868	5.812933968	92.02607615	banana
19	48	25	28.00323237	80.03499648	7.012606823	54.57028984	mungbean
58	71	15	27.82592799	67.5861883	6.919243702	74.01229707	blackgram
18	43	19	31.99928579	54.49989076	5.329095577	50.91206835	mothbeans
18	24	31	26.00043816	95.66003841	6.064549915	212.1268023	coconut
39	124	204	21.36935045	83.32200113	5.93999599	66.1725508	grapes
89	26	46	26.98603693	83.8584733	6.207314933	54.80058045	watermelon
28	75	79	19.52393065	18.72501892	7.025737428	81.09147497	chickpea
32	133	200	21.70856883	93.48251868	5.915283569	110.3105344	apple
16	144	205	22.26818673	93.53330922	5.593232475	116.600339	apple
22	62	16	34.6455408	54.32342534	4.828936119	180.9009998	pigeonpeas
80	13	51	29.35053507	91.37206353	6.158821509	24.34015714	muskmelon
22	51	16	27.96583691	61.34900107	8.639586199	70.10472076	mothbeans
109	54	16	23.98288462	76.40115671	6.018420902	78.42221433	cotton
97	27	48	26.96290719	84.44549756	6.789832758	57.5840813	watermelon
91	21	32	26.1146301	66.40163352	6.95997015	122.6956821	coffee
42	66	19	27.72449432	67.71397024	7.182220034	69.97776794	blackgram
108	55	15	22.91714035	79.92529901	7.36083846	92.55888229	cotton
9	10	10	22.3551049	93.52211892	6.010391864	101.5164589	orange
0	5	30	27.46812283	99.98187601	5.990705868	154.7633302	coconut
12	138	199	22.41429453	90.02575116	5.519344351	111.6832124	apple
23	32	29	32.04276746	52.59132016	5.929838022	94.8625613	mango
63	46	21	25.07715325	69.13848005	6.567465571	99.4274402	maize
22	137	198	23.2355219	93.47187261	6.252117484	112.4620442	apple
61	68	50	35.21462816	91.49725058	6.793245417	243.0745066	papaya
103	33	31	23.56365617	53.91600325	6.153369337	174.9809206	coffee
59	63	18	31.15063577	62.5528106	6.792270109	65.81056293	blackgram
35	130	205	23.23197578	91.09246289	5.668755601	112.9562023	apple
15	136	199	20.9662271	82.71321484	6.089200293	66.95292376	grapes
74	44	16	23.80612296	56.72258548	6.950682668	80.65714666	maize
35	39	25	35.42606702	54.20199208	6.442507214	96.605825	mango
113	81	48	27.35055319	78.3142601	5.652522187	115.5939164	banana
106	8	50	26.00177698	87.94136484	6.275048956	59.28333481	watermelon
30	30	45	20.2336127	88.65955925	6.274069405	107.2066943	pomegranate
120	20	47	25.22335751	84.0315915	6.241504189	46.40359695	watermelon
82	43	38	23.28617173	81.43321641	5.105588355	242.3170629	rice
90	55	39	26.92995077	81.57533626	6.946248101	182.5616319	rice
95	50	16	19.64483673	55.28220433	6.358939865	103.0457669	maize
54	46	50	32.29175005	94.25849846	6.835119342	128.6204857	papaya
41	70	54	31.46912679	94.21459137	6.76808639	248.8592986	papaya
88	58	35	24.08019183	82.43415978	7.055293407	207.9969451	rice
22	135	200	27.04457905	81.69842463	6.394894624	69.54500893	grapes
89	83	47	28.09577643	77.79586769	5.63127166	109.5408614	banana
75	56	18	19.39851734	62.35750641	5.696205468	60.95197486	maize
0	19	32	28.97768956	45.36444149	5.587795498	92.56661666	mango
3	134	199	20.28370163	81.32235739	5.81717753	71.06611222	grapes
29	18	41	18.77736122	87.76156066	6.663102739	111.7913785	pomegranate
16	22	7	10.01081312	90.40958597	6.727588215	109.1119545	orange
81	41	21	20.88788573	74.81789378	5.871640915	102.2545715	maize
40	55	18	28.8867489	61.86873019	4.283596573	57.46712557	mothbeans
24	130	195	29.99677232	81.54156612	6.112305667	67.12534492	grapes
0	21	37	24.96273236	86.96285254	6.8294486	110.7535152	pomegranate
28	58	20	27.01470397	80.08229676	6.65023956	38.91244982	mungbean
83	50	42	26.98582182	70.88259632	6.532694206	179.7496872	jute
91	11	50	29.37823285	92.17868148	6.332441201	23.32816056	muskmelon
38	38	18	26.31051759	61.18749126	6.294130313	35.73403813	mothbeans
75	35	36	26.06643702	80.46805465	7.23548552	158.5545007	jute
14	16	36	24.96273236	94.74118427	7.064573833	103.2182283	pomegranate
39	71	17	29.82004194	66.11307911	6.938641429	69.89207724	blackgram
15	75	20	19.59266601	63.55901909	6.943984035	39.30778852	lentil
106	84	55	25.01018457	82.91315275	5.999023809	109.6926914	banana
5	62	19	36.97794384	60.90340634	5.161285517	135.5877986	pigeonpeas
33	5	35	18.07132963	91.60643721	6.320057977	104.1226064	pomegranate
85	30	51	24.80772642	81.08247711	6.304678743	49.86767515	watermelon
26	15	14	27.3795918	90.00621688	6.889554892	109.9859597	orange
64	70	51	26.03461909	92.2695991	6.727344048	56.59358561	papaya
94	15	54	28.41756479	91.30525685	6.265347176	24.22880953	muskmelon
23	24	11	23.90637819	93.26995656	7.159536019	105.6971775	orange
20	74	19	16.0183576	18.09224048	5.663989859	96.41094169	kidneybeans
80	21	31	27.06181007	50.43098853	6.724862077	160.4721729	coffee
48	54	51	40.12181443	92.22562961	6.639282894	216.9756964	papaya
75	35	35	22.9219044	81.63258634	7.868474653	207.607019	rice
27	64	19	15.83623067	19.03605636	5.99812453	149.7441028	kidneybeans
101	33	33	26.97251562	62.0183627	6.908671379	142.8610793	coffee
90	57	24	18.92851916	72.80086137	6.158860284	82.34162918	maize
19	137	200	22.33546475	92.10687397	6.499226821	117.9522646	apple
70	54	49	29.23433716	93.95283611	6.822291765	172.0943088	papaya
32	46	21	29.9145443	88.66266345	7.029352745	59.87232071	mungbean
38	60	20	29.84823072	60.63872613	7.491217102	46.80452595	lentil
12	74	23	25.44770461	68.96137558	7.276709602	51.78686107	lentil
22	30	32	26.5577489	99.98187601	5.765053675	141.3789047	coconut
82	5	45	29.06076453	93.08566194	6.330855231	26.8104419	muskmelon
96	91	55	29.69454224	77.77419484	6.349779944	104.7524742	banana
59	55	79	20.36720401	16.89574311	8.766128654	82.2545577	chickpea
62	59	41	24.2248758	74.89465426	7.175170657	192.4931257	jute
33	18	12	32.71768676	93.91206721	7.487643325	108.8186096	orange
5	5	7	27.37214589	90.89600449	7.337599632	114.0058676	orange
0	10	35	26.44011868	90.34081601	5.756668046	143.9525199	coconut
20	45	22	29.5888162	89.9939693	6.904587016	54.96121262	mungbean
72	51	44	24.39390791	86.8556004	6.82363145	163.4714539	jute
37	63	24	33.14697236	61.04195846	6.722458099	66.01643315	blackgram
35	71	15	33.89947867	64.56135812	6.848229903	70.29035471	blackgram
6	8	11	24.35590861	92.39651663	6.600948788	119.6946577	orange
77	57	21	24.9321581	73.80435276	6.550563823	79.74078719	maize
27	70	15	23.40031802	61.96452425	7.002962941	46.33842009	lentil
68	50	23	20.3790972	66.5743015	5.874840984	102.562368	maize
38	65	18	27.89433656	64.75783496	7.775306272	69.15032178	blackgram
28	66	80	20.29387384	15.62878118	7.155497201	90.45767981	chickpea
116	55	16	25.33891822	79.97262758	6.483408688	86.09397329	cotton
43	66	78	19.0063458	18.50406032	5.988992796	71.87927533	chickpea
88	35	35	27.55906475	58.45742907	6.784460602	117.9389993	coffee
8	143	200	23.08365651	92.01811048	5.968007167	121.654111	apple
15	60	17	29.78395129	84.18748277	6.50655007	50.35642315	mungbean
94	30	52	24.72048636	82.59732523	6.653171855	53.76482342	watermelon
60	46	22	24.89364635	65.61418761	6.625404348	87.9298085	maize
13	36	21	30.18844509	47.59229305	9.93509073	52.48349188	mothbeans
17	23	25	32.93039058	45.97696802	5.883936374	96.4143903	mango
33	76	23	30.98982344	64.96029723	7.568221192	64.75411398	blackgram
106	31	32	27.00556359	56.84080761	7.200540327	137.0717921	coffee
94	9	55	24.97079794	85.39797685	6.441360612	55.79424689	watermelon
78	60	41	22.76403127	84.96907151	6.013671185	265.0950991	rice
93	58	38	20.61521424	83.77345559	6.932400225	279.5451717	rice
103	34	30	25.6496558	58.81347717	7.10929928	183.674298	coffee
91	7	52	25.07803672	83.46230461	6.405054243	56.39962921	watermelon
101	8	51	28.91306223	93.71223749	6.218507888	21.73742153	muskmelon
98	15	48	29.024491	91.94320375	6.397022632	26.55301527	muskmelon
28	123	198	12.66244992	81.68236626	5.692826266	68.98743205	grapes
84	51	35	21.3531958	82.48178076	6.736777591	230.3669102	rice
31	40	22	29.40889385	86.16063492	6.365513634	53.35486977	mungbean
80	52	39	26.41915161	76.85691248	7.165696848	197.2101782	jute
49	76	18	27.05365239	67.7017527	7.393631868	60.4693835	blackgram
39	67	16	28.68835559	69.96100028	7.523046921	62.14621545	blackgram
34	17	45	24.96273236	90.88991452	6.441401041	107.3465403	pomegranate
101	19	54	29.14005247	92.26057624	6.473495283	21.0103615	muskmelon
16	66	20	21.42607122	19.83634573	5.779209606	126.4429333	kidneybeans
16	73	19	18.41645629	34.80541039	4.684079249	163.2747473	pigeonpeas
21	19	13	19.88426201	92.95183398	7.77728372	113.3273982	orange
100	46	37	23.49324436	71.25130784	7.308781896	164.6095895	jute
33	57	79	17.91946486	14.25803981	6.94173056	74.48307233	chickpea
10	52	23	27.8755332	81.75455224	7.199495368	36.12042927	mungbean
23	7	34	26.1055118	91.52421214	5.852038202	134.1279669	coconut
111	30	52	29.088266	94.59132141	6.092121451	20.61214735	muskmelon
89	47	35	20.0454142	81.61674123	6.136362639	234.0887173	rice
38	51	52	32.66160599	90.78931681	6.927803911	78.85085502	papaya
89	49	19	20.55221619	64.9972574	6.803892319	60.65171481	maize
90	57	22	25.12628734	64.66521844	6.804084182	64.18243411	maize
24	61	22	22.14854709	34.52868953	4.610942626	132.2597587	pigeonpeas
22	74	20	22.18617084	65.18880912	7.681708667	54.9393771	lentil
22	5	27	28.35037952	99.76362824	5.96301543	223.6260453	coconut
28	50	24	28.67864391	62.12000829	7.515818732	74.44330654	mothbeans
83	48	38	20.0454142	82.70377882	6.64895519	186.0307815	rice
32	15	33	30.38598459	47.26676704	5.55794052	89.29147581	mango
26	64	22	25.95058595	40.58227261	5.16516459	109.1821183	pigeonpeas
7	74	17	22.47253208	62.56532471	5.667419697	96.74706956	pigeonpeas
26	54	17	28.5474135	88.9570454	6.27258822	49.4897245	mungbean
112	6	53	29.27306149	91.60836531	6.469313274	20.21126747	muskmelon
30	57	20	17.66454732	18.44583625	5.595638907	91.06468202	kidneybeans
36	55	20	27.01470397	84.34262707	6.635968698	55.296354	mungbean
122	59	18	23.5000992	83.63488952	6.219469084	79.81328183	cotton
86	95	49	28.05484146	78.04602887	6.458714879	108.3957179	banana
119	20	50	29.13761959	93.02522238	6.002927293	24.99911901	muskmelon
83	21	49	26.34668224	83.89533229	6.956508826	59.75980023	watermelon
101	37	18	22.92360984	82.68738535	7.63737841	92.91915074	cotton
27	127	201	22.20736998	94.44277463	6.146547975	118.4181063	apple
5	59	21	19.81714154	24.96969858	5.923894871	81.31061827	kidneybeans
85	70	46	26.77690957	75.75398064	5.767246286	100.7324422	banana
52	46	52	32.04874537	93.06665094	6.501521192	143.7043465	papaya
91	58	36	24.91348322	82.94943918	6.434139997	282.5804754	rice
48	63	17	30.87091134	66.90598942	7.463886586	63.62887355	blackgram
23	47	17	26.44767195	61.84836093	7.031942662	30.92014047	mothbeans
97	43	23	23.48756878	67.84866469	6.103534493	60.65171481	maize
7	141	195	23.8812458	93.45067555	5.514253142	104.9116663	apple
101	17	55	24.37118217	87.1269128	6.451499764	44.63907691	watermelon
71	48	36	25.55473188	77.94041345	6.379030936	160.8788074	jute
13	144	197	22.9215706	94.89613443	6.28022267	105.6941544	apple
116	5	54	25.37601283	80.99313508	6.65398725	57.23028471	watermelon
101	10	52	25.12228996	82.11241058	6.506390554	47.91776771	watermelon
114	34	29	24.35323046	51.48877313	7.062340228	161.1374201	coffee
20	139	202	23.50201428	92.21083961	5.66999105	107.9868949	apple
95	26	55	24.04355803	83.86917003	6.239808782	51.52476151	watermelon
120	23	29	25.86434078	57.44453272	6.94558266	178.4436873	coffee
117	27	48	26.53259325	82.39053979	6.835268184	54.30660782	watermelon
22	69	22	35.7948615	39.41916566	5.406415427	102.6727319	pigeonpeas
91	43	25	18.4021647	60.86728974	6.531874676	60.65171481	maize
34	36	19	28.14734492	89.49574848	6.956835229	58.02400409	mungbean
31	19	29	28.15068791	90.30273026	5.871421859	215.6796695	coconut
83	50	41	26.11389614	81.51425521	6.622762435	215.5559249	rice
9	142	195	22.74762466	91.87812477	5.882400627	100.1173443	apple
113	19	47	28.32403156	93.1549789	6.201045485	25.63839365	muskmelon
19	49	18	29.16211814	82.91806606	7.081255143	46.85713778	mungbean
73	42	39	24.81887232	83.8460471	6.286870356	202.134585	rice
78	35	41	26.42313301	75.86540611	6.492828577	160.9480797	jute
9	69	17	29.94413861	61.67795898	6.947637779	46.13942484	lentil
16	17	34	26.65609725	97.46448075	5.593799974	176.3174158	coconut
80	60	15	23.44413479	61.5553732	6.455346836	85.92007433	maize
39	64	22	28.10042934	61.40522917	6.789148028	46.43393119	lentil
45	60	19	32.97660028	63.74379905	6.713076046	67.17067178	blackgram
35	68	23	26.85194748	68.0134017	6.68761031	68.70050194	blackgram
18	62	18	29.94413861	64.23215135	6.06004576	41.96212881	lentil
32	62	23	27.3098338	60.8114739	7.347375307	37.3239208	lentil
5	16	31	35.96054636	48.69677802	4.555688532	98.00644238	mango
99	36	20	20.57981887	65.34583901	6.671085817	78.34604471	maize
74	38	18	22.58955782	69.04432165	6.924666604	82.27355778	maize
5	129	202	22.01739253	82.18833743	6.235798812	71.90726397	grapes
72	41	36	26.50838667	86.84264005	6.065898283	152.9801697	jute
28	74	21	22.091468	23.79304496	5.648889913	145.0279436	kidneybeans
16	74	17	18.06486101	60.09116626	6.745357255	49.23672194	lentil
91	40	40	25.36350578	82.561651	6.587962015	182.5616319	rice
26	55	25	36.64471846	32.36487869	5.745510888	100.393501	pigeonpeas
63	54	46	31.41849949	94.18597168	6.712810963	93.86716115	papaya
101	21	46	24.10038322	82.8915872	6.644403864	55.06022692	watermelon
81	45	38	26.66957634	82.68398964	6.522992552	185.2392653	rice
19	70	22	34.28156712	52.7360457	5.554251682	96.69620076	pigeonpeas
26	76	19	23.68577854	53.80080971	5.366315408	197.3301728	pigeonpeas
23	75	17	24.87425505	64.00213929	7.198076286	48.28137482	lentil
40	62	21	34.9466155	64.82716053	6.974051477	67.89679975	blackgram
60	43	20	18.78751113	68.72264803	5.989609052	78.86310426	maize
90	41	40	25.95738558	72.60653387	6.320198037	178.0458706	jute
13	137	200	23.23329156	91.83441889	6.319122881	118.3323371	apple
40	21	33	27.40125053	96.2032964	6.169468525	131.0900076	coconut
12	47	22	27.88189592	84.78242207	6.270184598	47.31973513	mungbean
21	19	33	29.23107653	94.58666665	6.066094315	188.7482648	coconut
27	44	20	24.01825377	41.09601066	6.960377844	47.80730671	mothbeans
16	73	23	18.06486101	60.09116626	7.450722748	49.78432213	lentil
115	11	46	24.41592661	89.39655519	6.623167177	40.32161859	watermelon
68	69	52	25.65492304	92.74501561	6.813383387	52.95477913	papaya
37	144	202	19.68458204	81.56662375	6.066164614	65.95983662	grapes
0	35	16	28.6645882	89.70056231	6.349600981	59.87232071	mungbean
11	16	32	28.88439495	96.53444555	5.705428646	217.907938	coconut
22	11	29	28.03380598	95.01630593	5.955742971	218.0055713	coconut
4	67	25	23.78709569	24.35679348	5.948164454	119.6404412	kidneybeans
21	44	15	28.87014654	86.72994009	6.346471122	52.4495248	mungbean
78	48	25	25.81216677	64.46198299	6.390276406	95.89170012	maize
40	60	22	29.30867266	64.81078605	6.836495493	73.17096705	blackgram
77	52	17	24.86374934	65.7420046	5.714799723	75.82270467	maize
91	91	51	27.11994954	83.43835955	6.205615053	106.4198472	banana
26	30	28	31.74634259	47.60188171	5.933685211	90.0708271	mango
40	17	10	33.37547355	94.18207121	6.712522517	113.7104836	orange
63	47	35	26.98582182	89.05587886	7.432768147	193.8778713	jute
60	66	55	23.0124018	94.63011011	6.681362301	40.35153141	papaya
0	63	20	18.49034133	24.33396807	5.775600625	112.2722978	kidneybeans
121	36	24	23.66457347	81.69105088	7.352401887	99.36898373	cotton
61	53	43	26.40323239	81.05635517	6.349606327	223.3671883	rice
37	62	22	24.02037872	61.62313345	7.397546271	49.78102578	lentil
40	23	31	27.62991286	95.12994894	6.201747386	168.5298951	coconut
96	86	51	29.90888522	76.98740841	6.257369799	91.99964712	banana
20	50	17	29.681542	40.00933429	6.33661141	51.31037663	mothbeans
73	35	17	23.37267232	72.08753459	5.94134698	60.65171481	maize
25	69	21	18.06486101	63.05625997	6.845411102	54.9393771	lentil
53	73	77	19.71359733	18.09665739	7.325451279	73.64476535	chickpea
13	27	42	22.01669807	89.15769725	5.840755326	107.240338	pomegranate
23	62	16	34.53790017	60.83424365	6.400454863	139.9378877	pigeonpeas
35	21	7	26.28230284	93.54412947	6.010391864	109.2255514	orange
21	39	20	28.14448546	82.1193047	7.064782138	46.75690086	mungbean
60	60	18	25.79210571	55.28220433	6.404964144	60.65171481	maize
37	18	30	27.63551259	99.34854917	6.38488418	157.9171537	coconut
8	120	196	24.06679352	82.66396666	6.053662544	69.81855775	grapes
6	26	28	33.93479707	54.9640534	6.247165892	94.65645699	mango
92	24	55	29.20126718	90.62661094	6.195785747	24.00740204	muskmelon
96	43	39	25.06694812	80.2631855	6.683889981	161.0128732	jute
73	47	16	22.5475362	60.43451163	6.869223073	61.3157957	maize
18	135	196	23.59813434	91.22732474	6.035475965	109.6400807	apple
108	23	49	29.11821081	90.02984507	6.002927293	27.10426008	muskmelon
102	83	53	29.73266868	81.20249874	5.917514777	112.6641073	banana
15	5	41	24.71042069	87.68110416	5.881505085	107.185809	pomegranate
46	50	55	37.4476517	92.65235532	6.546975503	248.8592986	papaya
90	47	23	23.32636841	55.28220433	6.213232151	109.7515385	maize
103	24	48	28.12029793	90.01506395	6.094535301	25.01499176	muskmelon
40	43	18	28.40582793	53.62514491	5.911468975	51.23233899	mothbeans
77	50	45	26.92995077	81.17406994	6.887423517	203.8940713	rice
96	17	54	28.36504117	93.2296937	6.491033416	20.21126747	muskmelon
120	10	55	25.54558526	84.27788188	6.330467875	40.12650421	watermelon
37	76	17	18.31910448	36.85647937	6.028959546	158.6488644	pigeonpeas
5	58	22	28.1587904	63.19592462	7.052955166	48.37048003	lentil
31	49	19	29.13825892	89.35156558	6.829061968	53.02327859	mungbean
21	47	21	25.76312259	60.0341741	9.93509073	30.92014047	mothbeans
8	13	14	27.85125977	91.41354175	7.154459976	100.1737964	orange
36	77	23	36.97794384	41.68409408	5.947982128	198.8298806	pigeonpeas
24	69	15	23.00768923	31.13292435	5.774035406	174.5683593	pigeonpeas
120	30	35	24.87987685	59.11776163	7.054174257	162.6450704	coffee
62	58	48	29.90516615	92.37113883	6.743715851	179.5564945	papaya
35	63	20	29.46509586	60.20666785	6.998625115	70.7497025	blackgram
20	31	29	33.07224264	51.48083536	6.967417766	100.7066777	mango
60	60	38	25.1040188	71.86878339	6.398977171	184.6410778	jute
2	75	15	22.72911458	66.57780846	6.986412599	53.37535896	lentil
76	51	38	23.39677286	82.94673424	6.79260647	227.9642041	rice
24	67	23	24.62150357	18.96171536	5.744465755	114.536119	kidneybeans
34	42	24	27.80804843	82.10122399	6.650007177	50.97629908	mungbean
17	47	19	24.29394485	46.67121105	5.806480919	48.95128217	mothbeans
107	34	32	26.77463708	66.4132686	6.78006386	177.7745075	coffee
36	55	17	28.01021401	84.35199816	6.918516172	47.92548211	mungbean
78	46	40	21.21143282	83.58147634	6.014153707	185.8187879	rice
33	25	45	22.54958826	91.80002074	6.379920711	108.8284828	pomegranate
104	73	47	27.11899413	79.60951802	6.322125945	115.2710357	banana
33	121	203	22.45696744	94.76285385	5.605934087	114.8407725	apple
40	43	23	27.67370973	88.19955969	6.317086874	59.87232071	mungbean
11	48	18	26.0483558	55.72056013	7.152975734	30.92014047	mothbeans
50	55	77	19.0796386	17.80089416	7.168675315	86.85798871	chickpea
23	23	45	21.91759549	90.90362734	6.152966929	105.774829	pomegranate
80	25	51	24.04355803	89.98405233	6.310396139	56.4123462	watermelon
92	20	53	28.30099022	91.64232231	6.137447278	23.97070736	muskmelon
102	80	54	27.32360284	83.41442436	6.133566647	106.0130082	banana
70	56	20	23.34496537	56.92522084	5.932827182	71.90986959	maize
13	71	16	21.82229349	61.22147815	6.279100354	42.41618502	lentil
20	63	20	21.68295951	63.46313543	6.972583773	51.41748777	lentil
70	55	54	29.87197599	92.67913746	6.735605136	205.6831553	papaya
0	22	42	23.51694835	89.28015663	6.518921404	102.5184759	pomegranate
89	49	45	26.98582182	72.09301181	6.80893376	195.428423	jute
40	23	29	29.64324012	94.29514076	6.196159336	176.9689631	coconut
71	45	36	25.69735269	80.76299345	6.777961662	284.160053	rice
23	142	196	32.57194344	82.79434469	6.05132901	68.95211862	grapes
41	62	46	35.96021534	92.40277244	6.679468576	135.4293976	papaya
22	66	76	19.54770899	14.25803981	6.957154601	94.78189594	chickpea
19	137	203	22.4456035	92.87773689	5.613730274	124.9831618	apple
97	14	45	29.54203043	92.9140362	6.36910809	21.89863605	muskmelon
19	24	43	19.83763031	90.17780842	6.350742473	102.9709551	pomegranate
33	56	25	29.22057279	60.6942711	9.199093616	39.80743366	mothbeans
34	70	18	28.89050247	64.82430022	7.230123396	54.9393771	lentil
21	72	22	15.33042636	21.1197664	5.82986754	127.345603	kidneybeans
21	128	203	8.825674745	82.69051407	6.358209369	70.69344294	grapes
40	140	195	11.95300837	81.0022961	5.664426004	66.95981386	grapes
8	26	31	28.66820587	92.02639369	5.687043768	175.8031462	coconut
2	77	16	20.46980759	60.91174079	6.30738173	35.03484812	lentil
36	73	17	31.56971676	64.77006142	7.280753043	64.43030219	blackgram
0	55	25	28.17489437	43.6672299	4.524171562	45.78172762	mothbeans
102	30	52	26.25020383	84.01532821	6.566673172	59.75980023	watermelon
22	10	40	23.86711993	88.57045264	5.738919081	112.2646003	pomegranate
15	132	196	22.27348132	93.14428853	6.016546059	105.4724673	apple
123	59	16	22.18375344	77.87685242	7.053277016	82.59648707	cotton
25	13	13	30.1463124	90.00621688	6.553602779	111.8069893	orange
80	21	47	28.04020847	91.88752916	6.260702473	20.21126747	muskmelon
95	27	55	28.47212559	91.21322065	6.160414414	20.88620369	muskmelon
16	54	20	27.01470397	86.58738497	6.860290566	59.87232071	mungbean
40	40	25	28.34872802	55.41270191	8.708947899	64.32826562	mothbeans
96	60	20	21.22789713	63.13830606	6.225032889	76.48436571	maize
38	40	34	31.47900774	48.87648342	5.626796435	90.3084264	mango
91	82	54	28.59617306	77.59025955	5.860169302	119.84797	banana
11	24	45	18.07132963	90.03265443	7.199504273	109.0321752	pomegranate
119	37	20	24.27890066	78.05152281	7.498299058	80.78857223	cotton
104	78	55	26.65125387	80.46603697	5.960459872	106.9937946	banana
6	51	17	27.88865641	83.07954945	6.218923893	46.4526857	mungbean
10	8	25	28.23073098	93.87712507	5.619065932	225.6323656	coconut
75	49	15	21.53574127	71.50905983	5.918263801	102.4852929	maize
16	62	19	15.45465726	24.41679362	5.969747327	89.65058156	kidneybeans
107	87	53	27.80150675	81.88409336	5.898910672	104.3243376	banana
28	24	8	21.26804978	91.86917767	7.291593406	109.8144697	orange
8	37	20	29.24348778	64.42976561	6.097261601	63.36009887	mothbeans
67	49	40	20.79043006	84.29448126	7.171875726	249.6656801	rice
8	65	25	18.88940957	20.61900091	5.603938421	83.0643162	kidneybeans
62	53	46	42.60214364	94.94482086	6.687465932	175.4863347	papaya
29	133	200	14.53975152	81.70109799	5.928182372	71.6979312	grapes
116	81	53	26.53863256	79.13913242	5.914210558	94.24570346	banana
95	21	48	24.12711297	83.03142317	6.617443839	40.12650421	watermelon
30	27	7	10.02915306	93.26853506	7.729885875	108.6736917	orange
94	33	35	27.24056517	59.59741847	6.66880311	154.1244498	coffee
94	5	55	28.5854649	91.89216849	6.085682344	26.88372572	muskmelon
97	90	50	26.87762885	77.41211507	6.216363381	111.0259338	banana
14	35	16	27.88046377	89.28149953	6.697318029	54.37437104	mungbean
77	38	36	21.8652524	80.1923008	5.953933276	224.5550169	rice
18	70	25	19.39923434	22.47294365	5.719491895	85.75766089	kidneybeans
21	60	19	24.37652004	59.49361668	6.500086322	115.1826672	pigeonpeas
88	55	45	24.63544858	80.41363018	7.730367824	253.7202781	rice
20	64	19	28.64945606	67.14964971	6.767377001	69.50334034	blackgram
109	20	28	24.70261072	57.89497013	7.065818911	186.1505195	coffee
93	56	45	25.39477416	86.50114583	6.436538651	183.4409568	jute
40	61	22	20.94981756	65.8108757	7.002216044	44.23913012	lentil
28	19	43	21.17067298	93.34617653	7.199504273	109.3325961	pomegranate
36	133	201	22.73767413	80.75731958	5.786567644	65.01095312	grapes
15	28	29	27.40933679	54.9640534	4.662493363	92.7157851	mango
25	20	38	18.76882383	89.87030477	7.199504273	109.281026	pomegranate
62	38	18	18.04185513	69.50088677	6.738750013	97.13833283	maize
31	35	23	30.30260453	47.18283631	7.707595055	68.04039813	mothbeans
51	69	78	18.73861289	15.96176622	6.753244133	70.32568472	chickpea
71	46	20	19.81039364	65.22601408	6.343886036	92.89637495	maize
102	25	50	28.20480805	92.91440379	6.099662369	20.36001144	muskmelon
76	57	18	18.9802729	74.52600826	6.092725883	94.26249353	maize
125	39	21	25.03149561	82.21276599	7.954629324	95.0191318	cotton
78	49	40	23.6714678	82.95929291	7.868474653	258.9609087	rice
42	67	82	18.6260551	18.00784418	8.868741443	76.31258896	chickpea
38	69	19	25.09737391	63.99030746	6.914127097	69.51802547	blackgram
62	52	16	22.27526694	58.84015925	6.967057762	63.87020584	maize
21	13	30	26.20741608	93.3824205	6.181909134	198.1578083	coconut
25	47	16	27.14266302	50.55552703	3.504752314	51.81875331	mothbeans
23	53	22	27.94811684	55.01705973	5.462413922	51.4831015	mothbeans
31	72	18	34.9466155	69.96100028	7.290878391	67.97787557	blackgram
45	67	75	18.65275033	16.57418491	8.262043455	79.62827068	chickpea
23	52	18	27.01470397	85.47002225	6.700456124	52.5077487	mungbean
9	145	199	21.39317943	92.95843663	6.139311905	119.0650597	apple
37	58	24	24.92360104	23.97368051	5.730993466	124.2536733	kidneybeans
0	60	17	28.79813022	61.91281746	3.504752314	63.63966358	mothbeans
47	52	50	27.5192293	91.67249268	6.803589998	177.5842556	papaya
60	65	80	17.9520468	16.0356858	7.942998403	76.01113865	chickpea
87	14	51	25.57880857	81.77399731	6.189380658	50.19339337	watermelon
28	59	19	28.86737573	87.46214999	6.517760861	50.47646907	mungbean
29	72	20	33.78461766	58.28785536	6.351689988	158.767858	pigeonpeas
5	48	20	31.01241019	51.20182937	4.421650262	41.51409508	mothbeans
105	13	53	25.38892516	84.95270601	6.695209628	53.90711689	watermelon
19	25	35	27.89228565	97.21541352	5.821436657	149.5989368	coconut
26	141	200	23.59474367	93.3648082	6.103423543	118.3566878	apple
48	62	83	20.96770189	19.1620319	7.282017376	74.72205112	chickpea
68	62	49	36.54187239	93.61353249	6.690591968	87.74009767	papaya
24	73	20	19.63736208	32.31528909	4.608695247	176.4134092	pigeonpeas
34	136	198	8.825674745	83.16469094	6.175163054	71.37063791	grapes
23	73	23	22.18077213	18.79775923	5.872241492	60.27552528	kidneybeans
7	126	195	24.812829	82.86847864	5.787754627	65.01095312	grapes
121	40	21	23.20640181	80.68759229	6.866846044	73.89958655	cotton
26	51	17	27.49828585	86.56211355	7.163130514	55.37319909	mungbean
16	66	15	17.78142918	22.27473576	5.853150478	64.86026759	kidneybeans
69	49	25	18.04185513	61.30726	6.130737433	106.7967024	maize
37	49	25	29.9145443	85.85384444	6.415459592	41.39081525	mungbean
1	64	21	23.74683162	65.37704548	6.300287402	52.88686942	lentil
29	8	28	26.87037587	91.72546257	6.100429497	214.4128874	coconut
33	57	18	25.02826888	44.10823454	9.119228614	30.92014047	mothbeans
8	28	37	23.88404783	86.20613842	6.082571701	108.3121789	pomegranate
9	69	20	19.30607278	23.96362799	5.591560999	129.3449326	kidneybeans
46	59	84	19.10764122	17.68068981	7.07553817	82.42964758	chickpea
100	71	52	26.77419455	75.03193255	6.490074429	117.0693102	banana
80	18	52	27.87317436	91.14849627	6.484799661	24.05207925	muskmelon
89	47	37	26.81132744	80.14430033	6.575445786	255.1471258	rice
82	43	42	26.92995077	83.49338066	6.395415894	292.4318485	rice
108	40	19	23.29963414	79.1702301	7.564129314	63.28048792	cotton
40	9	41	24.37766782	85.4017118	5.78270695	106.128338	pomegranate
0	25	31	30.88954225	50.72874962	5.467305298	92.87889092	mango
35	54	17	29.30906763	80.03499648	6.976805506	52.5290929	mungbean
38	69	17	27.75714213	49.23428457	5.888481536	149.2407695	pigeonpeas
65	48	21	25.29986175	57.72672088	5.834651391	80.58435194	maize
37	57	80	20.99502153	14.25803981	7.195202139	88.07913346	chickpea
18	15	30	29.83642646	45.02236377	4.999173202	93.27149404	mango
25	28	8	27.71277517	93.39811898	7.400134148	111.2750218	orange
60	44	42	24.59063294	80.90322926	6.531332573	175.2605994	jute
140	42	22	25.75361055	84.87668973	7.109367766	99.93100821	cotton
27	56	22	27.01470397	80.91011472	6.610614152	45.58933705	mungbean
32	138	197	9.535585543	80.73112694	5.908724337	69.44115171	grapes
10	9	28	29.01256899	94.01014388	6.282955073	150.0500312	coconut
70	52	19	20.79130972	68.65541402	6.995843776	90.87928245	maize
8	55	19	25.40318152	50.3708836	6.462551654	102.4235798	pigeonpeas
65	55	40	22.39985403	83.36477205	5.953428867	259.3488978	rice
118	49	21	24.18092902	82.69181377	6.557492782	81.33130089	cotton
121	45	22	22.45942937	81.30681027	6.443785385	64.23026638	cotton
83	60	36	25.59704938	80.14509262	6.903985986	200.834898	rice
98	43	41	24.71759315	79.98110987	6.485706368	163.7457701	jute
18	74	15	24.9035819	22.27512704	5.70836603	146.4727237	kidneybeans
3	14	37	21.85402328	88.95489161	5.901335541	112.4750941	pomegranate
21	31	32	35.38598705	51.42664176	5.254532213	90.29643888	mango
29	36	29	31.23781602	49.23790359	6.058348808	90.29701594	mango
27	120	200	21.45278675	90.74531921	6.110218826	116.7036582	apple
112	12	54	29.10351736	91.50537389	6.467265374	29.79396861	muskmelon
89	28	50	25.80139056	89.98405233	6.363837647	47.51915141	watermelon
91	11	55	28.23070059	93.15643471	6.459333233	28.53971538	muskmelon
20	26	30	31.404286	45.02236377	6.319396126	93.55421378	mango
7	5	13	10.01081312	90.40387147	7.124984444	119.6946577	orange
27	65	21	25.29591733	56.89542719	5.704556935	142.720596	pigeonpeas
9	52	25	29.16808737	44.04758043	6.828103968	32.00999089	mothbeans
99	46	39	25.71925608	82.14613116	6.73853142	264.1397893	rice
75	40	35	25.41015581	80.28540975	6.202430801	160.0131722	jute
76	39	24	24.2547451	55.64709899	6.995843776	64.23845455	maize
133	47	23	24.88738107	75.62137159	6.827354668	89.76050416	cotton
117	81	53	29.50704598	78.20585613	5.507641778	98.12565829	banana
31	20	10	19.1361469	94.77554826	6.05294247	100.1737964	orange
56	59	85	17.66292931	19.28688377	7.255043738	72.20224315	chickpea
26	122	202	22.44516988	94.73763514	5.617227184	107.1843273	apple
75	42	42	23.64414089	81.96875592	7.868474653	221.3112359	rice
91	49	36	23.81567447	81.59899945	6.45853634	167.8690317	jute
107	10	49	25.83202912	89.00481725	6.755192025	45.24690619	watermelon
3	45	24	29.45860657	53.38154501	3.615494051	73.83468494	mothbeans
28	49	15	27.92782214	87.13571217	6.823925207	45.18632192	mungbean
22	71	25	30.12307996	61.76061692	6.903932734	69.14765486	blackgram
40	144	199	23.92957273	92.58484475	5.993358062	112.837548	apple
18	131	200	23.01844591	90.02575116	6.499226821	109.3205947	apple
38	36	21	28.02952623	84.8845732	6.556372966	36.12042927	mungbean
79	60	40	23.69742765	83.77103977	7.21553184	177.7386	jute
18	14	7	21.42392868	90.66660838	6.010391864	101.0733683	orange
4	66	19	21.90635258	20.60212621	5.61606503	74.6302948	kidneybeans
111	44	22	23.15074127	80.17077364	6.861325592	80.13437883	cotton
12	6	8	30.84835031	92.86773675	6.388617138	107.4142681	orange
25	57	24	27.65472156	58.59986279	6.974978386	36.94255012	mothbeans
81	45	23	19.32666088	68.034493	6.192360003	84.22969177	maize
23	61	17	23.28787132	63.9865828	6.917417596	41.53060823	lentil
58	66	48	31.11339334	93.56498648	6.745785555	176.3124287	papaya
90	92	55	27.00932084	80.18546798	6.13465588	97.32531705	banana
46	70	51	33.31516653	92.60655508	6.95170173	45.75721918	papaya
28	132	195	25.35292253	81.78642176	5.873261661	73.87150914	grapes
111	40	25	24.484692	84.44932014	6.187455799	90.94342484	cotton
16	64	17	24.92360104	20.82975298	5.799248784	97.89239927	kidneybeans
32	127	195	20.86630979	81.00679837	6.068220155	71.66870665	grapes
107	23	31	23.24167615	58.8158391	6.581615624	127.2240542	coffee
94	30	28	25.64285054	57.76344206	6.020947179	197.1635407	coffee
18	126	201	24.26581328	83.98351748	5.737903648	71.66570432	grapes
24	11	32	27.97374494	91.41756975	5.706605897	181.3707874	coconut
11	41	17	27.30937226	89.99615558	6.833914715	59.87232071	mungbean
72	60	40	21.32600051	80.12267476	5.188794073	255.3958235	rice
0	21	32	35.89855625	54.25964196	6.430139436	92.19721736	mango
11	55	24	26.11506035	53.50982062	5.302733627	121.0365127	pigeonpeas
9	15	31	26.7893807	94.86687883	6.06667756	190.4786027	coconut
34	48	48	41.04224355	91.37258067	6.805277038	181.527598	papaya
24	65	15	31.52286814	68.3783727	6.742398257	67.79353639	blackgram
23	13	42	20.7497122	86.69784471	5.815228915	105.7036393	pomegranate
19	124	198	23.99686172	92.90443074	5.561938481	115.3244908	apple
97	23	50	29.94349168	93.83203353	6.590114693	27.24313951	muskmelon
88	40	23	20.96042952	74.82913698	6.265380082	91.70324358	maize
1	24	5	21.68470542	93.00034844	6.010391864	100.2053321	orange
0	74	19	23.73985395	65.35222041	6.999604525	43.39857835	lentil
87	60	23	20.27317074	63.91281869	6.439071996	62.50351892	maize
50	74	17	28.5939162	60.83477248	6.982478911	65.96319488	blackgram
28	22	8	24.12654162	91.58516466	7.925450068	113.5479635	orange
34	70	19	20.62299745	67.99906549	7.19827924	48.40123727	lentil
40	68	21	25.73111468	51.2408803	6.30283712	134.542762	pigeonpeas
98	31	32	25.4162524	69.07902541	7.295428061	122.9161065	coffee
73	53	40	24.80694311	82.60140435	6.641606486	221.7611152	rice
82	45	19	24.71428663	65.91781976	6.154061942	76.30036204	maize
88	29	52	24.93597858	83.36643365	6.098039745	55.10383493	watermelon
28	60	18	22.18301672	19.86847948	5.842660242	100.2828571	kidneybeans
30	68	22	22.19492119	24.96969858	5.99812453	98.41783627	kidneybeans
22	9	44	24.72235539	88.87651295	5.744361602	112.1926517	pomegranate
11	44	17	26.34043268	55.59160391	8.016210782	35.1051197	mothbeans
83	35	43	26.21912671	81.15339167	6.895730225	199.8362913	jute
40	16	5	27.28646931	92.02277696	7.960539063	115.885785	orange
139	48	16	22.76567384	76.8657209	6.405509957	74.76587159	cotton
14	50	20	24.01825377	63.79901933	7.665574528	39.0800559	mothbeans
4	14	45	18.44624022	88.51257469	6.647758207	108.3531163	pomegranate
19	120	201	22.15289848	90.43241606	5.613836125	100.1173443	apple
10	31	26	29.70820808	49.471277	5.604250652	95.15350922	mango
1	8	26	27.5136304	94.18955816	5.562911913	156.6732553	coconut
27	72	25	26.20737961	58.50644305	6.300459049	190.0720664	pigeonpeas
100	19	50	25.23557617	80.02621335	6.222666818	58.45607447	watermelon
40	12	32	28.44959532	94.42587371	5.950788077	167.6005306	coconut
0	36	32	35.09862788	47.32436021	6.041167073	89.73824327	mango
131	56	20	22.00817088	81.83896111	7.762647875	92.23645249	cotton
30	16	31	29.86875779	93.13160108	5.819774574	131.4406863	coconut
27	59	22	21.81167649	23.20591245	5.794158504	130.0608093	kidneybeans
18	40	16	26.67533188	64.95585424	8.958158016	69.58785724	mothbeans
100	17	55	28.18873515	93.82911697	6.391778352	26.25012166	muskmelon
38	132	198	23.99686172	90.68076137	6.268078187	109.6238428	apple
5	75	18	20.57332963	22.2591834	5.902915605	100.5641758	kidneybeans
34	65	24	18.69602071	23.81715784	5.715339433	95.76959003	kidneybeans
35	61	15	19.68255152	21.3315219	5.615593167	126.6537433	kidneybeans
8	23	42	24.96273236	89.07825443	6.36791301	108.2484761	pomegranate
14	10	33	26.72139435	94.10067395	6.039554168	139.8443426	coconut
9	76	17	19.29486755	18.57088235	5.909736565	114.8856176	kidneybeans
39	55	19	28.71343629	60.25874484	9.552141096	59.51693588	mothbeans
16	132	197	20.43411111	81.93749097	6.058194323	65.73321568	grapes
32	73	81	20.45078582	15.40312102	5.988992796	92.68373702	chickpea
87	23	32	26.11988917	57.43269138	6.066793534	156.3644938	coffee
1	30	29	28.33333307	51.39586505	6.434197756	91.67241761	mango
102	90	50	26.97852038	80.92712381	5.959604338	111.8958796	banana
70	44	42	26.68787874	81.90643827	6.563129408	179.4097131	jute
87	58	16	24.10609775	63.8049964	6.259389052	99.1416739	maize
39	57	22	17.99938824	23.83362326	5.615189944	70.00927246	kidneybeans
26	65	22	17.84806561	18.77621951	5.949949081	143.0984171	kidneybeans
34	15	34	27.05826457	91.10510371	5.677282678	224.7006953	coconut
111	17	52	27.97491297	90.01506395	6.055900239	26.17098516	muskmelon
125	55	18	22.34065624	78.56986187	6.619520977	76.47950467	cotton
126	37	21	25.84997269	84.16855231	6.61448588	77.03421249	cotton
35	80	76	19.70359109	16.83689222	5.988992796	85.26534755	chickpea
70	60	16	22.03983085	70.97206967	6.137861001	97.39292255	maize
3	51	22	29.21814573	50.65742567	7.039356291	40.41195543	mothbeans
30	79	20	25.38203059	67.79330081	7.385997395	49.3317247	lentil
100	58	15	25.63096663	81.718694	5.92516005	80.77431553	cotton
34	60	80	20.99502153	17.62263403	7.331311451	78.63012836	chickpea
0	35	16	28.85503806	82.23843095	6.645000219	53.82336107	mungbean
24	62	19	31.21650613	59.42047962	4.548202098	162.2339154	pigeonpeas
117	43	25	24.68854799	78.51206972	7.839849298	69.31153566	cotton
0	22	36	21.11262832	85.12912161	6.483593094	103.6962662	pomegranate
26	27	28	25.00872392	98.64429408	6.02040721	209.6254274	coconut
27	80	17	18.72128282	64.7841585	7.701309903	46.05543052	lentil
14	59	15	21.35135729	22.91244883	5.779090476	146.4548645	kidneybeans
5	75	17	27.34678866	65.23694	7.841496029	49.08949355	lentil
20	43	20	26.18372046	53.66447938	5.429430817	74.44330654	mothbeans
56	61	76	20.43580689	14.25803981	8.21594179	76.48686312	chickpea
34	58	78	20.07956225	17.37570949	8.230535587	70.61807825	chickpea
13	16	37	22.40201677	87.78059827	6.630932676	107.9385384	pomegranate
96	34	29	23.83960953	53.6340698	6.663215702	178.9810149	coffee
114	84	47	27.50154258	81.81615879	6.279927579	119.84797	banana
97	46	20	23.66835854	69.38083534	5.926945281	84.23797387	maize
112	15	47	28.14483136	92.13839362	6.483468267	24.32586434	muskmelon
90	30	53	25.97666022	86.90822908	6.751782896	43.37653018	watermelon
19	11	25	26.18637921	94.90068149	5.503278665	131.0900076	coconut
60	51	46	37.56019826	93.06625089	6.694985495	201.4625602	papaya
90	32	30	26.23984042	62.57586816	6.674812658	127.2701821	coffee
34	20	12	18.37578306	94.22550529	7.08602095	116.7663699	orange
26	60	20	22.74795555	19.76677213	5.667750508	73.97030773	kidneybeans
22	18	27	29.53876928	93.46726696	5.829939832	220.567047	coconut
24	41	23	29.19389607	86.73713114	6.546135445	43.39962587	mungbean
30	44	18	26.93498311	40.00933429	7.065764177	49.83999294	mothbeans
29	77	75	17.50361137	15.48083156	7.778591618	72.9446671	chickpea
44	64	48	33.1105768	91.29725278	6.71412391	184.6845356	papaya
105	32	29	25.68387693	50.04557009	7.401380846	115.1564012	coffee
86	45	24	21.94752652	69.22279881	5.986818031	102.3289638	maize
33	75	84	19.46210401	18.72831993	7.217018459	68.81405149	chickpea
5	34	32	35.92830804	53.74597582	5.665319151	92.4999236	mango
23	141	201	18.08663863	82.94331996	6.200236271	72.12794959	grapes
38	61	82	19.84726455	19.96978871	8.257614053	80.42727793	chickpea
80	14	47	24.91884966	82.5218425	6.000975617	43.14776037	watermelon
86	50	43	23.82728233	80.7214855	5.732025306	206.9323196	rice
22	60	85	18.8392908	14.74071856	7.811997977	94.78189594	chickpea
89	7	52	24.90358664	82.49933008	6.679493381	41.96186512	watermelon
45	67	80	18.1704967	19.17363801	7.3458678	81.54134645	chickpea
40	77	22	34.54370484	30.40046769	6.824306309	198.8298806	pigeonpeas
65	51	40	23.84898756	82.17382026	6.504240611	261.2763301	rice
109	30	49	27.57837006	94.17091452	6.565656777	28.13643181	muskmelon
30	30	43	24.96273236	91.5991378	7.017660512	109.8454946	pomegranate
23	76	18	29.07108107	62.55321561	7.441288244	61.65021845	blackgram
37	128	200	12.59160664	82.63754831	6.459233901	69.91463787	grapes
85	82	45	27.3733222	77.55622624	5.887146909	108.6534144	banana
33	57	52	30.89719147	90.71225429	6.795425251	75.64686076	papaya
100	37	21	23.67336011	77.53753762	5.801047545	94.79306749	cotton
93	40	32	27.44555983	61.59583226	6.592532013	175.7037969	coffee
14	127	199	9.724877516	81.05971932	6.237966803	66.60606938	grapes
77	54	37	24.13336641	80.06227175	6.777092182	151.4872518	jute
21	23	34	29.76595068	53.92798034	5.619657715	92.59797713	mango
126	56	20	24.3529669	79.30467201	6.773077007	76.19878126	cotton
86	12	52	26.72331433	87.5487633	6.425782036	43.02182651	watermelon
12	69	18	18.31910448	48.85943511	7.238970989	90.05422663	pigeonpeas
42	74	83	19.2582557	14.2804191	7.545258424	65.78042032	chickpea
39	18	38	21.76778736	94.99897537	5.817267012	110.5226227	pomegranate
26	15	15	13.07390378	91.56702115	7.995848977	112.7183163	orange
19	49	25	24.01825377	52.67657823	6.959637381	49.93998148	mothbeans
1	77	22	18.37053523	18.09224048	5.569956717	107.5030909	kidneybeans
27	68	20	21.47393277	22.97731782	5.897872279	137.3385155	kidneybeans
96	60	19	22.24619351	66.07484236	6.403193475	79.29869073	maize
84	24	52	26.88027694	85.80356111	6.554439158	47.88261698	watermelon
13	22	34	25.59755866	95.86709764	5.921540595	148.3348696	coconut
19	66	22	26.5631942	43.22702259	6.956706697	147.5244874	pigeonpeas
43	66	78	19.77794077	16.83624016	6.653441508	78.26575321	chickpea
100	10	53	24.54356968	84.60808277	6.211748957	42.00660251	watermelon
100	70	49	26.90814944	81.06565633	6.087377508	95.2061043	banana
13	66	22	18.31910448	32.68439105	4.548202098	172.7054817	pigeonpeas
10	54	19	28.72251376	51.21140183	5.506391536	60.40615382	mothbeans
41	57	75	17.93524586	19.96978871	6.17909211	74.04260466	chickpea
60	47	18	23.20413235	67.06790942	6.418308397	94.41807312	maize
19	29	25	33.13365698	54.81829702	6.419375784	95.13469504	mango
107	12	46	29.57240298	93.61870344	6.559763394	27.56918621	muskmelon
67	43	39	26.04371967	84.96907151	5.999969026	186.7536773	rice
33	59	19	23.19305333	62.74710773	7.641024177	49.55213308	lentil
86	43	42	24.34098566	89.89106506	6.462296425	196.1283604	jute
16	16	9	18.12667243	90.10168457	6.618724457	104.40243	orange
38	49	18	24.58584556	40.00933429	7.355769616	49.69894984	mothbeans
25	47	24	26.08144772	52.64747076	6.752186944	74.44330654	mothbeans
38	42	24	29.57020525	52.98986622	5.968207869	50.33452082	mothbeans
15	29	31	27.11034368	99.50241565	5.963151449	212.4020839	coconut
118	81	50	28.73123222	81.37599442	6.219569512	97.55080164	banana
62	49	37	24.21744605	82.85284045	7.479248124	166.1365886	jute
37	9	26	25.92026297	94.5966114	5.57655825	187.0630693	coconut
10	28	10	10.01081312	90.66394737	7.572376478	109.9859991	orange
103	29	31	24.48345673	64.37758309	6.300212658	129.8678706	coffee
12	31	26	35.7877738	51.94190321	5.395275719	100.2160615	mango
76	35	39	24.6033606	83.72597102	6.048641077	234.4449832	rice
1	60	24	22.19727637	46.99310563	5.60176645	101.6490186	pigeonpeas
69	41	35	23.17346495	84.96907151	6.138434459	257.5855312	rice
123	45	22	24.72698973	75.56109801	6.204107415	75.92299893	cotton
20	14	38	21.30322348	88.07061848	6.122779512	109.4356645	pomegranate
25	134	200	23.41058879	94.7814313	6.438369702	118.0271201	apple
16	42	23	29.58119081	88.57000337	6.964507623	39.04876564	mungbean
73	59	35	23.9728271	80.23015663	6.002524871	176.2964911	jute
5	43	25	28.65156894	81.82981038	6.218923893	43.17347999	mungbean
25	131	197	8.825674745	82.59008443	6.499604931	71.6156838	grapes
93	54	40	25.26585806	77.22983616	7.364719486	187.8215276	jute
50	58	50	30.73682662	93.40813475	6.854044928	81.35803455	papaya
95	30	51	28.03776713	94.00176908	6.118374437	26.94754532	muskmelon
85	14	52	29.53846108	93.56831104	6.446185835	24.40375853	muskmelon
108	30	46	29.35497895	94.96218673	6.20355509	22.19447872	muskmelon
32	140	203	20.23771952	81.84181298	6.117721061	71.99715113	grapes
97	49	41	21.80230257	82.28840318	6.360501165	212.1739548	rice
21	120	198	20.85555698	83.98351748	5.563580099	73.73943429	grapes
19	69	19	23.04795642	61.7474759	7.585364526	35.03484812	lentil
31	144	202	11.02105378	80.55557235	5.870600622	68.23963161	grapes
19	14	33	27.9148727	93.38095447	5.765749714	163.3807272	coconut
14	26	45	18.97409522	86.8214408	6.856739744	105.941101	pomegranate
73	60	43	26.98582182	72.20015312	6.752654955	183.851071	jute
92	85	51	29.22118628	81.08183635	5.740764682	108.8616474	banana
18	77	15	16.99358332	22.25523372	5.621445746	76.02556574	kidneybeans
25	39	25	30.24139971	60.5030124	5.069511796	47.56242986	mothbeans
21	72	18	30.43957458	60.06534859	7.320996491	61.43983194	blackgram
15	140	199	23.378885	94.44862114	5.964339556	121.8848017	apple
6	56	22	24.15167589	62.78015968	6.911078358	46.25208388	lentil
12	9	41	18.63773956	87.46952396	6.735948504	112.4750941	pomegranate
16	29	29	28.77178654	96.6345498	5.634601915	154.0137084	coconut
17	136	205	38.85384656	80.01639435	6.297391752	71.90985037	grapes
19	10	43	23.05674447	89.60663823	6.39606656	103.6930881	pomegranate
87	28	35	26.5602777	57.1621814	6.759211911	152.0616227	coffee
74	43	18	23.03337919	62.29709568	5.513697923	102.6056571	maize
36	5	34	28.44381618	96.2051315	6.124723149	181.1390258	coconut
20	19	35	34.17719782	50.62161586	6.113935087	98.00687989	mango
81	13	54	29.17226871	91.53258008	6.490167044	28.68693375	muskmelon
22	54	20	28.56149805	83.63802195	6.689825155	41.013132	mungbean
86	40	39	25.72100868	88.16513579	6.207459637	175.6086697	jute
8	53	20	27.01470397	88.33405168	6.689932335	37.58068529	mungbean
89	17	49	29.90044709	93.29615485	6.781050373	24.6742816	muskmelon
39	61	47	34.34536655	93.7577673	6.985828631	121.7632412	papaya
14	47	19	27.05757914	58.79818996	7.147329232	30.92014047	mothbeans
5	30	33	28.16107507	92.27641686	5.967625511	182.065406	coconut
78	53	15	25.01785079	69.91808363	6.261302899	97.14067904	maize
15	72	23	18.55551457	47.53524205	6.250560566	150.0839664	pigeonpeas
24	134	202	22.54259768	92.1301578	5.790940082	102.546998	apple
19	14	31	27.14834433	94.67602638	5.595989882	192.5913302	coconut
88	36	31	27.92374437	50.04557009	6.071053207	184.7663405	coffee
101	24	47	29.04220366	92.47814233	6.002927293	21.45452787	muskmelon
32	57	22	28.6899851	87.50436797	6.769415888	44.56598352	mungbean
84	47	37	24.83357426	81.16197398	5.741319091	260.4094026	rice
100	41	22	24.29353945	80.46852531	7.73935427	77.45150163	cotton
94	25	50	29.45556722	91.44894982	6.262980065	29.86681385	muskmelon
36	56	22	21.24513932	21.64112137	5.784002005	85.18061873	kidneybeans
106	42	20	23.56969232	78.01628493	5.801047545	81.28149125	cotton
78	50	25	23.15315323	61.34108136	6.350239447	83.74660522	maize
108	35	20	24.7587456	77.84869534	7.020366332	81.38473463	cotton
27	73	15	20.39522005	23.31772145	5.551338736	81.52764865	kidneybeans
86	40	33	26.1387869	52.26311691	7.432322234	136.3027766	coffee
92	15	34	27.92374437	63.22270444	7.035684138	128.6448812	coffee
95	82	47	27.59241395	77.86062619	6.270178837	114.0204952	banana
119	52	19	24.01107371	80.42583664	6.664079751	79.5496823	cotton
30	68	77	19.36555796	16.90603657	6.378906208	83.69936027	chickpea
110	22	52	28.65771356	92.67045667	6.469852424	24.30715683	muskmelon
22	137	199	34.21832126	82.07875753	5.806958631	69.41258124	grapes
84	41	25	21.74750093	56.91691091	6.995843776	65.71635652	maize
20	60	18	23.92604896	30.40046769	5.216098833	128.8221011	pigeonpeas
93	12	55	28.30721378	91.37657413	6.002927293	22.68512177	muskmelon
14	19	14	17.68408797	94.35815354	6.699164936	108.0638166	orange
23	65	20	23.88592427	43.0837898	5.289170068	155.567598	pigeonpeas
93	18	45	28.48870143	93.11960982	6.1724911	25.43561272	muskmelon
35	47	17	31.56758447	52.76327667	6.361883448	74.44330654	mothbeans
62	35	24	22.84644184	55.28220433	6.995843776	60.65171481	maize
31	130	203	36.98959891	80.21496249	5.940306572	70.3622509	grapes
97	19	52	28.98909457	91.39445197	6.597726501	27.5977631	muskmelon
70	52	18	23.65388731	69.9951292	5.93129899	92.44306194	maize
14	64	18	24.92057282	61.77718682	7.088204779	35.03484812	lentil
112	41	20	23.90888636	82.09730949	7.164997777	80.9380083	cotton
76	47	39	21.32324957	80.12267476	6.577330856	266.6709116	rice
66	65	48	29.08164578	93.19613579	6.976545094	225.3614262	papaya
79	50	38	20.82560554	83.63550898	5.283531293	234.7259808	rice
27	42	19	29.20613901	89.99615558	6.409823449	52.79327459	mungbean
35	22	36	23.00801026	92.58951669	5.803361752	107.5213012	pomegranate
68	60	44	20.0454142	80.12267476	6.400613638	243.4411655	rice
26	66	18	19.11436346	67.24775851	7.369733515	49.20181532	lentil
90	37	45	23.34083803	83.33915548	6.833411107	262.3166017	rice
51	63	79	19.41123497	16.65587184	8.868741443	80.33822577	chickpea
91	17	46	28.67019921	90.20043017	6.239675578	28.91337648	muskmelon
21	133	203	27.0785861	81.55998604	5.925915878	70.75884581	grapes
34	61	22	22.59641527	20.08684574	5.674209178	122.5548731	kidneybeans
103	29	35	26.38897385	59.38173485	6.664957273	155.675988	coffee
25	65	22	19.48017384	24.19026312	5.810835707	73.72310788	kidneybeans
23	11	41	22.20974556	94.28860838	6.431176103	110.3318642	pomegranate
81	51	42	25.13555117	81.60641429	7.868474653	298.5601175	rice
119	16	54	29.2957612	93.63030297	6.21989679	20.21126747	muskmelon
20	79	76	19.60486637	17.50483598	6.872378525	83.78425498	chickpea
66	60	38	22.08576562	83.47038318	6.372576327	231.7364957	rice
39	57	51	33.31357811	93.62892029	6.501521192	105.5793038	papaya
16	20	39	23.56567669	90.90610227	6.933238887	106.0860942	pomegranate
80	46	24	18.17226978	62.4231924	6.148223654	94.72198545	maize
33	61	18	21.04794529	22.26364182	5.694060911	135.4942449	kidneybeans
10	77	24	20.51326617	24.96969858	5.671285031	111.8098138	kidneybeans
86	24	31	25.6028055	60.30512293	6.715605157	171.1667989	coffee
97	30	25	27.47153722	58.40541722	6.152906826	125.4807609	coffee
24	62	19	28.68679518	65.87694637	6.774849674	67.30164888	blackgram
98	24	54	25.79703946	83.11439501	6.515224525	50.20060027	watermelon
18	36	31	31.33631139	47.36667771	5.53805211	100.1962126	mango
40	69	17	27.54249102	68.42528977	6.663915195	48.54979082	lentil
11	35	19	28.53830093	56.02618979	8.091448254	49.05941305	mothbeans
73	45	37	23.70467146	74.63745355	6.742688094	181.2783964	jute
40	66	85	19.67636968	17.45396211	7.866318945	84.3499667	chickpea
89	49	42	22.4129396	82.96086954	5.005306977	239.420662	rice
28	133	203	21.6003252	92.14790546	5.514253142	107.8409735	apple
98	19	55	24.04355803	89.98405233	6.233468812	50.43032218	watermelon
37	61	82	17.40910033	19.02770768	6.846990832	81.52477779	chickpea
17	58	25	31.12896766	43.58788762	6.455592696	32.76742894	mothbeans
32	67	16	28.05364909	67.54766268	7.123172654	68.41382874	blackgram
19	145	199	22.83664667	92.40469485	5.894308742	111.1070523	apple
84	84	53	27.16963378	82.64589155	5.534552042	110.7279133	banana
68	60	21	21.36988772	60.29348295	6.148229964	78.69153946	maize
35	66	81	19.37101121	15.77458129	6.138243973	85.24819851	chickpea
16	23	37	21.23664015	92.79477441	5.95763726	105.2215914	pomegranate
17	58	20	27.11566532	86.61158073	6.767705245	58.25841679	mungbean
106	51	23	24.06833069	79.92451452	7.711254919	96.2566338	cotton
35	63	81	17.25818675	16.53560227	7.818282055	77.79998691	chickpea
14	125	201	22.71545896	92.40012289	5.725375079	108.3157742	apple
20	62	22	24.92360104	22.19113995	5.769601208	123.5101539	kidneybeans
55	77	22	31.4345059	62.99303471	7.76061831	64.77651469	blackgram
92	20	51	28.95584754	94.96218673	6.104488867	24.34353773	muskmelon
99	16	49	25.04371866	83.67873313	6.892019963	55.54557462	watermelon
19	132	199	23.99686172	90.12031399	5.75810231	109.922207	apple
33	61	21	19.51339781	62.09151404	6.622106639	47.21862852	lentil
106	86	52	26.87552935	80.11076167	6.490074429	94.7503799	banana
60	37	39	26.59104992	82.94164078	6.033485257	161.2469997	jute
28	67	21	21.79792649	63.73086065	6.250994223	46.62370222	lentil
22	68	16	27.70496805	63.20915034	7.74672376	37.46160727	lentil
114	83	53	29.90888522	78.42622151	6.398206649	99.72318227	banana
106	34	30	26.79297338	65.04895874	6.069148864	143.8000914	coffee
109	35	24	24.66487859	76.48711762	6.914580769	99.9079826	cotton
116	21	51	28.34770508	90.09026841	6.002927293	22.63204239	muskmelon
14	58	20	25.22254264	62.9182037	6.595495379	53.58086021	lentil
31	79	25	23.18864385	22.3104551	5.902033406	63.38208822	kidneybeans
97	25	29	25.41402432	57.15107984	6.471999259	197.5571986	coffee
23	65	19	25.09737391	60.06534859	6.929795088	68.30760151	blackgram
18	131	202	24.09087132	83.98351748	5.836094553	66.36070407	grapes
47	55	48	36.17457174	92.33894661	6.501521192	204.3951345	papaya
24	125	203	28.56148872	80.01639435	6.499604931	70.76611426	grapes
108	18	46	29.01730106	91.23794177	6.781050373	27.54767182	muskmelon
60	46	19	26.16109607	64.98881898	5.943638358	82.58918733	maize
35	28	32	32.87178081	51.16904853	6.853646491	94.46202263	mango
8	136	201	41.65602996	82.22118237	5.609255992	74.19664838	grapes
27	10	33	27.81132822	97.48410555	6.465906333	154.0621221	coconut
0	18	31	29.8690834	97.04276165	6.235854746	169.2798205	coconut
89	79	48	26.31155827	80.82944363	5.945083307	100.4888587	banana
21	55	15	22.10987332	20.05295813	5.502999119	83.55114535	kidneybeans
123	51	25	23.54249517	77.63043402	7.627049899	89.96670631	cotton
37	64	22	19.88815722	20.28250571	5.957239243	90.15690471	kidneybeans
23	74	15	22.6803125	67.22022271	6.658398288	44.33856887	lentil
25	54	25	28.41879011	80.03499648	6.367460893	48.10259347	mungbean
31	130	198	21.80129837	92.73446667	5.554823557	120.0586671	apple
21	19	38	20.56822127	86.41550328	6.203313293	108.089327	pomegranate
95	38	40	22.8385365	80.12267476	6.798349396	256.3666584	rice
111	70	49	26.42010008	79.21301025	5.779298431	118.7285937	banana
3	66	21	19.26294533	24.96969858	5.888503325	83.37841234	kidneybeans
20	80	82	18.95917725	14.83161808	6.279361379	80.93243385	chickpea
45	61	52	34.69659799	92.84369089	6.581715247	64.89984992	papaya
41	69	79	18.75444331	15.79662148	7.90457423	78.26088937	chickpea
20	67	19	19.24462755	50.54495302	5.671419084	180.6465282	pigeonpeas
33	65	20	16.67233291	22.6530567	5.614635899	99.58483244	kidneybeans
16	21	11	12.12821945	92.97149783	7.308701623	110.81955	orange
37	38	32	31.85744939	45.53106268	5.417340525	91.55845821	mango
20	59	15	29.65129577	63.24119181	6.94348364	54.9393771	lentil
9	15	27	27.79266301	93.30874113	6.206211439	191.1526325	coconut
21	24	38	20.94074822	91.60702693	6.55338741	103.6668294	pomegranate
87	29	29	27.5707461	57.82729532	7.11274641	158.4244955	coffee
19	25	35	27.16559808	98.12246111	5.860742304	185.1128728	coconut
117	5	51	27.38439704	91.54784726	6.284116411	26.53158463	muskmelon
31	51	49	31.24840002	93.88653654	6.723955598	40.35153141	papaya
36	27	27	29.68862142	49.86275706	6.177409028	95.94142051	mango
3	30	35	25.23784348	94.7708911	5.921983042	185.4045601	coconut
86	91	51	28.31598509	84.97849241	5.505393833	92.7534881	banana
129	36	22	23.97579159	80.29383596	7.13741793	91.74130043	cotton
5	59	18	22.85289747	20.49481977	5.99812453	91.20476804	kidneybeans
25	145	197	22.34595134	91.43877199	5.770536075	107.1349482	apple
108	20	51	26.58458791	84.8814922	6.264481775	50.04109159	watermelon
99	47	41	24.81741987	80.46492681	6.926304986	212.3666333	rice
24	68	20	24.08462812	66.06553144	6.810344551	46.12527221	lentil
8	17	8	19.41404277	90.81447539	7.995848977	106.4419639	orange
45	74	22	28.07369552	63.27557931	6.885271941	67.31509592	blackgram
13	25	27	28.19507839	94.13109485	5.997450349	223.8131983	coconut
72	54	25	26.54986394	61.70645814	6.24470689	73.22356192	maize
18	27	41	23.1502799	91.82004967	6.078636691	103.7573166	pomegranate
23	56	16	16.92235976	22.23482441	5.954272461	102.5903552	kidneybeans
50	60	48	28.85533622	91.76175483	6.707748295	179.5698501	papaya
23	24	34	27.07572409	93.27572823	6.018521539	180.6647047	coconut
89	51	24	23.00381596	60.55023673	6.736920446	109.7515385	maize
13	8	12	25.16296632	92.54736032	7.105904818	114.3117197	orange
0	73	19	29.94413861	69.92375891	6.531671054	54.9393771	lentil
63	43	43	25.65451932	83.57010706	5.891795921	223.148915	rice
47	64	53	36.10702337	92.85916427	6.705472634	101.6120785	papaya
96	74	47	27.66023197	80.32846248	6.452999878	100.6887803	banana
16	29	40	22.06951128	88.93831814	7.199504273	109.848553	pomegranate
118	8	49	25.61465967	81.34324934	6.227428167	52.4234924	watermelon
82	48	36	25.79351957	81.76904006	6.352076783	193.2418382	jute
50	60	47	32.57720726	92.74889453	6.92791761	93.7942847	papaya
99	25	50	28.21809981	91.02783245	6.371118054	27.02903501	muskmelon
45	77	85	18.9579847	19.96978871	7.831359146	77.27736818	chickpea
13	51	18	28.08182497	81.04407459	6.730694367	47.75879732	mungbean
80	95	46	27.68671233	80.74894933	6.023387423	94.62308469	banana
51	66	46	30.23727032	93.97458005	6.977743051	152.0392586	papaya
20	133	201	23.55363568	91.53632506	5.737272704	104.2328264	apple
33	138	198	22.29423493	90.69033986	6.222390798	122.7418744	apple
34	62	55	27.58548913	90.72526502	6.585346229	238.5008779	papaya
113	18	55	25.62246905	87.70834998	6.104642839	51.35270342	watermelon
28	72	84	18.72963144	19.18197264	6.481783043	71.58010169	chickpea
84	17	47	29.09431991	91.75364129	6.290365115	28.22454035	muskmelon
23	29	33	35.99009679	47.48046089	4.507523551	91.85936807	mango
45	53	55	32.2228774	92.1721004	6.515939517	194.419478	papaya
23	55	16	21.01142393	69.69141302	5.111488821	185.2039114	pigeonpeas
127	36	20	23.76521748	80.5461961	7.131982889	71.57787145	cotton
4	74	19	21.34556607	21.0385182	5.601589377	105.0838724	kidneybeans
0	28	27	35.99009679	52.96358728	6.19647791	92.82197019	mango
54	65	23	33.35071465	60.27640202	6.939348309	65.94556132	blackgram
57	64	20	28.2957081	60.49507625	7.321897312	74.91559514	blackgram
9	79	22	18.9461439	21.1667907	5.502999119	117.1445805	kidneybeans
107	70	48	27.63369172	80.49310225	6.116069333	105.8007673	banana
98	39	28	27.92374437	61.87218888	6.352125106	177.2994056	coffee
34	75	24	23.50222822	51.29019509	4.760038039	192.3023991	pigeonpeas
101	91	52	28.77782364	77.03425433	6.240546172	118.0996587	banana
38	127	196	33.02072106	81.70294544	6.40791746	72.56876551	grapes
100	47	20	24.29306286	81.09500272	6.179341723	73.30807054	cotton
99	75	46	26.49107091	76.1390626	6.18815825	95.04094011	banana
40	56	15	20.95476727	65.41822002	6.931845231	46.95233961	lentil
90	39	38	23.96070086	77.12166269	6.002524871	184.2936407	jute
66	53	41	25.0756354	80.52389148	7.778915154	257.0038865	rice
7	57	20	21.26748882	23.40761186	5.502999119	96.31801344	kidneybeans
76	59	43	25.96606439	83.2109079	6.848962087	213.6944738	rice
20	73	82	18.43833843	17.38860769	6.033356845	85.6898817	chickpea
92	14	47	25.35490433	83.36745293	6.162113225	50.2339812	watermelon
46	57	25	32.75592523	62.78040565	6.500144962	69.38053284	blackgram
23	25	35	27.63977672	97.24120756	6.005404655	178.3013927	coconut
28	123	198	23.46260321	91.45665004	5.682751473	111.7763395	apple
121	35	21	24.12726103	81.70792862	6.198208808	84.51017842	cotton
13	11	35	28.09545883	94.28099952	6.13514674	208.8922193	coconut
106	73	46	29.68005745	80.87722834	6.305868242	113.1837483	banana
20	66	20	36.97794384	43.95108699	6.032709976	126.4782859	pigeonpeas
9	141	197	34.09256971	80.61012118	5.90245569	68.09592586	grapes
52	65	77	19.59898009	15.93313895	6.428423846	65.737431	chickpea
33	38	25	29.31747341	44.68365497	6.764317312	56.65785252	mothbeans
39	17	45	18.09691127	90.42177379	6.924490731	104.88189	pomegranate
100	51	18	18.04185513	73.93868663	6.297119908	98.71857022	maize
7	15	32	25.03512351	95.89739958	6.182232762	174.796583	coconut
24	29	5	11.61547465	90.60029597	6.409599511	107.2758818	orange
41	49	53	23.0124018	93.64745968	6.682215175	160.3548836	papaya
0	140	203	22.13800292	91.08254072	5.637595809	106.9972588	apple
12	128	201	22.84040791	94.39588328	5.635882538	112.7406707	apple
25	71	20	22.12929046	68.61160282	7.335813783	48.76259123	lentil
29	57	20	25.60973447	50.7330069	5.87707519	53.39249517	mothbeans
57	62	45	34.56380825	93.65054346	6.554640838	162.2839411	papaya
104	34	31	26.12347425	62.99399075	7.268616271	182.6493595	coffee
38	46	45	43.67549305	94.81536013	6.752808819	82.69610776	papaya
21	26	27	27.00315545	47.67525434	5.699586972	95.85118326	mango
43	74	81	18.6588708	16.2073093	7.438901635	88.52492856	chickpea
85	18	52	27.68007567	90.17570424	6.500042436	28.45891369	muskmelon
57	59	18	26.9609783	67.62178764	7.224779893	70.49090774	blackgram
100	49	24	26.54986394	67.61164954	5.787428314	79.84434567	maize
115	48	18	22.00085141	82.18337563	6.940422776	62.3977296	cotton
46	57	55	34.33266896	90.84131903	6.737386494	198.1506932	papaya
33	73	25	33.6542316	35.65159974	4.923132621	90.05422663	pigeonpeas
71	60	22	26.07470121	59.37147589	6.2048017	85.75692395	maize
23	48	21	28.48708199	87.68134612	6.218923893	53.37611728	mungbean
2	47	15	29.86860065	85.99127934	6.401455706	58.41394143	mungbean
52	58	47	27.27654787	93.74969034	6.720997852	143.2806715	papaya
47	56	83	17.55955972	18.3317071	7.636832987	83.1240542	chickpea
51	77	81	18.57665488	15.7777983	8.019260193	78.53393422	chickpea
89	11	55	28.73462584	93.01284007	6.543487029	25.15037805	muskmelon
0	63	16	19.77785509	20.14414945	5.99812453	75.79288681	kidneybeans
28	27	31	27.20588456	48.49417395	5.013257738	92.00301599	mango
140	39	17	24.54417685	82.75954349	7.258974565	79.59861609	cotton
8	43	15	30.12520975	49.23905689	8.064409831	48.415204	mothbeans
110	17	53	28.76771466	92.92173611	6.781050373	20.21126747	muskmelon
108	31	26	23.37224372	60.84653841	6.577908356	142.0292945	coffee
76	58	40	24.84824809	83.93167241	5.033974422	281.5322002	rice
28	48	20	31.26463266	64.95585424	7.398591862	41.86049577	mothbeans
31	46	22	30.91817556	40.53789147	6.280484937	57.00910097	mothbeans
105	33	25	25.33608596	55.9137873	6.528608827	115.1564012	coffee
36	131	205	40.44407179	82.67089195	6.15863006	65.01095312	grapes
7	60	15	21.19645294	21.82273073	5.675466209	82.32592672	kidneybeans
18	21	35	23.2801227	94.94330457	6.368560522	111.1382096	pomegranate
20	47	17	30.81241839	46.81557446	6.3434511	33.09474899	mothbeans
94	73	49	25.90491919	81.49315293	6.281071138	110.4450377	banana
89	89	52	29.90888522	78.94566724	5.993002223	112.845451	banana
20	62	18	29.36358721	64.98742947	7.366542647	61.91208707	blackgram
116	25	49	27.98481927	91.16487783	6.350438484	23.98636733	muskmelon
0	20	36	19.473784	89.52207007	6.507895415	108.8015863	pomegranate
68	60	45	23.99866307	89.89106506	6.221277135	184.5654594	jute
34	64	23	31.76285173	40.32945247	7.31846576	145.4623943	pigeonpeas
80	53	23	25.82235816	66.55445669	6.573418018	97.96459369	maize
71	39	39	24.3410651	82.13921773	5.852808496	298.5601175	rice
13	76	24	26.00945085	57.14826276	6.033074158	162.592384	pigeonpeas
4	10	41	23.32351107	93.28470953	6.211481114	105.1165346	pomegranate
85	37	39	24.52783742	82.73685569	6.364134968	224.6757231	rice
39	47	52	25.73341029	90.03863107	6.68994118	244.3324369	papaya
23	12	26	25.76697471	95.56338275	6.314941373	208.1722117	coconut
87	29	35	26.00744296	50.04557009	6.699339074	154.9009679	coffee
28	68	21	26.76454471	40.84549842	4.757118039	138.255536	pigeonpeas
121	57	20	25.58746558	82.18546449	7.994679507	60.65381719	cotton
13	137	202	18.37531379	83.98351748	6.311891951	66.64286816	grapes
25	70	18	23.6872939	67.1617614	6.003851734	44.01657328	lentil
6	7	7	27.68167318	94.47316879	7.199106204	113.9995146	orange
67	38	18	24.52695567	66.53788552	6.675350256	60.8074038	maize
94	47	45	22.07058927	82.12720756	5.005306977	243.6375422	rice
28	66	15	23.74792286	65.33330833	7.228837524	44.18634205	lentil
120	24	31	27.92374437	51.77207064	6.505712601	157.8592771	coffee
35	68	18	17.61192018	18.39449975	5.609401687	90.0370691	kidneybeans
107	14	51	25.3431869	89.66471789	6.602965154	53.12989633	watermelon
30	70	24	21.29108047	48.6327679	6.639475704	154.3843422	pigeonpeas
116	14	48	28.55178582	92.10229806	6.165090761	22.08359905	muskmelon
29	15	32	26.5192046	94.10208345	6.182058572	131.0900076	coconut
106	48	20	22.97258228	80.61805044	7.675413128	63.77892635	cotton
92	21	51	27.60234638	94.96218673	6.198020467	29.86681385	muskmelon
99	35	38	24.17065305	80.12267476	6.154687607	227.8026313	rice
10	69	19	22.44058687	19.07161944	5.757097654	136.4719509	kidneybeans
70	59	25	22.65752279	63.50246239	5.513697923	82.3101781	maize
29	74	78	20.67914421	14.25803981	8.868741443	89.26724508	chickpea
11	61	25	32.99343979	38.95981646	4.548202098	132.0120738	pigeonpeas
18	63	22	31.60547643	55.38487366	5.460587781	157.8974889	pigeonpeas
37	72	17	28.0107149	46.93540222	6.08572059	141.4443756	pigeonpeas
82	51	37	26.19369133	81.52331187	6.022850977	182.5616319	rice
36	24	35	34.40015961	46.88838987	5.423385787	89.29147581	mango
21	141	200	21.80319339	93.04029269	6.189698137	110.8849084	apple
114	27	48	27.82054812	93.03555162	6.528404378	26.32405487	muskmelon
49	72	15	31.55846339	67.83563765	7.137004749	74.86960831	blackgram
120	78	54	26.50994337	81.75990905	6.054304054	110.6719845	banana
30	49	17	31.99928579	56.44110009	6.221191739	52.0669171	mothbeans
92	27	26	26.27369431	62.93345152	6.99096085	183.9933407	coffee
120	22	55	24.91106747	88.64796932	6.535636585	54.64168578	watermelon
40	44	25	28.48452888	85.89409986	6.482395107	37.83200561	mungbean
39	73	79	19.86339081	16.83084369	8.586495827	81.04887539	chickpea
40	68	23	36.97794384	62.23350402	5.415389064	171.4444276	pigeonpeas
34	9	35	29.51132551	93.75149353	5.789571224	165.4672924	coconut
80	48	18	26.28638087	61.09250437	5.661861174	74.39457265	maize
100	60	20	25.99237426	79.6776785	7.358399786	64.64245532	cotton
21	143	203	22.17761427	91.92461927	6.44240653	106.0375517	apple
23	39	22	29.25649321	81.97952224	6.86483915	42.02483277	mungbean
34	145	201	16.17102235	83.98351748	5.804548017	72.30552898	grapes
0	145	199	23.3886064	94.54160171	6.023232057	115.2740446	apple
10	25	33	29.48117377	51.18636667	5.19402824	95.91478484	mango
80	25	49	29.20014276	91.49822334	6.463415322	23.12153531	muskmelon
10	65	15	23.41549268	65.89732273	4.755701731	195.9820636	pigeonpeas
0	19	33	27.1326009	95.23797989	6.234458417	204.7206567	coconut
55	70	46	40.96476627	91.94010684	6.866429339	210.9706313	papaya
85	27	30	25.5355944	61.19354295	7.058638021	142.6732221	coffee
109	46	15	22.78048409	78.02806678	6.121120508	60.65381719	cotton
12	44	22	29.02625307	58.63986383	6.299991319	55.70693878	mothbeans
19	62	22	18.01048484	22.23479921	5.674859345	76.74270661	kidneybeans
91	21	26	26.33377983	57.36469955	7.261313694	191.6549412	coffee
57	67	17	32.25770754	69.96100028	7.420783293	67.72865161	blackgram
38	40	32	31.80905438	52.5011253	6.391677264	99.21993798	mango
5	8	5	11.03367937	92.22706805	6.562594972	112.7715925	orange
107	21	26	26.45288458	55.32222678	7.235070264	144.6861336	coffee
33	73	20	21.20071558	39.67352753	6.088353258	123.1653169	pigeonpeas
22	17	11	11.11099094	90.99461914	7.338490131	108.3733517	orange
90	25	54	27.87035275	94.14552619	6.537643211	28.1198993	muskmelon
16	143	204	23.71475278	91.53331177	5.631333387	121.8961665	apple
20	126	198	22.38248632	92.49766785	6.043668693	116.0655503	apple
107	20	53	29.94349168	93.87632857	6.002927293	23.55485114	muskmelon
24	65	76	19.53539185	15.57663522	7.703123575	94.78189594	chickpea
8	124	195	22.99391164	92.03685173	6.415376655	103.4778883	apple
22	71	17	18.15300153	19.38602098	5.509295379	107.6907964	kidneybeans
51	67	15	27.1275993	61.54029195	6.921783663	66.91995851	blackgram
87	6	45	29.82729394	90.79007335	6.40077205	22.84203589	muskmelon
39	46	47	36.00272008	94.90735589	6.843031853	190.3947215	papaya
93	83	48	27.84398659	82.87046625	5.505393833	103.9666316	banana
82	47	35	25.65102189	81.02871047	6.336039265	163.8991989	jute
20	68	85	19.06838898	16.68541405	7.454153099	83.9001634	chickpea
19	17	39	24.72485577	85.56083187	6.728599215	111.2787584	pomegranate
77	37	41	24.14264471	86.62658169	7.036402396	168.6426172	jute
53	72	21	34.9466155	69.76232418	7.263747412	72.54954629	blackgram
40	128	200	25.96389522	83.03101273	5.851620775	67.63477635	grapes
100	72	45	27.64853831	84.27870183	6.153257821	119.84797	banana
40	10	41	23.54120875	94.99897537	7.199504273	105.6346527	pomegranate
28	132	197	8.825674745	81.59410938	6.499604931	69.53754403	grapes
13	20	11	15.6019602	94.11654462	7.448862537	116.0777276	orange
33	47	46	29.20300896	93.96834049	6.839443833	209.4083305	papaya
13	55	21	31.50462121	44.26338493	6.081847741	145.9186894	pigeonpeas
48	59	49	33.93303672	91.45084659	6.864946848	89.5142175	papaya
45	57	47	23.16855863	90.78821158	6.656458831	161.6892093	papaya
21	21	30	27.69819273	51.41593238	5.403908328	100.7720705	mango
0	19	31	25.51791333	94.38420565	6.271952833	178.7297725	coconut
62	40	18	25.20902368	68.59114734	6.710184474	70.29857899	maize
60	80	85	18.45154363	17.58097528	6.903628989	87.56703032	chickpea
74	49	38	23.31410442	71.4509053	7.488014404	164.4970373	jute
100	35	36	25.31042337	72.01364411	6.346715209	190.5577618	jute
39	56	51	26.78279165	93.97870153	6.567523803	203.8981742	papaya
16	73	24	25.73336841	42.71715519	6.044490806	90.05422663	pigeonpeas
93	17	26	26.54338429	55.4509249	7.229722611	152.9279694	coffee
50	80	83	19.11175211	16.1412029	8.310990105	85.54253685	chickpea
27	43	20	26.17279753	52.12259432	7.576269825	39.80410035	mothbeans
40	50	17	28.48343082	89.0555623	7.038478531	39.83975183	mungbean
90	11	50	24.85731058	84.80682152	6.790449278	46.84743839	watermelon
115	49	16	23.47283828	78.02478529	6.065173837	87.49431634	cotton
71	56	37	23.18866654	86.20899734	6.491506245	176.103677	jute
46	68	15	27.80247586	66.95933253	7.739115334	60.6757816	blackgram
30	63	16	23.60506572	21.90539577	5.525904526	100.5978728	kidneybeans
88	47	21	21.37564176	64.02972937	5.854354616	87.4273534	maize
98	60	39	23.64213823	84.96907151	5.62042967	285.4239686	rice
109	34	35	24.1388313	65.28645487	6.458036815	176.5337331	coffee
14	80	20	18.42041208	34.97518464	5.417893342	141.454285	pigeonpeas
40	64	19	25.39801094	69.92375891	7.138458579	43.70376763	lentil
55	61	45	36.38275132	91.48558911	6.993473247	135.098768	papaya
85	41	42	23.39596836	77.12590408	6.002524871	171.5541658	jute
34	60	20	27.84283717	64.11508105	7.303347577	63.74584808	blackgram
15	134	202	22.60019394	93.30891421	6.161322164	110.5009758	apple
24	15	40	21.48040784	90.27314931	5.78707919	107.7151027	pomegranate
113	6	49	28.88889084	93.03023472	6.697229807	27.98538568	muskmelon
110	40	17	25.15815138	78.35242616	6.796998639	77.20362829	cotton
7	144	195	22.96388477	93.58065995	5.85648105	104.6472986	apple
31	12	35	27.39762858	96.34013434	6.213649437	189.426601	coconut
111	5	55	26.283443	84.42478917	6.520663422	50.78669728	watermelon
4	62	25	27.28418496	63.59151589	7.457927218	49.17152441	lentil
80	71	47	27.50527651	80.79783998	6.156373499	105.0776992	banana
86	56	37	20.07978909	80.12267476	6.637948433	214.8920155	rice
60	64	50	40.47757229	94.37911946	6.783506225	48.02755414	papaya
102	28	25	24.39915351	58.15567814	6.165623155	199.4735636	coffee
35	65	21	25.84438949	69.92375891	6.832705094	54.9393771	lentil
20	15	9	32.01989633	92.62424602	7.77978808	112.6939824	orange
40	60	18	27.7030257	84.16383724	6.486231435	52.18314624	mungbean
76	38	21	18.04185513	69.74753395	5.791462376	77.3899118	maize
67	63	53	38.54438195	91.80279889	6.501521192	62.37048789	papaya
0	55	21	20.08263065	64.43401743	7.316431953	46.28707264	lentil
17	55	16	24.0881099	66.2857819	7.077305172	49.18527054	lentil
23	133	199	9.740123214	82.69134208	5.893747954	65.68520291	grapes
34	140	201	22.39826008	93.87802021	5.804487995	112.6883444	apple
27	73	18	23.82248901	60.09116626	6.442153778	54.9393771	lentil
5	18	14	33.1056981	93.48447453	7.434118807	119.1709113	orange
40	39	19	27.01470397	80.68576248	6.926465037	45.84288712	mungbean
25	52	21	30.05553156	64.95585424	7.297851233	46.41706546	mothbeans
17	71	15	22.37918893	23.42084953	5.786107881	133.9666294	kidneybeans
19	20	41	23.56111316	87.87535403	6.651053559	107.462937	pomegranate
9	51	19	27.04453473	49.32609633	5.49091063	48.25207759	mothbeans
25	63	15	15.7218025	20.89791505	5.903221698	98.01611655	kidneybeans
82	53	45	25.52139552	70.88259632	6.909455964	156.0316249	jute
24	67	20	31.40903557	64.11358185	7.491612351	66.5750221	blackgram
18	137	202	35.35725253	81.79304264	6.058983754	66.09902468	grapes
31	79	75	18.8202251	16.1074793	8.204862075	89.73119396	chickpea
34	74	22	18.50217844	40.5992	6.719954973	198.8298806	pigeonpeas
24	69	23	18.58662952	23.71443517	5.725522552	112.8480721	kidneybeans
2	77	17	18.31910448	52.24176914	6.052353934	123.7676908	pigeonpeas
106	71	55	28.62745043	80.65193421	6.131241025	109.0102866	banana
18	46	21	28.02483824	80.03499648	7.199495368	48.05336662	mungbean
27	15	29	31.1929179	45.02236377	4.816320768	92.22405826	mango
21	15	32	30.95976433	51.37882604	6.46439041	97.97001338	mango
9	68	15	22.81030962	21.05728732	5.91958025	92.50139486	kidneybeans
27	10	9	27.47671396	92.03235795	7.056230996	115.3503929	orange
25	64	23	22.42173952	50.31876652	4.548202098	191.6557105	pigeonpeas
23	44	15	29.37413941	82.18100813	6.926716743	51.67439381	mungbean
122	40	17	24.96440768	81.31677618	6.854558957	80.03995829	cotton
112	79	49	28.38692295	75.86913934	5.671445179	117.9845966	banana
3	60	19	25.74679443	40.7192594	4.820788186	100.7791633	pigeonpeas
120	13	54	26.57643138	88.52488529	6.374084006	50.48505582	watermelon
99	57	44	22.89575975	80.12267476	6.035436158	246.5460994	rice
18	64	19	20.31515918	18.66636393	5.673410685	82.4278896	kidneybeans
21	17	33	30.90952452	51.01019483	4.851607463	94.74168119	mango
1	12	40	21.53482959	89.5821903	6.211733673	110.72445	pomegranate
98	18	51	26.98603693	88.45393167	6.194381703	59.75980023	watermelon
88	55	18	18.8311951	74.03989355	6.326000307	62.64933352	maize
117	39	27	24.79637696	59.2050023	7.234711348	199.4735636	coffee
75	55	40	22.21586476	83.96266616	6.468899477	232.7417236	rice
19	21	34	30.01592643	53.19212381	5.074272692	97.72843182	mango
107	31	31	23.17124551	52.97841162	6.766184468	153.1201644	coffee
22	67	22	29.03017561	64.49166566	7.475926645	54.9393771	lentil
21	17	28	28.78003371	52.22587693	5.83250036	100.8124659	mango
92	19	49	28.44864488	93.45891454	6.769169982	24.66203764	muskmelon
8	25	32	32.64545372	52.87693795	6.624898746	100.8124659	mango
40	61	19	26.64563183	68.17989736	6.913547915	35.03484812	lentil
14	60	21	25.28575939	55.79256989	7.348306127	74.44330654	mothbeans
12	80	15	27.39223504	64.33535022	6.168698914	44.48817845	lentil
79	60	45	24.28479767	81.78949421	7.213130872	188.7126029	jute
5	14	33	28.00905587	90.01734526	6.324297696	138.2895358	coconut
111	13	47	26.09226366	88.53463094	6.400197082	45.15542548	watermelon
3	55	18	24.16878993	65.06611643	7.181401859	41.83601134	lentil
78	44	21	20.22259205	70.75482913	6.08596128	83.5170066	maize
19	41	21	28.64475295	89.99615558	6.753006051	46.6277275	mungbean
80	18	50	25.53528547	85.77699454	6.269276536	40.62383847	watermelon
89	45	38	24.90366548	70.88259632	7.085853969	175.4123207	jute
120	23	32	27.6008692	58.16048963	6.890082828	144.0371071	coffee
121	38	20	25.46599358	77.37700907	7.0854266	73.11635993	cotton
10	70	19	24.84918386	68.98088448	7.272427638	41.61080544	lentil
24	30	13	17.02193652	90.27812874	6.605280617	110.5219901	orange
18	134	198	22.88319503	91.67963559	5.963091447	100.1173443	apple
78	35	41	20.92627754	84.83855184	7.868474653	241.1750428	rice
23	24	40	21.9632138	89.19373719	6.153194027	109.4990279	pomegranate
63	69	55	34.36709558	94.94482086	6.815633399	179.5579298	papaya
31	60	24	25.40474421	65.8567539	7.722335992	51.92057267	lentil
123	52	18	23.04069386	76.22199216	6.75517457	98.37567401	cotton
49	76	83	18.39744899	18.96485067	8.808164867	85.66001409	chickpea
96	82	52	28.14468622	80.35874628	6.179719436	101.0852586	banana
68	52	40	25.37350259	82.40819047	5.709762179	284.5777481	rice
106	37	21	24.31782694	78.90296102	7.062895528	74.95518485	cotton
60	58	80	17.12492741	17.67448922	8.056506114	79.81000842	chickpea
25	7	35	28.38503882	99.18843684	5.55771171	189.6711349	coconut
22	27	7	13.77301784	93.16151481	6.988710171	100.1737964	orange
16	27	7	14.8444203	91.75265205	7.053426855	103.2587679	orange
35	137	205	26.17049047	82.37061422	6.499604931	71.97125311	grapes
15	140	195	13.28504331	83.54193816	5.69945282	65.80006004	grapes
42	80	18	29.04342656	65.86770052	7.295139024	66.73212539	blackgram
28	26	9	24.87148309	90.00621688	7.995848977	119.6946577	orange
7	25	14	22.49825212	92.61281051	6.794489504	100.1737964	orange
101	25	52	25.04338293	80.02621335	6.306639838	56.79013305	watermelon
23	72	15	20.20565358	67.97459998	6.890665309	53.18441962	lentil
21	40	25	29.21703852	51.01943268	6.728886498	100.2577064	mango
43	69	21	32.45683292	67.56775716	6.9256165	65.74232197	blackgram
94	28	30	27.68574391	57.80376757	6.722070732	157.4833668	coffee
39	36	25	30.98561737	57.17731524	7.611904927	54.02548906	mothbeans
8	17	15	27.07245339	91.20696863	6.722181932	114.0901722	orange
9	39	23	28.59256836	85.76001961	6.222909954	43.91572147	mungbean
3	139	201	9.946372767	82.51038336	5.714578032	71.52202641	grapes
37	65	18	25.92667063	57.00750889	6.358972085	167.3930893	pigeonpeas
94	24	52	27.87017745	91.80256305	6.657609496	22.94467578	muskmelon
24	69	18	15.64502588	22.68728598	5.789305862	124.8314526	kidneybeans
116	71	47	27.57278064	82.0638878	6.435785799	91.34276507	banana
113	39	20	25.74875914	79.49799049	6.549287179	84.03813378	cotton
22	25	33	33.93290724	47.69874911	6.435089327	92.61278039	mango
30	73	18	21.43383362	64.19781032	6.37684594	50.20057538	lentil
29	129	199	17.20108022	83.47330217	6.499604931	67.28727348	grapes
30	120	200	38.06099482	82.24729637	6.234904253	65.70148216	grapes
40	141	202	22.69757497	92.68484228	5.797132739	111.1612759	apple
40	32	29	33.33036153	47.05568919	5.43285503	96.26576256	mango
35	63	15	26.58213318	64.01170442	7.229728589	74.91559514	blackgram
25	68	25	31.59502775	66.07487384	7.775306272	65.50164973	blackgram
31	145	205	22.13927445	93.25909078	5.906624171	117.6173452	apple
105	89	50	26.95611703	80.66866187	5.597611201	90.10978128	banana
93	56	42	23.85724032	82.22572988	7.382762603	195.0948311	rice
101	87	54	29.07311132	76.50045221	6.376756633	100.1692639	banana
81	18	45	28.23983769	91.39993893	6.232961338	28.38175664	muskmelon
103	71	54	25.01018457	80.22807933	5.637155014	100.9494317	banana
34	139	197	23.07670688	94.19640558	6.126488364	100.1173443	apple
16	122	196	8.906857725	83.4953853	6.376700205	68.27848942	grapes
63	63	53	37.48863096	92.85934995	6.668719293	167.2654168	papaya
63	35	16	22.02720976	65.35549924	6.272417541	83.73280082	maize
0	9	12	27.71521039	90.26750705	7.995848977	119.6946577	orange
1	135	203	22.77856513	92.70124029	5.624203283	113.7759219	apple
31	121	201	23.15791104	90.34396882	5.731535258	110.712841	apple
116	23	35	26.39602703	61.67974099	7.110327203	168.7475237	coffee
91	29	26	24.72802983	63.78467848	7.318427541	160.8418029	coffee
11	23	27	26.70215466	92.61686324	6.344124817	131.0900076	coconut
78	43	44	25.18723921	78.46220986	6.967220414	189.497899	jute
73	51	39	25.52186841	81.25375021	6.946356157	156.3535268	jute
102	88	48	28.34675691	81.26423154	5.555143927	100.5537247	banana
68	47	40	26.37326898	81.31975682	7.095109937	172.0170727	jute
31	128	204	22.82948473	91.64784822	5.946717016	117.4498869	apple
95	21	49	28.73854329	90.13278645	6.097368298	24.43526911	muskmelon
22	9	37	20.71282898	91.55338469	6.327001964	103.5370787	pomegranate
30	30	33	26.91765725	99.98187601	5.74877439	179.0070282	coconut
32	17	31	29.53902552	95.983404	5.906865599	150.1194003	coconut
2	130	197	35.35510217	80.77864928	6.159790653	65.73553426	grapes
8	66	21	36.97794384	30.40046769	6.600474573	162.2522801	pigeonpeas
92	37	34	24.09482326	50.04557009	7.493191968	159.87127	coffee
118	47	15	23.82611323	81.18490828	6.716359051	77.97430772	cotton
27	138	201	23.66682067	93.90191078	5.952367662	105.4004751	apple
80	47	17	19.85001137	66.86226822	6.005290463	90.01410781	maize
26	72	22	28.76794904	37.57792132	4.674941549	91.72084869	pigeonpeas
8	71	18	26.60404122	60.09116626	6.840440741	50.29554557	lentil
69	43	40	24.35301695	83.94696856	6.767263325	183.9164972	jute
70	41	40	25.28833265	80.32837296	6.91278819	198.9509789	jute
100	32	29	27.73011114	68.20690902	6.577973709	115.1564012	coffee
40	68	22	18.31910448	55.85133905	7.445444883	175.9817455	pigeonpeas
0	145	205	21.22503442	90.09877774	5.52078314	113.9760462	apple
35	144	201	20.79319685	81.14004273	5.7913576	65.36968457	grapes
93	36	16	18.98307019	73.88706972	6.370921123	77.10177257	maize
124	44	17	22.39109576	79.03572173	6.077931942	78.38867643	cotton
40	15	32	28.55294999	92.56900319	6.093777252	131.0900076	coconut
28	65	19	23.92242773	63.51296604	7.316952629	54.9393771	lentil
11	59	18	18.81765883	45.9152177	4.929372312	126.2136436	pigeonpeas
16	36	21	28.01626395	82.08119832	6.977128936	54.09990931	mungbean
8	23	38	19.30106297	87.1775172	7.005410734	105.4766591	pomegranate
14	131	198	33.4641162	83.86742974	5.562790949	67.92204319	grapes
77	43	18	18.04185513	63.99602706	6.617996546	90.77054433	maize
100	14	49	24.38083335	85.02530857	6.652975522	49.49833694	watermelon
60	50	37	24.511703	80.12267476	5.657436236	233.1690679	rice
105	11	49	27.36071678	91.0641886	6.576452339	24.5791205	muskmelon
40	126	199	23.19934661	93.35416011	6.147635935	102.075327	apple
16	26	43	21.45883838	89.14969608	7.102201379	112.4750941	pomegranate
87	28	30	25.60153969	68.66257977	6.536676653	168.8383605	coffee
60	47	42	26.98582182	80.28321887	6.71351943	162.3951621	jute
8	6	7	34.90665289	91.91091308	6.875244361	111.6679609	orange
106	21	52	28.89578588	94.78993038	6.286515359	23.0362503	muskmelon
40	53	18	29.92448231	61.19128704	5.634002334	66.27604202	mothbeans
88	81	49	29.00147853	78.73390501	6.359832223	109.6471006	banana
14	143	201	32.52046214	81.86095579	6.125203745	74.91506217	grapes
82	29	53	25.59868009	81.10915312	6.324202043	52.11999678	watermelon
99	20	55	24.85772283	83.26192092	6.417658763	59.75980023	watermelon
85	18	48	26.1274277	84.33679332	6.574939056	57.91118956	watermelon
100	13	51	25.40742592	85.10382402	6.494696884	46.9391902	watermelon
38	60	19	26.26098525	55.48767622	8.061105141	38.97713774	mothbeans
82	44	42	23.47559338	84.27630346	6.910726758	270.3232477	rice
38	21	27	27.53111505	93.37388718	6.062205388	150.4846265	coconut
60	45	40	26.23514084	84.88161751	6.795861005	169.2075954	jute
26	66	25	29.85413966	61.04950351	7.375849063	67.18669544	blackgram
0	78	20	22.80452206	62.03257592	6.261427423	41.72981918	lentil
34	59	18	23.38002569	21.98879437	5.744117663	87.66898664	kidneybeans
23	69	25	31.70237598	61.29773726	7.094456339	69.12044566	blackgram
98	27	27	24.71384065	51.29142534	7.238109556	197.6439711	coffee
100	59	17	23.48666168	76.85103817	7.799359284	60.65381719	cotton
95	57	41	23.24925555	73.65346838	6.434610995	184.7674863	jute
39	55	25	30.0714126	66.85496254	7.730580583	66.27786459	blackgram
70	38	35	24.39736241	79.26861738	7.014063944	164.2697011	jute
123	44	15	25.69832705	75.15189415	7.62827698	90.90366719	cotton
40	63	25	26.68176337	57.24898952	6.308660988	127.3524161	pigeonpeas
78	37	22	25.34217103	63.31801994	6.330554389	74.52082026	maize
15	11	38	23.12808226	92.68328358	6.630646083	109.3930157	pomegranate
93	5	55	27.85581231	92.7423767	6.278262221	26.81901011	muskmelon
28	66	23	17.95685229	22.27744996	5.502999119	80.36419045	kidneybeans
34	68	85	17.84792983	16.54413363	8.704366246	83.2506062	chickpea
32	131	203	22.78026731	94.05763238	6.142427587	113.8105898	apple
83	10	53	24.92994759	85.00802358	6.195142279	48.75859458	watermelon
21	11	5	32.01277291	92.49688175	7.585905709	113.5603145	orange
36	137	197	21.51581944	82.20880935	5.510924849	69.50128645	grapes
18	43	24	27.95456472	85.78124539	6.218923893	52.25054337	mungbean
40	35	18	29.53658531	84.23868267	6.218923893	42.79452694	mungbean
37	75	77	17.02498456	15.74218718	7.265062593	68.72474576	chickpea
16	5	28	29.64861824	94.42296929	6.075011082	225.6323656	coconut
31	24	7	23.5942553	91.34954237	7.203972041	109.659047	orange
93	36	40	23.45472258	80.12267476	7.02280069	298.5601175	rice
120	11	55	28.43832854	91.59804998	6.477088968	24.95429718	muskmelon
28	77	21	36.97794384	44.24996133	5.882067811	97.07282338	pigeonpeas
110	18	47	27.46964573	92.41964299	6.781050373	21.67826293	muskmelon
11	5	5	26.75914309	91.01257984	6.010391864	107.4357818	orange
98	47	37	23.48381344	81.33265073	7.375482851	224.0581164	rice
27	60	84	17.87133085	14.47034755	8.025997382	94.78189594	chickpea
99	70	46	26.59580783	82.99556744	5.727469947	100.5123341	banana
98	22	30	27.08682357	61.62024728	6.583988798	124.1426482	coffee
72	37	19	19.19572521	64.4822304	6.210799907	109.7515385	maize
103	15	50	25.58173767	87.24041168	6.729786621	54.1263731	watermelon
17	132	199	28.21399619	83.50587393	5.876399883	69.60432553	grapes
74	41	38	23.899508	80.78887605	6.873107494	176.8337461	jute
37	58	20	28.50863404	36.49909318	6.687642903	122.4423103	pigeonpeas
10	37	22	28.7275267	89.12760359	7.069747814	58.52974279	mungbean
105	35	22	22.66409391	80.70994679	7.3178972	88.87992146	cotton
86	86	51	25.28877428	82.07693193	6.427139012	118.4271068	banana
5	126	197	12.80000387	81.20876367	6.417500829	67.10439401	grapes
120	60	15	22.31871914	83.86129998	7.288377241	65.35747011	cotton
32	71	85	20.62767492	14.44008871	6.403982316	92.06630306	chickpea
31	5	41	23.43749721	91.87345082	6.03203724	107.4864313	pomegranate
66	57	22	19.6555516	55.49164123	6.464565311	80.0416123	maize
40	64	25	17.58225114	20.03597789	5.766624089	127.5344407	kidneybeans
10	67	17	23.55584664	59.13444111	5.034898226	115.2836689	pigeonpeas
3	44	21	27.16735806	87.3140504	6.693064466	58.14279208	mungbean
23	80	20	25.63057314	66.72082117	7.385292726	39.89414426	lentil
88	24	25	23.53729617	64.38971585	7.147870559	126.340534	coffee
24	55	20	27.53105988	30.40046769	4.548202098	165.5418827	pigeonpeas
35	18	26	31.99490489	50.84881347	5.279388967	97.38741498	mango
62	49	25	25.38358713	69.42528893	6.274060323	73.82353713	maize
98	26	51	27.97986597	94.96218673	6.182668846	20.21126747	muskmelon
10	16	8	10.63607579	91.69754078	6.469700592	119.6946577	orange
101	28	45	25.44354402	85.72765703	6.000975617	53.25164201	watermelon
14	144	202	21.96841593	91.61982181	6.240731808	101.3499284	apple
77	56	44	21.1136511	80.12267476	7.562721638	249.606227	rice
113	40	28	24.60473592	65.01301262	6.611813625	165.769229	coffee
101	27	50	25.32828154	83.2453954	6.315551277	53.82537801	watermelon
7	71	18	25.15425883	37.52250455	7.094151937	145.854589	pigeonpeas
85	37	40	26.46792425	81.02515329	5.715599402	285.8033966	rice
98	6	52	27.67763672	93.98326468	6.002927293	22.15882863	muskmelon
21	38	28	34.64472181	51.07488115	5.016076765	94.69096208	mango
63	58	22	18.25405352	55.28220433	6.204747653	63.72358154	maize
1	12	30	27.754298	95.94643831	5.56222383	131.0900076	coconut
23	80	79	19.96774782	17.94841967	6.412402042	81.47793224	chickpea
31	35	21	25.83234769	49.70725675	3.862746673	32.58704041	mothbeans
102	54	22	23.22048132	79.96406044	7.29632985	90.39011679	cotton
90	47	21	18.04185513	65.93566573	6.27877696	65.92034783	maize
22	136	205	23.4577826	92.78615482	5.665235439	121.1060712	apple
33	145	202	21.99311241	91.16941268	5.729286537	108.1491051	apple
111	51	16	24.42681157	84.87668973	7.55200732	76.73253778	cotton
12	47	19	27.43300717	86.38367592	6.528777655	42.42570001	mungbean
21	73	20	15.33042636	24.50899579	5.753268725	60.27552528	kidneybeans
12	20	39	23.66110978	90.90788843	6.187851846	109.6275802	pomegranate
6	61	21	22.15990776	19.49130071	5.665354289	65.89952568	kidneybeans
22	79	20	20.18499255	19.99726653	5.670724169	79.87151978	kidneybeans
92	79	48	26.4235227	82.96974335	6.085150437	114.1961982	banana
23	19	28	29.21067784	92.21109097	6.470465614	136.1576191	coconut
131	38	19	23.86814008	75.68339729	6.814341946	90.4547185	cotton
11	22	31	28.32222029	97.80589709	5.945661173	163.0355102	coconut
23	137	195	23.99686172	93.60088847	6.051556026	103.4135881	apple
49	55	48	37.3658524	93.03098381	6.854307061	182.8579291	papaya
37	134	198	25.02431277	83.60954856	5.976501369	74.4230765	grapes
25	11	13	28.2467832	92.37436873	7.2941114	112.6910773	orange
102	21	52	29.94349168	94.96218673	6.377637221	26.38555287	muskmelon
16	140	199	23.22359117	81.11690456	5.654290843	69.37049664	grapes
0	15	30	30.07260058	50.06124766	5.054617976	100.8124659	mango
27	71	16	26.25402018	65.07637346	7.841496029	52.04031262	lentil
26	53	20	29.14799758	88.83961717	6.641480165	37.1072027	mungbean
14	74	15	27.99990346	65.57653373	6.493036868	49.94043064	lentil
4	46	15	31.01274943	62.40392519	3.504752314	63.77192383	mothbeans
29	17	8	25.79017843	90.00621688	7.182546966	107.2387695	orange
11	122	195	12.14190714	83.56812483	5.647202395	69.63122027	grapes
92	20	54	25.39206041	80.81832115	6.000975617	59.75980023	watermelon
18	141	196	22.77755908	92.18001666	6.212723379	111.7691716	apple
86	80	47	28.46765312	78.11659687	5.695486493	92.22739846	banana
32	66	79	19.03339193	17.31620746	8.722675893	82.69442786	chickpea
33	77	20	21.67357259	22.94913452	5.935692832	100.047094	kidneybeans
38	68	54	29.33710543	90.81781439	6.739170045	202.0572747	papaya
2	38	33	32.38697531	53.2328243	4.691396195	90.21633216	mango
39	79	77	19.52945392	17.60411011	6.71171391	89.32643257	chickpea
4	26	41	21.94683344	90.56889235	6.478776957	109.736697	pomegranate
38	66	15	19.89960732	22.13553309	5.760127334	74.12977147	kidneybeans
69	49	15	21.32839729	68.60201959	6.171689754	103.8149878	maize
85	22	53	25.96534238	89.77076659	6.849471704	59.46338556	watermelon
70	51	41	24.17399531	80.6970978	5.939591606	298.5601175	rice
100	50	15	19.88875702	62.97633505	5.551139958	82.07833798	maize
79	51	44	25.84745424	78.74703567	6.002524871	152.5185703	jute
112	17	28	27.62975458	61.26002598	6.777417989	196.6492664	coffee
26	18	9	15.2330222	91.81186308	6.923866632	113.019292	orange
3	73	20	20.62280222	24.60156626	5.937883411	65.4715715	kidneybeans
120	20	28	24.75971067	51.97353625	7.146172947	153.7643725	coffee
115	49	20	23.71804541	78.88002103	7.264494056	82.81301958	cotton
42	62	51	32.25569427	90.70289144	6.652108496	106.8434753	papaya
15	42	17	27.67848293	84.00220079	6.734841327	41.53694819	mungbean
101	83	55	27.11715835	75.03193255	6.348038314	90.10978128	banana
11	14	5	11.50322938	94.8933184	6.946354724	115.5683776	orange
32	13	11	19.37090534	91.65009278	6.698850899	112.365637	orange
101	36	25	25.80422525	64.77655283	7.134361787	191.5009681	coffee
12	63	17	18.358923	19.37703396	5.717143397	138.414764	kidneybeans
98	35	18	23.79746068	74.82913698	6.252797548	91.76337172	maize
0	55	22	22.98666928	20.57940608	5.916779289	143.8584938	kidneybeans
40	133	197	23.99686172	93.22915691	6.099099481	111.4223732	apple
25	54	21	29.30903804	84.65719574	7.199495368	52.20248644	mungbean
74	51	41	26.72185529	86.15538022	6.689115914	175.9646991	jute
108	22	47	28.53545677	91.72742702	6.161123579	25.1290048	muskmelon
29	22	43	19.66329768	87.95158129	5.561851831	106.0380805	pomegranate
3	72	18	19.86847939	65.33599772	6.125836991	42.86468453	lentil
10	49	16	28.97434747	82.32239064	6.74775807	51.44304666	mungbean
125	60	17	24.14386157	84.51591287	6.785723961	80.36146974	cotton
60	48	41	23.04452818	82.66123444	6.495268174	215.5038871	rice
29	65	76	19.16795502	17.06317247	8.327424262	86.3311693	chickpea
43	67	53	38.39175578	92.7994342	6.929432769	206.9867076	papaya
23	65	16	19.74661583	19.60416652	5.956177082	138.5388901	kidneybeans
113	38	25	22.00085141	79.47270984	7.388265888	90.42224164	cotton
129	46	25	24.50851728	75.00539324	7.681988726	80.67743712	cotton
28	71	25	22.63191703	69.69141302	6.604582638	119.8630138	pigeonpeas
86	44	43	26.92995077	82.03360907	6.893182905	289.8745506	rice
20	21	8	15.71595087	94.96419851	6.087006718	116.1869134	orange
0	18	40	21.09086994	89.05256859	6.472764641	108.0382481	pomegranate
27	60	17	26.41768321	63.64698302	7.026795359	64.42177127	blackgram
26	15	29	31.35847586	54.49057759	5.064662665	98.21266145	mango
82	12	47	28.39001184	92.72122797	6.257966664	25.61781596	muskmelon
87	19	48	28.081608	93.7150033	6.610664208	20.21126747	muskmelon
63	42	37	24.99184411	82.53000982	7.272853511	197.1634533	jute
6	73	24	24.8771922	68.56860946	7.578715181	39.36092554	lentil
111	29	31	26.05968403	52.31098539	6.136286518	161.3432535	coffee
111	28	26	27.77363343	64.47858698	6.937352845	192.7121236	coffee
110	92	48	28.08517215	82.86461766	6.37331391	91.75867034	banana
0	66	18	36.97794384	69.69141302	4.548202098	90.05422663	pigeonpeas
24	47	24	25.7841085	50.53487936	7.899926363	56.55609886	mothbeans
14	5	36	24.92639065	85.19098079	5.832525853	104.7693804	pomegranate
16	20	38	24.96273236	88.43212065	5.561851831	111.76869	pomegranate
60	60	40	23.25503701	83.53923141	5.853670977	252.276347	rice
120	70	50	27.48785624	79.76867462	6.144912135	103.6273358	banana
28	44	15	27.64156711	56.73698786	5.037561365	65.20942823	mothbeans
86	21	52	24.7988673	83.00009346	6.163757349	55.75791556	watermelon
27	134	202	23.18840746	94.12201228	5.672785065	107.737908	apple
70	44	45	25.74650819	71.801985	7.329253724	180.5648756	jute
40	58	19	24.01825377	49.03424212	7.089678352	63.39840404	mothbeans
16	30	42	19.34835851	87.07729977	6.015141042	109.5155079	pomegranate
2	67	18	34.51934775	47.52980027	5.921666758	129.0064612	pigeonpeas
40	65	82	18.33170453	15.93518611	7.523015593	65.11365631	chickpea
3	30	32	25.24770055	90.01734526	5.532650684	131.0900076	coconut
23	135	197	22.22570333	91.16098596	5.745271777	104.8075458	apple
17	26	12	20.66324865	93.230276	7.834315421	114.6159118	orange
21	55	20	24.22044523	65.22907707	6.649013156	51.66916592	lentil
95	75	45	28.98333432	82.95958244	5.829898502	109.022564	banana
27	72	23	17.76681284	23.37470738	5.620494217	92.58674096	kidneybeans
29	16	36	19.81069447	88.92944254	5.740338002	102.860084	pomegranate
85	70	50	29.90888522	81.97699756	5.553978238	111.7474037	banana
33	14	35	27.14865285	96.66355213	6.027707171	149.2433497	coconut
37	137	201	22.54290462	91.5839219	6.129392128	124.9831618	apple
111	47	20	24.01310954	76.85414375	7.039529598	97.18252475	cotton
74	46	45	25.75734909	88.36668522	6.025028997	189.4263485	jute
4	20	41	24.26601316	93.7974061	6.537042717	104.5375109	pomegranate
97	11	55	26.03186267	88.30116475	6.661573854	54.99162671	watermelon
37	59	53	32.5939268	92.03708589	6.787820576	40.35153141	papaya
83	51	38	24.6064008	76.45166275	6.692006497	196.9892919	jute
78	44	42	20.10368969	83.20958083	7.191041023	253.6747009	rice
24	57	23	28.38660449	89.99615558	6.88454356	41.31770211	mungbean
117	90	50	25.54449398	81.35580473	6.14899732	99.56584272	banana
11	25	13	12.94090751	93.278651	7.995848977	114.1299331	orange
69	55	38	22.70883798	82.63941394	5.70080568	271.3248604	rice
110	24	55	26.16723871	85.35777615	6.776940233	51.68588495	watermelon
108	74	47	26.28586237	75.03193255	6.281089855	115.2175632	banana
20	75	75	18.01831972	18.77957492	8.339535334	75.48308011	chickpea
7	5	6	16.40925898	90.84860003	6.50074383	100.1737964	orange
0	12	7	20.18432263	90.65458473	6.969249676	116.8130969	orange
26	32	32	30.91471455	49.92963856	6.810186079	90.14047759	mango
27	56	20	19.25975367	20.51346956	5.542690119	94.9533526	kidneybeans
61	41	35	24.97178693	79.47557931	6.842966479	195.7571622	jute
30	63	76	20.08847648	14.57988296	8.868741443	76.02966934	chickpea
34	59	19	31.01791941	66.82708984	7.131532664	71.6755374	blackgram
11	20	25	35.41895412	50.7981669	6.627088865	91.72410195	mango
39	64	80	18.25409023	18.44453243	7.187640668	78.6432866	chickpea
72	60	40	22.92771758	81.51000006	6.526841267	270.7701919	rice
84	18	46	27.08808014	93.42402083	6.781050373	25.32159689	muskmelon
17	17	27	28.44343778	95.92199587	5.930132759	131.0900076	coconut
23	64	81	20.38182698	15.69855782	6.59166825	78.68483076	chickpea
4	66	18	22.27090953	47.08213177	5.703367392	122.3247418	pigeonpeas
26	9	30	28.17013232	94.77433553	6.377305305	190.2623064	coconut
19	80	15	20.76562505	21.25555274	5.803586684	118.1315074	kidneybeans
66	43	18	22.07786424	69.40488857	6.107947121	80.86798666	maize
31	50	52	28.50679322	94.64101522	6.675735677	59.31275141	papaya
11	36	31	27.92063282	51.77965917	6.47544932	100.2585673	mango
31	6	26	29.12859129	91.30924833	5.741367375	157.2388553	coconut
11	142	205	16.14636852	83.10982107	5.888259428	73.60376937	grapes
27	10	9	16.58286378	90.81137839	6.878263539	105.9139332	orange
28	10	11	16.51676564	91.27348012	6.866195055	105.4033315	orange
67	64	49	36.45969152	91.53986623	6.605493437	184.4759811	papaya
21	31	30	30.79495673	54.35872379	6.29704902	91.09050984	mango
38	50	19	28.31279682	46.84279245	5.972951107	57.2769489	mothbeans
40	46	22	29.12091942	87.90638319	6.218923893	46.96280506	mungbean
8	75	21	26.21817002	60.87960277	5.91645379	41.03581719	lentil
89	26	31	25.33347227	63.85536903	6.797852963	195.4854295	coffee
18	18	35	25.89609542	96.38674791	5.923562175	146.9045969	coconut
10	24	27	27.57283516	94.90485697	5.708409601	145.9298935	coconut
76	45	39	22.31799217	81.33285835	6.134875142	225.1891992	rice
40	18	29	27.3901969	95.65618121	5.68991033	156.5378948	coconut
19	67	18	18.88666903	50.0788625	6.408236502	197.2815221	pigeonpeas
96	82	51	25.41302397	79.36422723	6.399635219	101.2061242	banana
120	34	28	24.57280033	51.64734147	6.371562145	134.8291964	coffee
69	35	42	25.11207376	77.94132789	7.120110335	172.2674592	jute
17	64	17	21.02213209	24.93896255	5.662699104	124.6118471	kidneybeans
9	8	15	14.34320488	94.35734702	7.994465371	110.2223123	orange
35	10	33	28.30719386	96.33273271	6.02295869	148.0728883	coconut
75	41	42	26.98582182	78.47847506	6.784996962	172.729158	jute
98	5	49	25.90130996	82.97946894	6.292306761	43.43315696	watermelon
4	133	196	23.99686172	92.05081677	5.917893144	118.9824124	apple
105	36	27	26.69640888	57.66348386	6.114788701	119.5927843	coffee
17	11	32	28.74013335	93.39676499	5.620733794	156.7650823	coconut
75	52	39	23.34322698	80.62475567	5.893713054	247.5502832	rice
23	72	84	19.02061277	17.13159126	6.920251378	79.92698081	chickpea
23	5	8	32.25979064	90.56278721	7.851737314	100.1737964	orange
20	72	18	31.67876902	55.69782054	6.074867041	188.4553175	pigeonpeas
21	48	20	28.55050162	88.52901824	6.726634093	48.12489116	mungbean
8	12	38	20.00652374	91.69333287	6.32652049	111.2678883	pomegranate
81	37	17	23.93328992	64.79761011	5.662674711	81.9940975	maize
117	15	55	24.04355803	83.88325288	6.789056492	47.11190094	watermelon
37	72	18	18.87614998	24.54038287	5.724242065	105.4120514	kidneybeans
0	80	20	19.69047934	24.95824911	5.671629639	119.1742496	kidneybeans
26	18	42	19.72620525	89.64934166	6.910374919	108.2287276	pomegranate
70	50	53	37.4620912	90.44967809	6.933809743	172.3458448	papaya
40	17	8	22.55782624	92.64677376	6.400361894	110.9217557	orange
107	37	17	24.23952709	77.70561414	6.496708214	71.1846814	cotton
3	26	39	24.38318965	91.19431555	7.079973241	103.6012114	pomegranate
31	74	25	34.9466155	65.01905718	6.973806913	63.12048368	blackgram
48	50	50	38.45541594	90.03863107	6.573288713	225.7781986	papaya
40	32	33	34.6856567	47.75944716	4.868669205	96.20010222	mango
38	21	32	25.00872392	91.04576478	6.470465614	131.0900076	coconut
19	64	21	27.46468865	64.25304719	7.841496029	36.42484386	lentil
84	29	33	25.79840025	55.71219698	6.641687809	123.5205086	coffee
29	17	25	28.41928957	95.76615901	6.258255007	143.9504812	coconut
102	95	49	28.80312266	81.35273611	5.522601011	101.8445029	banana
39	74	81	19.42343042	14.25803981	6.506779937	84.63646953	chickpea
12	20	34	26.97021484	93.63265664	6.051412047	166.453789	coconut
5	138	200	23.19660841	94.60427362	6.333623066	114.7114917	apple
22	48	15	27.89805372	64.95585424	9.561510004	67.21926489	mothbeans
39	74	81	20.99502153	15.78841494	8.166915553	78.11790729	chickpea
17	134	195	23.99686172	90.02575116	6.048160474	101.9105598	apple
5	26	44	21.38537559	89.25886588	7.00307223	102.6287458	pomegranate
20	20	41	23.12612523	88.88300564	6.154401016	104.1404498	pomegranate
60	72	84	20.50059787	15.6714472	7.28954468	90.20597421	chickpea
12	15	8	27.91460572	92.52406621	7.002354074	110.5867807	orange
78	59	39	24.96719665	81.05481478	6.740092127	194.0298901	jute
80	19	49	29.0768469	92.15686793	6.43784789	28.55036954	muskmelon
19	63	18	21.45666188	19.52608147	5.793993549	60.27552528	kidneybeans
29	30	35	26.46944265	98.87882594	6.034689442	170.9440265	coconut
118	21	51	24.42998931	86.33904774	6.678805092	48.58241822	watermelon
22	41	23	29.82316128	83.43097774	6.974012805	52.17684829	mungbean
19	120	201	23.04435312	93.18904795	5.975228864	114.7409186	apple
12	74	16	29.94413861	63.656513	5.91645379	37.35917831	lentil
101	36	31	27.35636092	69.94807345	7.493191968	178.2980094	coffee
35	60	15	26.19409486	69.92375891	6.598466808	43.87653149	lentil
43	68	83	18.90419073	17.11545325	7.752270339	72.06504142	chickpea
60	57	24	18.66116213	61.55327249	6.121294041	75.03247667	maize
24	16	30	27.26876841	99.43850405	5.525652148	214.1127945	coconut
10	79	20	24.98287462	66.895409	6.379881442	38.21370568	lentil
64	64	52	23.0124018	91.302279	6.542533286	64.201566	papaya
21	35	21	29.51481751	84.32928443	6.363586178	50.77210222	mungbean
36	19	30	27.64453045	95.19088366	5.923506211	197.6990929	coconut
18	30	29	26.7627493	92.86056895	6.420018717	224.5903664	coconut
104	48	19	24.24399783	79.33404605	7.092513368	85.29118126	cotton
31	76	17	29.55333917	69.92375891	6.666945513	44.82893262	lentil
90	55	45	26.15782089	80.52787596	6.384958824	168.3735629	jute
109	36	18	25.40059227	76.53237965	7.524707577	62.5138867	cotton
67	56	49	25.20847489	92.63311575	6.691458975	93.43437029	papaya
16	16	8	10.13199114	92.81888403	7.130083965	108.1119485	orange
31	36	20	28.8531484	83.52562263	7.199495368	51.79505781	mungbean
27	39	16	28.05502168	89.99615558	6.894720172	58.60411741	mungbean
40	48	18	27.27929889	55.57965703	9.298405076	43.40141635	mothbeans
29	35	28	28.3471611	53.53903102	6.967417766	90.40260445	mango
33	141	201	22.27378313	91.76383266	6.004594803	116.0742774	apple
83	9	45	25.85483596	89.13163965	6.049609892	46.85176955	watermelon
19	12	7	28.88168073	92.40144207	7.003018933	113.8292568	orange
29	50	17	29.9145443	86.2047663	7.199495368	56.80502653	mungbean
9	18	34	29.7907349	46.94880224	6.269835051	91.71183427	mango
1	60	22	23.84802322	66.12485401	6.793430805	47.20201544	lentil
93	37	33	25.97294063	62.22633888	7.208328285	153.9067792	coffee
109	12	48	29.45771748	92.12534736	6.708743843	20.76212031	muskmelon
40	66	22	27.9165364	68.33088473	7.276104248	69.09616464	blackgram
107	7	49	29.59699885	93.75475306	6.294864701	29.12173325	muskmelon
92	36	18	21.20531335	69.41223443	6.167607729	95.31434695	maize
96	14	49	26.8343351	85.59342465	6.34872601	45.8428709	watermelon
118	53	22	23.98516219	79.77539991	7.08600883	77.75180941	cotton
98	30	48	24.35551532	81.91698538	6.000975617	47.77983233	watermelon
13	53	22	30.96331871	50.44185545	4.486527598	43.2572575	mothbeans
27	5	11	30.00308455	92.6110183	7.022897358	116.0815411	orange
38	35	27	28.04897476	48.04768755	5.311054565	91.83643479	mango
29	55	16	19.9453151	23.83810161	5.981052486	67.36815159	kidneybeans
76	44	43	22.79749432	81.57299037	6.807005842	297.2992197	rice
33	135	202	8.825674745	81.02058735	5.654077073	68.61532506	grapes
23	70	18	23.39726413	49.21871084	5.877375007	135.7147907	pigeonpeas
67	43	37	24.0576307	83.0935843	6.803895621	235.4710546	rice
26	35	31	33.44619894	53.05980465	5.339556562	98.05089394	mango
70	43	40	24.35564134	88.80391021	6.176860192	169.1168028	jute
87	48	25	18.65396672	61.37879671	6.656730008	93.62039175	maize
40	65	20	28.32065544	69.44173217	7.137180812	50.23199844	lentil
44	75	22	30.0328403	64.14800537	7.574561547	71.21006868	blackgram
113	28	48	28.87726019	92.48839665	6.170520518	24.44267592	muskmelon
32	20	35	26.52166434	98.38227669	5.588655387	144.6261698	coconut
32	64	16	22.2781245	19.5422287	5.759476596	92.83589891	kidneybeans
101	21	54	28.52570271	91.63336877	6.582899952	27.49485652	muskmelon
30	75	25	30.33276599	42.35249879	6.446091759	149.299952	pigeonpeas
66	35	45	25.09269135	77.71466189	6.654867654	174.9008883	jute
89	49	38	23.71692439	88.72031581	6.431845922	165.080367	jute
89	81	51	27.78878982	83.87460898	6.206604125	106.4663005	banana
112	84	49	27.24179304	83.44307664	5.851722368	107.8522005	banana
83	11	53	29.54097171	92.91778307	6.163921248	21.9653077	muskmelon
28	66	23	21.53989176	24.25386207	5.99616119	120.6913038	kidneybeans
19	125	202	20.20084288	82.52099297	6.142082349	67.0216767	grapes
48	62	15	25.36586097	66.6379724	7.538631462	65.81655892	blackgram
37	45	20	25.87676937	48.44012851	4.924094791	46.81302124	mothbeans
10	67	20	20.79718246	24.43352086	5.607352148	92.05845495	kidneybeans
34	24	35	26.11026744	93.84426033	6.375219801	172.0065083	coconut
22	14	6	15.45133085	91.60952554	6.09879456	106.9146823	orange
22	134	199	17.41655448	81.49351011	5.883490305	68.42133859	grapes
99	17	50	25.81879049	87.80317327	6.651900942	47.99383403	watermelon
102	28	54	25.15623099	80.27525115	6.862157042	55.49541453	watermelon
40	58	15	29.46416042	87.60890009	6.978400282	43.15411472	mungbean
114	8	52	29.34081108	94.5513539	6.419083092	28.22908103	muskmelon
58	66	48	35.90102669	94.30178741	6.744823833	196.8573116	papaya
30	64	15	29.84633088	63.57129223	6.6742642	71.2425364	blackgram
70	49	39	24.62543894	81.18887837	6.622463286	156.6347476	jute
99	50	40	20.89447753	81.23117978	6.152817943	249.375529	rice
20	19	35	27.9247189	94.82366559	6.129292112	156.702295	coconut
65	63	45	43.67549305	92.24799198	6.676721388	40.35153141	papaya
60	76	21	34.07806253	65.02638709	6.856326939	74.91559514	blackgram
46	65	85	18.35835695	18.14975153	6.46169677	81.07082771	chickpea
15	67	23	24.97712167	63.156178	7.126001688	41.65132396	lentil
128	47	17	24.51934337	80.98228886	7.123721161	93.32948551	cotton
109	36	16	22.71721289	77.83885855	6.835120563	80.241341	cotton
52	67	49	34.82089265	92.10752849	6.985753899	212.3886883	papaya
110	14	51	29.08207041	92.08418592	6.103371174	24.40280201	muskmelon
32	30	6	20.61359513	94.54141912	7.730558131	111.1993246	orange
62	42	36	22.78133816	82.06719137	6.430010215	248.7183228	rice
19	13	33	27.02196642	91.43516293	5.766913282	150.5378107	coconut
17	15	28	33.71304578	51.86846003	5.693591855	93.47231568	mango
25	140	204	23.24473395	94.92048112	6.481062854	120.1736906	apple
48	49	53	36.47264736	94.04636863	6.927583833	55.23220342	papaya
81	40	21	22.03264426	69.70253089	6.223432597	83.94362138	maize
122	46	19	23.31018576	79.93557171	7.203835485	79.00134336	cotton
22	23	25	27.94625064	99.98187601	5.985757713	131.0900076	coconut
103	35	29	23.48899514	50.04557009	6.487217256	150.1533097	coffee
36	132	201	25.95271879	81.1688544	5.648091964	69.63028941	grapes
27	20	6	24.18125653	94.96419851	7.78259981	110.4632799	orange
128	47	21	24.12246401	77.60440707	7.463332809	66.846458	cotton
20	144	201	18.24247831	81.93553876	5.855051558	68.82352841	grapes
60	72	19	27.03802196	66.75534556	6.912848947	68.30240289	blackgram
89	18	45	25.72296924	85.65218166	6.322676857	41.25895092	watermelon
57	63	19	28.88803514	69.95586931	7.194669884	70.01028402	blackgram
26	30	34	27.81473748	93.07752814	5.59668758	172.6607556	coconut
101	11	51	24.04355803	80.80594059	6.839857213	49.65700358	watermelon
100	43	40	24.91959373	86.08662351	6.459619608	159.5224581	jute
13	68	23	26.53128576	35.48152636	6.356940748	196.7528215	pigeonpeas
134	52	18	23.9643129	76.59175937	7.994679507	76.13090645	cotton
107	43	15	24.69231204	77.00508182	7.022988295	73.74564925	cotton
118	42	15	23.20813364	75.9860073	6.205972193	71.42991989	cotton
69	53	37	26.4566004	88.35710742	7.144570486	178.001601	jute
31	26	30	35.29084113	48.04587427	5.292217973	89.29147581	mango
28	75	21	24.7741949	50.54621094	6.007508163	114.2821387	pigeonpeas
119	49	17	23.05637679	79.9808815	6.101382094	83.39181205	cotton
27	29	34	29.56971873	91.14536427	5.917783915	223.9889357	coconut
3	11	40	23.29066509	86.42417693	6.509178985	106.6979223	pomegranate
40	69	25	25.07691754	66.75464373	6.768041285	51.91781778	lentil
16	45	21	27.09977206	64.95585424	6.108714345	53.98380529	mothbeans
89	46	18	18.04185513	58.24332426	6.385333243	100.1973577	maize
60	44	23	24.7947077	70.04556743	5.722579819	76.72860067	maize
83	38	35	26.91997336	83.68631621	6.073347105	240.5075484	rice
37	30	26	30.16791316	47.05068789	4.507523551	97.7419473	mango
81	18	50	26.44019475	80.91934337	6.507110986	47.81847573	watermelon
25	74	18	15.33042636	19.50622733	5.99812453	116.2812482	kidneybeans
95	31	27	25.98970364	56.56091991	7.024504934	147.8020425	coffee
98	85	52	29.90888522	81.5509526	6.490074429	107.8489775	banana
99	33	33	25.13512487	54.67153994	6.049600654	167.4410435	coffee
19	55	22	27.87803706	86.19153189	7.119125252	48.09781291	mungbean
4	40	26	27.58258929	48.56916221	6.720041791	95.8445641	mango
34	128	195	8.825674745	83.98351748	5.607532023	68.09233446	grapes
53	55	55	33.32315744	91.25271223	6.709668804	234.496633	papaya
18	19	8	24.9022987	90.75378178	7.73807368	100.4116797	orange
20	47	20	25.71464836	64.95585424	7.219539163	39.8923507	mothbeans
104	5	45	25.40368376	84.18706908	6.956508826	47.54365	watermelon
25	64	20	33.15122581	32.45974539	4.807776749	105.0380275	pigeonpeas
26	28	39	19.96840567	89.62603614	7.004145071	110.9296085	pomegranate
105	16	53	28.98416149	91.20484523	6.355143164	23.25412716	muskmelon
22	26	38	22.92052307	85.12912161	6.988035315	110.2437841	pomegranate
100	90	47	28.31971835	79.51481941	5.519042769	105.8383136	banana
23	37	21	28.01940686	43.44571564	4.793701763	59.65372769	mothbeans
15	125	202	27.35420815	80.94175915	5.90313057	72.03873886	grapes
30	26	44	24.96273236	86.61006123	7.199504273	109.3518691	pomegranate
24	21	38	24.96273236	90.28888571	5.561851831	112.4750941	pomegranate
8	59	18	29.50523036	35.72032498	6.216814453	187.8961851	pigeonpeas
120	87	52	27.67469939	82.22268669	5.911727403	113.9025652	banana
34	56	17	20.32135527	22.14325449	5.788901586	121.0511704	kidneybeans
87	50	39	26.98582182	76.44591134	7.286208488	188.7223707	jute
4	24	43	24.7035518	87.8026025	6.674505923	103.8815712	pomegranate
126	46	25	24.83707021	78.94833667	7.40545511	80.92941328	cotton
106	95	55	26.46835821	79.55041587	6.490074429	105.7372123	banana
116	52	19	22.94276687	75.37170612	6.114525877	67.08022574	cotton
95	38	22	19.84939404	61.24500053	5.730617109	100.7689246	maize
27	60	21	26.41463409	49.78416275	6.306115656	48.02539167	mothbeans
112	87	48	27.19711623	77.3970629	6.200111068	99.46950465	banana
16	18	44	22.72508605	88.8833688	5.92161044	106.6156543	pomegranate
101	10	52	28.88184367	91.79890367	6.523795357	24.1477211	muskmelon
20	8	12	25.2990432	94.96419851	7.260416405	117.9733424	orange
31	27	28	35.99009679	49.26078217	5.711226006	95.15263964	mango
49	63	45	31.91984801	92.40684227	6.792320797	103.8534586	papaya
110	75	45	27.69381437	79.09611502	5.805180367	92.26735874	banana
97	43	41	22.92514312	80.54705106	6.795233809	239.0176717	rice
10	30	31	30.47765078	49.97330836	4.79270191	93.79724107	mango
9	20	33	27.14886121	95.11381529	5.50158009	133.945793	coconut
26	11	12	24.26624622	93.4958667	6.779162761	108.1930013	orange
115	87	49	26.89076997	84.15012923	6.10498798	98.48968354	banana
56	58	49	37.13165026	94.60761797	6.69215564	172.4788062	papaya
28	132	199	21.54759682	92.79344827	5.640558383	117.8408789	apple
40	80	20	22.22931015	24.32322191	5.545711452	81.91583669	kidneybeans
96	81	48	27.73135596	80.03190924	6.143281101	94.51760425	banana
26	55	80	19.189048	17.01638349	6.670305447	80.00085534	chickpea
84	52	45	23.09433785	76.24296591	6.737269928	156.9080431	jute
35	55	22	30.88883074	52.62696801	8.634929739	55.51932414	mothbeans
70	43	43	25.40021326	78.53998296	6.645250745	164.0445619	jute
91	49	19	22.96713834	68.14008835	5.928915455	98.24935706	maize
84	46	40	24.26547394	79.71296331	6.784335645	150.2355238	jute
17	5	12	34.90665289	92.83699712	6.509540144	108.7563375	orange
22	11	31	25.34886688	92.33403546	6.12403186	168.2390925	coconut
52	73	79	17.25769499	18.74943955	7.840339389	94.00287214	chickpea
40	11	13	29.02977127	90.00621688	6.384228292	111.9378359	orange
20	40	30	27.42588513	50.47848537	6.643574733	92.49587641	mango
57	69	48	41.96010405	90.90321141	6.806279651	136.5819762	papaya
23	68	24	24.96692332	36.45176603	5.213126373	138.4626603	pigeonpeas
27	5	39	21.28514246	91.05354217	5.883606258	105.0911623	pomegranate
111	34	25	25.80562367	55.07388147	6.723417344	136.4871549	coffee
40	59	20	19.72432357	24.53005691	5.807480399	113.1891469	kidneybeans
26	129	198	22.41508189	91.71593904	5.891519208	116.0618152	apple
6	144	198	21.11478672	90.31528693	5.559363609	104.5086618	apple
3	14	28	26.74056186	90.77634699	5.602537423	178.0180718	coconut
9	16	39	18.41164435	91.11927248	6.101198974	105.1834976	pomegranate
10	19	30	28.76066216	94.87557679	5.908651207	220.1870409	coconut
19	121	205	26.38759988	82.27269561	5.749906197	70.95641292	grapes
12	50	22	30.99439875	62.35691256	7.107469665	66.77140834	mothbeans
9	35	20	27.41503453	80.98004661	6.91380932	40.53173216	mungbean
24	63	25	20.28561703	21.31859804	5.851971789	60.27552528	kidneybeans
49	59	17	29.41342792	62.34554861	6.967273439	69.57615813	blackgram
27	64	16	28.9918011	65.4083713	7.257526901	70.95076569	blackgram
24	130	197	34.14002078	82.31165521	5.726386147	69.12085188	grapes
81	39	38	23.7839031	81.57289553	6.864527858	285.2499376	rice
17	20	39	23.48545627	92.7399844	5.629148747	107.4564047	pomegranate
118	81	53	25.58272182	82.79475307	6.055094268	102.5469279	banana
25	128	196	28.78354738	82.32358334	5.859976901	67.50583232	grapes
76	42	41	25.02568168	82.71793652	5.803250315	251.2529241	rice
40	71	20	19.77260783	22.69257997	5.502999119	97.50376909	kidneybeans
19	39	17	29.2808618	81.8009244	6.890156495	44.47427436	mungbean
24	42	23	28.22471276	82.35916228	6.428054409	44.01206619	mungbean
25	137	201	24.1638957	82.94091909	5.969096817	70.30241859	grapes
88	45	42	26.70241745	83.65833488	6.630453739	178.2662486	jute
37	70	78	19.53544446	16.48312878	6.588634707	78.72280079	chickpea
112	84	51	27.7657892	81.42280085	5.737148899	110.8895824	banana
9	68	24	29.61027367	37.17429567	5.62798029	145.3908677	pigeonpeas
37	5	34	25.79490531	93.84150618	5.779032666	152.4238712	coconut
35	57	83	19.48316794	17.44534641	7.476800943	80.4986291	chickpea
59	69	80	19.07937684	17.86754927	8.165359297	69.40619137	chickpea
82	47	35	25.31700863	81.20159035	7.488014404	168.4392728	jute
32	52	15	28.04141634	84.47229484	6.218923893	46.66808102	mungbean
81	46	15	22.50562215	64.81520156	6.250576833	94.13197128	maize
6	69	20	19.19380152	20.36354229	5.700488851	116.2841779	kidneybeans
105	15	33	24.79038161	60.45311453	7.4324586	199.4735636	coffee
31	63	16	30.73000829	63.04460192	7.543410767	64.83974465	blackgram
86	55	45	26.92995077	82.4112612	6.15525667	219.4771008	rice
25	22	40	18.39644525	86.90370665	6.970227141	108.9101925	pomegranate
110	16	47	27.60304126	93.36513139	6.517729041	20.34696402	muskmelon
40	48	24	28.41332703	54.31150854	7.320861731	62.18703393	mothbeans
8	39	19	27.62426379	82.60502945	6.835635248	59.35215121	mungbean
13	24	26	31.2909145	50.67762989	6.967417766	96.02527781	mango
66	49	40	23.09433785	77.32363389	6.93448826	179.3039724	jute
9	124	201	23.98104986	90.78491813	5.514253142	120.5676713	apple
26	63	17	27.66261604	63.04936813	7.061274779	74.91559514	blackgram
20	72	15	36.00415838	56.01334416	7.313517308	134.8596466	pigeonpeas
83	35	35	20.39681604	82.82884247	5.159053695	217.8262236	rice
93	21	53	27.71347067	91.32272011	6.002927293	24.34653855	muskmelon
94	53	40	20.27774362	82.89408619	5.718627178	241.9741949	rice
107	89	47	29.26468842	80.21435625	5.940931525	90.10978128	banana
63	49	40	23.77265659	83.99840942	6.764232475	158.205874	jute
106	43	17	23.73723372	82.4867432	7.903813879	81.79839228	cotton
21	61	19	24.7924959	65.07395817	7.105070839	46.68340453	lentil
99	46	38	26.92995077	81.97633413	5.443014621	182.5616319	rice
12	31	30	30.92505518	49.85266785	4.915989315	94.47523072	mango
89	38	39	25.97299742	73.99557123	7.328097961	188.6296107	jute
82	47	39	23.17927457	80.83644984	6.403933875	230.1811404	rice
29	132	204	23.08950736	90.22507299	6.0967531	108.2166601	apple
16	133	198	26.90941997	81.33491311	6.049917457	72.29101308	grapes
32	75	19	32.2264647	54.09046707	5.387760403	115.237584	pigeonpeas
20	71	20	26.19520632	63.39488032	6.910927595	40.94592118	lentil
5	11	29	27.94033544	92.34530107	6.301920027	175.3695307	coconut
65	44	39	23.33839715	81.04627658	6.843101093	160.72365	jute
23	134	205	27.71518574	82.09213358	6.15748261	65.01095312	grapes
33	67	18	36.97794384	54.80707366	5.914388497	146.3034475	pigeonpeas
79	47	35	24.82509257	79.23311034	7.217068285	181.3595662	jute
14	25	33	30.12592978	53.11876174	6.486419675	93.28336361	mango
112	5	55	25.35427635	89.98405233	6.089361484	47.32721044	watermelon
58	61	15	30.94908189	64.23364112	7.402891666	62.78730907	blackgram
39	64	52	28.91842453	94.63676767	6.678695788	63.68794608	papaya
113	81	52	26.51239995	78.42537237	6.294737819	115.8573132	banana
17	62	15	24.49292113	67.49154285	7.395251894	44.41491446	lentil
90	35	41	26.92995077	80.78084445	6.68301531	251.9628505	rice
27	52	19	27.95714601	89.69914117	7.199495368	57.15471206	mungbean
114	50	18	24.18795393	80.3742292	7.021176883	99.93100821	cotton
36	59	46	34.28879307	93.61082872	6.721130543	127.2509777	papaya
28	35	22	29.53037621	86.73346018	7.156563094	59.87232071	mungbean
14	51	24	27.75439891	83.95435236	6.584920972	41.28490192	mungbean
50	75	20	32.55180757	69.96100028	7.432866783	64.49000422	blackgram
120	27	53	29.94349168	91.07372452	6.310245407	20.21126747	muskmelon
114	25	45	27.87004908	90.69624107	6.025687209	23.49476818	muskmelon
31	137	200	22.61727346	92.76032716	5.861252807	100.1173443	apple
8	64	16	22.76683953	20.37039329	5.99812453	86.03964962	kidneybeans
60	55	45	21.40865769	83.3293191	5.935745417	287.5766935	rice
6	23	30	29.73543874	47.39531297	6.027473779	89.90933346	mango
40	71	78	19.88834539	14.25803981	8.203933906	81.03122527	chickpea
13	121	196	22.20700989	93.50574163	6.443382913	120.1593771	apple
18	68	20	21.46715416	23.85005545	5.502999119	149.7441028	kidneybeans
37	137	199	22.63946441	90.18451645	5.697945522	108.3405879	apple
85	49	43	26.98582182	84.2678691	7.487777275	178.0319501	jute
29	49	20	26.71480824	52.3892928	6.066861641	56.03457497	mothbeans
111	81	54	27.41313485	77.78240735	5.794794975	119.84797	banana
80	43	43	23.78756036	74.36794079	6.014572075	172.6442654	jute
0	39	31	34.77307512	50.20563163	5.558067226	100.8124659	mango
25	25	42	22.01873241	89.24154182	5.878086175	106.8401487	pomegranate
96	5	48	25.819056	87.37713346	6.776409832	43.62990419	watermelon
3	56	17	28.19912143	53.50567601	8.709291688	52.13580529	mothbeans
114	47	21	23.96888128	81.70249364	7.633900642	99.93100821	cotton
26	74	83	18.66736146	16.3573456	7.184412663	76.67257992	chickpea
33	47	17	24.86803974	48.27531965	8.621514073	63.9187654	mothbeans
89	87	52	27.0773186	83.73486772	5.904184505	116.3654265	banana
94	21	53	26.44668743	84.70780054	6.689557138	55.61094736	watermelon
31	126	195	32.12804947	80.10141509	6.261478875	70.3575888	grapes
94	84	49	29.53940458	80.45227632	5.85809486	97.1408089	banana
8	22	10	21.57070403	91.83213315	6.010391864	116.9566612	orange
84	35	45	24.88543763	80.42245693	6.231872782	184.7478987	jute
27	26	39	24.96273236	90.41092718	6.345558289	109.2669553	pomegranate
29	141	198	21.86452056	94.92048112	6.499226821	111.1093332	apple
111	53	19	23.96436009	78.02763149	6.419536555	84.63148859	cotton
109	17	45	28.81181764	94.64794718	6.327652846	24.63306114	muskmelon
49	54	50	25.62446619	93.18240298	6.762522087	97.26336657	papaya
35	73	19	20.46919663	22.20473186	5.951149643	69.99220595	kidneybeans
16	30	8	34.90665289	90.94335609	7.231590125	111.4948472	orange
71	47	35	26.69032047	82.90039081	7.178470338	212.7566494	rice
20	43	24	25.71904234	51.02370929	8.046337218	60.17671645	mothbeans
41	73	24	34.44387239	61.94484067	6.61824597	62.63775642	blackgram
39	6	43	20.56399508	91.69064287	6.377055165	111.6497042	pomegranate
24	10	9	17.0000884	90.00621688	6.721604277	107.9383955	orange
82	44	36	23.09433785	72.35413188	6.641519629	164.2605041	jute
29	12	10	17.43924705	94.4302397	7.449347741	111.1599861	orange
80	46	41	25.57889836	85.89020221	6.961208954	184.1506588	jute
7	72	25	21.99137937	67.7054063	7.084263384	47.83161979	lentil
9	21	32	32.26935342	53.56092806	5.870116071	95.94035356	mango
116	24	45	25.31524574	85.03706878	6.440214032	51.47661219	watermelon
16	17	10	18.95142472	93.72818001	7.008120917	104.7850203	orange
60	49	42	26.52459441	78.6243155	6.886533069	167.8715526	jute
49	60	47	25.88735419	92.30916866	6.729639424	217.5695156	papaya
130	56	24	22.90302729	80.24549409	6.493631971	89.72517482	cotton
21	63	17	25.08966129	68.17543102	6.559681838	41.45486619	lentil
68	51	41	20.46184915	82.00395957	7.145404295	264.9714353	rice
90	47	39	23.65359824	76.29742929	7.488014404	160.5296624	jute
71	50	22	22.19812252	59.82448294	5.513697923	79.73085524	maize
49	78	15	29.59125394	64.84304245	7.463232126	70.08387083	blackgram
99	40	33	25.75809959	56.88415253	6.982027815	199.4735636	coffee
34	54	24	31.2119298	41.55934359	5.026003659	68.80141783	mothbeans
36	67	77	18.36952567	19.56381041	7.152811172	79.26357665	chickpea
105	10	48	26.26028691	88.63424188	6.892003473	51.4953749	watermelon
67	43	38	25.21622704	70.88259632	7.299304715	195.8645552	jute
31	25	38	24.96273236	92.40501423	6.497366677	109.4169192	pomegranate
6	48	24	28.6362812	84.61431076	6.790736339	48.48319335	mungbean
11	125	195	22.20912149	90.02575116	6.163510211	111.4392938	apple
46	56	50	34.99171087	91.77698662	6.685697619	124.3028947	papaya
136	36	24	22.74446976	80.41198458	7.59781958	90.07326633	cotton
67	51	24	23.50297882	61.32026065	5.584171461	64.77791424	maize
37	52	17	27.97113651	83.05863035	6.64230345	54.19236879	mungbean
18	49	22	29.28383179	89.99615558	6.871600803	39.46606145	mungbean
110	25	54	28.91105641	90.78413842	6.425930938	23.44398467	muskmelon
0	24	33	27.00315545	51.42883927	6.095128504	98.62109347	mango
108	42	22	22.42956894	79.61919384	5.801047545	78.26744778	cotton
99	7	54	25.1647341	86.33307887	6.540895267	48.65503664	watermelon
99	22	51	25.69475671	85.69336294	6.100090634	49.26995043	watermelon
5	45	22	25.6407107	62.87694689	9.93509073	30.92014047	mothbeans
96	14	55	26.618171	85.7801307	6.277293831	50.57424712	watermelon
15	13	15	34.90665289	92.60586167	7.019981012	110.8800677	orange
44	67	79	20.99502153	15.83571982	7.845175165	79.02979754	chickpea
101	28	25	24.45327576	58.50059156	6.609537329	192.1143486	coffee
13	18	7	14.30637128	93.52751958	6.395469759	118.2090097	orange
74	48	35	24.44911407	74.16289009	7.294353212	183.7737237	jute
16	124	200	25.87215324	82.60683322	6.196997649	67.84368872	grapes
35	77	83	18.00696311	17.72210795	7.165747628	80.45460616	chickpea
91	86	51	28.35077693	75.93164909	6.359511287	93.98155895	banana
88	52	39	23.92887902	88.07112278	6.880204617	154.6608736	jute
40	63	45	34.21780786	91.10879834	6.993473247	167.0169671	papaya
106	14	45	27.6211159	93.57327474	6.002927293	26.40965673	muskmelon
4	53	16	27.01470397	85.76958998	6.864820952	47.49314226	mungbean
27	138	198	23.40652313	91.21917379	5.605200626	103.9068116	apple
98	26	49	27.29035669	90.53330091	6.130160473	23.49535234	muskmelon
10	40	29	30.29054308	48.6700672	4.507523551	97.49789045	mango
60	60	22	23.90288311	63.66263009	6.105919526	90.79353683	maize
133	47	24	24.40228894	79.19732001	7.231324765	90.8022356	cotton
96	13	50	29.33325773	91.2489957	6.20611481	24.25717364	muskmelon
12	64	17	31.86792894	47.96157881	7.443282982	198.8298806	pigeonpeas
90	53	19	23.73106242	65.47636215	6.612851532	94.64591129	maize
120	93	54	28.79483937	84.97849241	5.824143425	100.6764827	banana
24	27	30	26.38059421	95.41297361	6.368084429	187.2709603	coconut
90	39	37	24.81441246	81.68688879	6.86106911	190.7886386	jute
111	15	49	27.44161518	94.09947454	6.63070371	22.7903492	muskmelon
87	57	45	24.66759696	72.05180663	7.165869599	159.870322	jute
21	74	15	28.44181812	63.84341805	6.681715662	46.44695879	lentil
17	71	25	21.88223301	19.72805068	5.931003426	145.4128142	kidneybeans
98	26	50	28.53986395	92.7529741	6.256792602	29.14129319	muskmelon
117	26	30	27.92374437	67.96910852	7.079850922	115.2325531	coffee
125	50	21	23.19142017	81.21214568	6.957381262	69.66793709	cotton
105	46	15	25.03336069	77.18443249	7.877130262	74.62046535	cotton
1	126	205	23.51988049	90.72413928	5.760320528	108.7377921	apple
89	53	44	24.88692811	71.91711523	7.319735475	150.2498675	jute
104	17	27	26.45028356	64.55820598	6.648605824	177.9660235	coffee
39	140	203	21.11903604	80.63399198	6.349875906	69.27779761	grapes
96	49	42	23.54025571	82.03678721	6.732187376	199.8362913	jute
117	86	48	28.6956201	82.54195839	6.225225239	116.1616839	banana
13	138	198	22.43052103	90.94106389	5.857672352	122.3831438	apple
88	44	16	21.20125654	67.41583289	6.315857606	73.58712216	maize
15	12	30	25.81843575	93.03056205	5.884508954	210.8641878	coconut
1	15	9	29.98364695	94.55239717	7.53350946	115.3560318	orange
75	49	43	25.6096977	70.88259632	6.679314325	166.7474558	jute
14	29	32	35.63627319	48.97047762	6.942520105	97.51952041	mango
23	27	42	24.15820247	89.11200283	6.040518903	109.4137134	pomegranate
43	77	21	30.83904508	69.96100028	7.52756532	69.85998167	blackgram
12	13	31	25.00872392	96.29172435	6.256474824	147.6082778	coconut
28	70	21	25.39038396	60.4989659	7.437373666	39.18374505	lentil
48	68	18	29.65986848	65.9180388	6.814455164	72.07293986	blackgram
41	67	21	32.37729097	67.63737617	6.81516098	63.70513703	blackgram
36	44	21	25.12528913	51.33189406	4.516154055	38.48678973	mothbeans
101	40	27	24.04640938	63.50318236	7.135354042	182.1990667	coffee
99	85	51	27.59761448	79.80205397	6.152552277	113.8576907	banana
69	35	43	25.76036252	79.33492128	6.645483232	153.0466814	jute
37	69	77	17.67616127	18.32288509	6.520917765	70.45843053	chickpea
12	22	9	15.12335041	92.36783672	7.173346333	119.3125201	orange
97	34	30	25.75619005	69.02632029	7.049244629	132.7763075	coffee
11	67	20	30.03859443	44.27887345	5.805482729	100.9408274	pigeonpeas
117	89	50	26.7637043	80.16553144	5.975581832	112.7924046	banana
0	23	34	33.91766667	53.25122417	5.536755726	97.05011605	mango
42	54	51	39.22109844	94.12625474	6.852875697	180.6752829	papaya
36	75	19	20.90240816	22.6011519	5.565788257	78.61532483	kidneybeans
106	28	32	26.03645071	59.31138793	6.36164707	143.1160185	coffee
67	58	42	22.20736252	82.6300471	5.317516091	200.8193131	rice
16	35	21	29.56316424	87.19880461	6.631747185	56.46085679	mungbean
99	92	47	28.1279509	77.48247073	6.323933647	103.5045395	banana
20	5	42	22.98872604	91.22175124	6.179027526	107.9273203	pomegranate
38	53	19	29.65217169	84.75217461	7.199495368	46.99719275	mungbean
80	45	42	23.1426498	74.99739774	7.380396262	151.9035477	jute
118	57	20	23.96576402	75.00539324	6.57868823	87.5343182	cotton
104	10	47	25.38034913	81.19939398	6.956508826	56.59316675	watermelon
38	12	31	25.00872392	92.56281143	6.071830002	161.4703158	coconut
16	135	205	37.46844927	81.41033558	5.645821271	70.87830567	grapes
36	65	80	18.2872007	16.67921616	6.051091339	74.87445574	chickpea
106	85	53	27.1994597	78.8086068	5.91505509	99.72430835	banana
108	36	19	22.78249615	77.51235009	7.238566893	64.61444234	cotton
48	55	20	28.97494899	62.208182	7.527727201	72.44285858	blackgram
109	23	25	25.11711046	68.48030408	7.00733163	194.8773479	coffee
20	45	17	28.17458662	83.69659318	6.770955317	37.2464655	mungbean
38	15	30	28.91862016	48.13974548	5.075504537	97.01331604	mango
10	138	204	10.44787117	82.65256486	5.896565358	67.21034078	grapes
53	51	55	33.49845173	92.26047598	6.604514049	162.3814512	papaya
33	77	23	30.0025346	60.94503629	6.912563457	68.89245165	blackgram
95	12	54	25.39146418	86.95261578	6.956508826	46.52073957	watermelon
35	68	45	42.93605359	90.09448142	6.612429546	234.8466111	papaya
22	26	7	22.40248356	93.25259764	7.576117788	119.6946577	orange
70	60	17	24.39027513	65.05015127	6.178653353	84.69191932	maize
100	5	54	25.60794695	87.16978069	6.755500005	59.75980023	watermelon
98	18	47	25.18671294	86.26624591	6.682688636	50.18853851	watermelon
27	71	18	20.14938255	21.08295498	5.828969786	68.98438048	kidneybeans
119	72	55	25.99069521	83.33983116	6.220643671	112.0777152	banana
31	48	55	43.67549305	93.15982265	6.755129772	106.5274884	papaya
6	135	204	22.57900182	92.32842734	5.514253142	104.3854738	apple
84	55	21	23.20728821	60.62935847	5.872089041	109.7515385	maize
64	49	20	20.20014389	59.10454071	6.975964806	60.65171481	maize
87	54	45	25.77906604	81.1846153	6.284571557	182.5616319	rice
23	75	21	29.80948233	68.27618661	7.023030999	73.43431973	blackgram
82	24	26	24.31274458	53.57285558	6.089443603	184.4103931	coffee
94	72	48	26.9172506	84.97849241	6.095378325	106.5511647	banana
8	69	20	32.40724258	52.28774356	5.228407664	161.5775907	pigeonpeas
102	24	54	27.72338349	90.93897939	6.698468621	22.81863447	muskmelon
70	49	55	32.63261115	93.26227203	6.671845582	173.9470806	papaya
89	51	45	20.50621074	82.50589087	5.579401412	287.7733941	rice
97	22	54	27.38499145	94.58207509	6.429092827	25.34772486	muskmelon
23	21	34	28.16866234	95.73889933	6.039692337	189.3654631	coconut
94	19	29	26.54430337	64.89310246	7.300642815	163.0173722	coffee
5	62	23	27.9348279	66.45457122	4.722222454	145.3728801	pigeonpeas
46	64	51	37.74833712	91.41828489	6.747373296	53.46620083	papaya
33	18	45	24.96273236	87.75388058	6.189914647	105.9803134	pomegranate
13	5	12	25.32278513	92.21475667	7.92752798	110.3037992	orange
4	68	20	23.32051432	21.26031682	5.755433214	123.0170182	kidneybeans
34	135	199	20.50962122	81.08950536	6.005566329	67.18556968	grapes
20	140	195	23.69001505	91.77384472	5.721005301	117.8408089	apple
24	13	41	18.72543508	94.99897537	6.801412012	102.5184759	pomegranate
101	54	23	23.15957666	76.39996253	7.574961558	65.37245304	cotton
22	135	195	13.78061531	80.46527225	5.651769518	68.87776044	grapes
10	22	37	21.55330975	85.12912161	7.199504273	107.8246507	pomegranate
10	19	42	20.23494724	87.73658769	6.711104865	108.8439007	pomegranate
77	54	41	22.43747334	81.48622649	7.060723611	242.2062028	rice
67	59	41	21.94766735	80.97384195	6.012632591	213.3560921	rice
77	48	36	25.86705009	84.09985284	7.36008498	154.8390847	jute
14	22	9	17.24944623	91.13772765	6.543191814	112.5090516	orange
20	17	14	13.11919292	90.94749214	6.929234652	108.6668721	orange
32	131	204	23.35322554	91.41457169	5.96501197	112.78702	apple
92	7	45	26.70607759	81.14149505	6.944640222	51.51033554	watermelon
31	48	45	40.78881819	92.90951393	6.563134737	132.7923586	papaya
18	61	15	22.80353686	18.09224048	5.967313145	132.9878461	kidneybeans
25	145	197	22.68446824	92.6155456	6.193281038	116.5295366	apple
16	68	18	26.2788334	52.80375041	6.207169348	131.1156041	pigeonpeas
20	70	22	31.12463043	61.20427439	4.548202098	144.8797172	pigeonpeas
13	141	202	22.51801561	94.37623578	5.560155242	112.0945165	apple
100	74	53	28.65009069	82.29081288	5.679042813	102.5200403	banana
40	47	22	30.93761136	54.39346688	8.155631684	45.88299582	mothbeans
15	71	16	19.59804911	20.55032384	5.848378657	99.55061666	kidneybeans
28	40	31	29.42426862	52.98852229	5.560494979	100.8124659	mango
82	46	43	26.03708724	82.39489574	6.897299371	194.4333957	jute
47	60	49	33.11160793	91.64885961	6.649431042	94.83185654	papaya
7	5	8	20.33218115	94.04848186	7.616377184	107.7496905	orange
27	40	24	27.84026517	89.99615558	7.063022095	52.84626009	mungbean
95	89	54	26.49018061	78.71983603	6.124310652	90.10978128	banana
95	14	52	25.36042685	87.34770739	6.60265513	47.85197505	watermelon
100	35	31	24.31982934	68.24473271	7.369045774	115.1564012	coffee
27	132	200	22.14831169	81.63359843	5.759059083	65.01095312	grapes
3	11	8	20.51242537	92.95653908	7.995848977	106.4758606	orange
91	25	48	26.39957004	86.39567322	6.47158191	54.39924387	watermelon
80	48	37	26.98582182	77.69707055	6.306487172	167.4750721	jute
38	44	21	28.35177113	81.70449478	6.935104033	59.87232071	mungbean
20	7	28	27.70355698	92.74398471	6.380299374	199.7539815	coconut
50	66	22	28.02924581	60.69936204	7.489314193	66.23066007	blackgram
4	40	28	33.98621883	48.17489657	5.954958452	96.54419787	mango
94	26	27	26.36629861	52.25738495	7.456460375	177.3176161	coffee
32	56	21	27.38538997	88.66663953	6.702772465	58.29933073	mungbean
77	50	39	23.64325225	83.79233971	6.640121671	280.4151566	rice
40	141	202	32.11197159	81.97161437	6.314800241	69.90450576	grapes
28	23	35	19.67792413	92.82537423	6.209736577	106.1777682	pomegranate
40	57	18	29.02590721	87.51484917	6.6406466	59.87232071	mungbean
19	21	41	19.50597332	92.00891131	6.898022149	104.8805776	pomegranate
22	59	23	26.07207914	60.08294642	7.328056124	41.51201126	mothbeans
10	69	21	22.20583704	67.47291438	7.076054123	45.91946682	lentil
84	30	48	25.71492044	83.02363121	6.181426157	41.01736619	watermelon
22	49	22	28.23494706	61.5620517	3.71105919	72.66666443	mothbeans
10	135	200	21.97432235	93.16635339	5.698967523	124.9831618	apple
17	69	20	24.49936917	42.98644881	4.930819371	188.7017198	pigeonpeas
82	50	35	25.41715477	82.60580225	6.715375994	199.8362913	jute
40	68	17	34.1262979	65.14877461	7.733149554	70.40795007	blackgram
70	53	51	40.15976292	91.79011069	6.960661721	102.709659	papaya
13	80	23	22.16219384	61.65036488	7.70873791	39.42751	lentil
25	18	40	21.67052272	89.75343804	5.936853582	104.3284308	pomegranate
3	5	11	27.01949268	92.70044927	6.609862149	112.8759587	orange
27	63	23	20.58870003	20.40585484	5.714780425	60.27552528	kidneybeans
99	15	27	27.41711238	56.63636248	6.086922359	127.92461	coffee
22	143	195	21.96721848	93.53130836	5.565981356	112.8457334	apple
101	22	30	23.22914734	63.24086329	6.555602782	132.9940991	coffee
28	50	18	27.95343077	52.65803712	8.902889583	48.25431218	mothbeans
7	142	202	23.35937574	91.46160174	6.055994799	124.9831618	apple
8	29	25	35.99009679	50.10462418	5.836931008	96.65791585	mango
11	6	25	28.69164799	96.65248672	6.081568052	178.9635457	coconut
104	15	29	25.7509445	69.02879388	7.333746912	133.5960722	coffee
99	38	42	24.20914862	83.21512827	6.541483093	224.8919227	rice
12	128	201	22.53700369	91.94023325	6.314402769	110.5725613	apple
0	57	21	24.42431548	48.37499385	5.36497584	195.1400063	pigeonpeas
4	134	200	28.57828803	80.95628959	5.840256272	73.34232097	grapes
26	139	197	41.94865736	82.31876268	6.426050833	71.60579879	grapes
110	75	52	29.52426082	78.49397123	5.94285753	117.9779567	banana
46	73	21	26.92374884	63.03904122	7.334769273	70.52528983	blackgram
118	48	20	22.00085141	84.87668973	6.934765937	78.74800972	cotton
0	12	15	21.31892201	90.96875362	7.038784392	107.7312602	orange
89	19	32	24.79784256	62.87853669	7.38709439	143.5161167	coffee
22	68	18	24.413805	61.55738698	7.488417068	45.0783916	lentil
53	55	22	25.4508116	66.46282347	6.743382124	70.48629019	blackgram
11	52	21	25.49967503	59.97339713	7.46909494	51.05515262	mothbeans
34	66	17	18.81097271	21.27833035	5.889614577	125.084915	kidneybeans
100	39	30	24.50843682	62.24848346	7.493191968	141.4197919	coffee
74	58	18	20.03728219	56.35606753	6.727303282	109.024141	maize
37	23	12	31.52675982	90.50621806	6.395258356	113.1169398	orange
19	27	27	29.17387569	96.25907587	5.765586937	155.1827791	coconut
105	20	50	26.25209876	87.43558062	6.40093029	59.75980023	watermelon
23	135	201	23.95343396	90.87236819	5.845634247	103.3266139	apple
118	16	45	24.99111582	82.6028794	6.695963339	46.91022037	watermelon
23	63	17	21.30147288	22.75547922	5.502999119	113.2370434	kidneybeans
51	76	79	18.77329944	14.25803981	7.231789925	86.15586237	chickpea
0	47	24	27.87337926	84.2823694	6.362182793	44.45552047	mungbean
23	20	43	24.01128588	87.49025583	5.843558237	105.6728436	pomegranate
100	42	15	25.69497922	78.86084664	6.972497173	81.75138416	cotton
27	22	32	28.31245933	95.34201924	6.24504355	194.5681988	coconut
13	65	22	28.17037911	34.1252137	7.175471573	164.0103504	pigeonpeas
30	5	35	28.71916064	96.23161011	5.784598331	193.4546548	coconut
111	30	46	28.920588	91.60392969	6.307717617	25.42846793	muskmelon
77	36	37	26.88444878	81.46033732	6.136131869	194.5766559	rice
37	33	29	34.18243921	51.30603253	6.772877376	99.44063029	mango
83	41	39	26.92995077	82.62450569	5.807037737	248.484886	rice
59	53	50	34.49325425	90.66330277	6.552373305	40.35153141	papaya
94	30	30	26.38199401	62.34076238	6.526418334	199.4735636	coffee
55	62	50	35.4630842	91.51522765	6.704697091	127.4349668	papaya
40	120	195	8.825674745	81.9318228	6.305184009	66.67012218	grapes
17	5	10	20.9234791	94.56662802	6.825466034	115.2731269	orange
76	53	35	22.98341765	80.37448514	7.246789167	257.8274276	rice
85	15	47	29.94349168	91.16810148	6.427226816	26.49338015	muskmelon
34	61	16	26.54775888	54.33877787	5.937541591	91.00614862	pigeonpeas
12	12	9	24.49450937	93.46300189	7.536006286	116.7087338	orange
26	130	198	21.45050917	82.21294976	6.278269024	70.8061496	grapes
86	41	39	25.57229223	73.44009757	6.395310578	181.4266889	jute
39	57	22	21.54740311	24.96969858	5.900643653	137.87136	kidneybeans
4	20	30	26.64600572	93.12186474	6.191366135	131.0900076	coconut
20	20	39	23.16237795	93.76270433	5.917202359	103.5472831	pomegranate
10	136	197	23.84194597	91.56933099	5.701648882	113.4701212	apple
27	72	23	19.92889503	21.79992115	5.961934481	64.02640797	kidneybeans
43	58	75	20.99502153	16.47443614	7.225111393	79.95763873	chickpea
85	38	41	21.58711777	82.7883708	6.249050656	276.6552459	rice
25	69	21	24.09526719	47.66986792	6.21944621	124.2692864	pigeonpeas
92	60	19	23.81797786	66.78882778	5.53886945	60.65171481	maize
6	30	45	20.49666206	88.38493332	6.411358336	107.9924753	pomegranate
26	59	22	21.6954676	20.31071693	5.896676269	117.2496157	kidneybeans
19	141	204	40.72021272	82.47472311	5.813845429	71.6565905	grapes
0	60	20	28.53675628	89.99615558	6.889554321	40.74653545	mungbean
18	36	23	24.01825377	53.76623369	7.214078621	35.03404425	mothbeans
71	53	41	23.09433785	85.68260744	7.38335163	165.9665643	jute
10	138	201	23.49049828	93.84987117	5.945453306	112.0919116	apple
40	69	19	20.99437948	65.2475623	6.156519551	54.9393771	lentil
80	22	49	28.71780678	90.42068256	6.559075636	24.83612032	muskmelon
16	14	41	22.23003422	87.27966735	5.791167526	107.6400185	pomegranate
99	53	37	23.88064362	81.81085748	6.199208181	212.897674	rice
13	6	39	18.69870126	90.71099497	6.337408998	107.8949888	pomegranate
30	42	22	27.3886129	80.03499648	7.098201902	37.68408161	mungbean
119	23	27	26.24025195	58.43963108	6.805023415	147.2955107	coffee
21	44	21	27.92116317	50.15730155	8.183191721	61.08179189	mothbeans
18	136	199	23.64013049	90.99682032	6.310023279	120.314363	apple
86	36	24	26.54986394	72.89187265	5.787268394	73.33636055	maize
110	52	20	23.6923924	84.87668973	6.965542518	75.60163198	cotton
75	51	35	24.90107674	70.88259632	7.228562476	175.5438807	jute
80	34	29	25.38098567	53.41284844	6.377751395	174.7703566	coffee
23	139	202	37.29143416	81.45089705	5.524217012	69.18025336	grapes
102	28	30	27.40637248	54.99342383	6.546948364	186.6102175	coffee
95	85	48	25.6182791	79.08797594	6.490074429	90.10978128	banana
18	66	21	21.04672617	63.56305922	6.436757001	49.03513308	lentil
39	30	39	18.07132963	90.97256853	5.689968356	102.5184759	pomegranate
108	24	46	29.94349168	93.28470169	6.328536179	23.20906463	muskmelon
95	27	47	24.04355803	84.1431364	6.48570475	59.75980023	watermelon
20	27	33	33.42983492	48.4101272	5.40268336	94.45145218	mango
102	13	50	26.72524636	84.40836286	6.459902349	53.74485639	watermelon
40	37	15	29.68438101	89.60765935	7.199495368	36.12042927	mungbean
79	36	38	20.51468907	80.22754607	6.72851825	182.5616319	rice
100	73	46	25.66459711	80.96861623	5.988605769	98.27123311	banana
113	14	52	26.98603693	83.37960461	6.402442401	59.75980023	watermelon
17	43	21	24.92101644	60.30065765	8.555920248	68.73425779	mothbeans
19	72	18	18.84634806	20.41847934	5.502999119	115.5977245	kidneybeans
21	25	35	21.11988991	87.24343111	6.34183102	104.8825191	pomegranate
19	122	202	23.34467359	90.37981478	5.811975094	112.8954016	apple
94	37	41	24.7634518	87.06071115	6.463538707	179.1630865	jute
52	70	16	33.66855394	66.60416867	7.534811833	67.32520551	blackgram
17	80	17	25.82659921	66.50914129	6.547755526	37.95290645	lentil
87	11	48	26.56594697	86.31485906	6.616334601	46.96152779	watermelon
89	15	50	24.32764973	85.6940194	6.853525895	52.80560917	watermelon
38	69	85	18.28638344	16.91797951	6.467511287	81.67327186	chickpea
12	37	17	27.02652509	53.70428223	8.100659348	74.44330654	mothbeans
131	45	22	22.3505851	80.62696323	6.586937983	84.6659741	cotton
34	14	13	17.09549705	91.43615322	6.474726271	101.8626585	orange
49	73	79	18.53398621	16.62053109	8.349166989	73.79598562	chickpea
15	8	9	11.49991078	92.38206727	7.839810845	119.3356818	orange
118	18	52	28.04943594	90.83130708	6.562832807	20.76223014	muskmelon
101	11	51	25.50736962	84.24340241	6.792035575	44.2068997	watermelon
16	23	30	32.60881121	52.69217373	5.713316895	91.09267682	mango
4	68	19	27.97265653	66.22982526	5.920493638	45.24338275	lentil
10	5	5	21.21306973	91.35349216	7.817846496	112.9834361	orange
106	26	32	24.71373826	59.0837288	6.378604873	130.8882575	coffee
19	20	35	30.69441698	48.1267096	5.929146205	93.87258142	mango
25	138	199	22.17436371	91.76300069	5.840515952	100.1173443	apple
109	90	55	29.90888522	83.07057518	6.102019726	93.4627347	banana
0	17	30	35.47478322	47.97230503	6.279133738	97.79072474	mango
42	74	22	28.90721284	68.21631531	7.202623689	66.59802045	blackgram
22	75	17	31.25777235	62.92345623	6.581892094	66.9268732	blackgram
0	140	202	22.15473132	92.82188471	5.938498206	113.1922679	apple
60	66	15	30.51571547	62.09125618	7.583222082	66.95541985	blackgram
33	37	19	27.92678579	86.5543196	7.183189922	43.4826194	mungbean
0	30	34	26.31191165	92.29607373	5.805779069	161.7976386	coconut
111	78	49	27.64630826	82.09671017	6.179339511	110.8460932	banana
108	32	29	25.11842923	50.04557009	6.94579884	132.3682989	coffee
107	70	51	29.19285433	77.99616282	6.212682564	90.10978128	banana
6	133	196	8.825674745	81.33710224	6.112692451	74.91506217	grapes
44	46	51	36.16146638	92.48486193	6.910065201	154.0338594	papaya
115	81	46	28.01700617	77.36983936	6.251040516	101.1908869	banana
40	23	26	29.19986467	90.10135387	6.036543712	185.7560719	coconut
20	48	18	28.8614279	51.30757598	8.821899913	48.81467402	mothbeans
2	30	30	26.00175125	94.79998418	6.331051715	209.540094	coconut
11	14	32	25.06901398	94.85215851	6.00166404	158.2918055	coconut
77	56	40	22.82713301	80.35786639	7.049445669	273.1823229	rice
15	12	42	24.96273236	89.56680878	6.478261426	109.5263879	pomegranate
30	72	78	17.44329984	15.58479145	8.114178978	80.06318941	chickpea
7	77	21	20.74269739	62.16822649	7.831027072	43.97501565	lentil
24	61	17	22.6371424	65.44544859	6.233269045	38.30411077	lentil
9	133	199	23.52832837	92.62753249	5.704378662	115.8360183	apple
106	29	50	27.66829662	94.34435996	6.186106303	21.82012154	muskmelon
40	54	49	43.67549305	92.37206929	6.649297441	248.8592986	papaya
25	128	203	8.825674745	82.10997591	6.264615929	68.50512661	grapes
108	35	22	24.21236601	76.68322884	7.994679507	81.50097293	cotton
48	56	52	30.14412266	91.4973636	6.721063594	209.1595397	papaya
0	133	201	37.4338826	80.88214738	5.712271701	69.11428853	grapes
81	47	17	23.96962487	60.34984563	5.972342713	69.31783164	maize
74	35	43	23.39315152	83.40262458	6.358821712	220.7675067	rice
14	58	15	26.85770647	65.30253415	7.747432173	40.42507141	lentil
83	95	50	26.51682337	77.79913575	5.50947065	108.8547508	banana
21	30	35	28.27558464	48.17578452	6.5592332	96.08732528	mango
131	60	17	25.32023717	81.79475917	7.425041316	83.46532547	cotton
98	55	40	22.89299277	81.93831869	6.21507685	286.9189672	rice
29	145	204	22.76836349	93.0793541	5.776844648	110.1063261	apple
3	51	21	28.64622188	85.07784645	6.536907332	50.65850862	mungbean
29	15	38	23.68698428	85.50550925	6.108877655	109.0410607	pomegranate
83	27	46	27.02415146	90.01506395	6.271158883	22.92551517	muskmelon
16	50	21	26.81310752	59.34466975	7.530753146	47.72797822	mothbeans
31	7	31	26.56615702	91.36308066	5.959955839	136.1429304	coconut
26	80	17	19.58680897	61.64297869	6.698012931	48.97226081	lentil
23	21	38	20.57894915	85.24457473	5.869441943	106.4414905	pomegranate
38	24	44	23.75062717	92.09969617	6.462254571	108.4557277	pomegranate
27	128	205	16.93580009	81.78535377	5.855268955	65.01095312	grapes
89	59	22	26.54986394	67.94189336	6.627848655	75.25504991	maize
16	24	27	27.45895311	91.7383443	5.696555153	200.7454506	coconut
70	46	39	26.24482404	72.01426674	6.852923923	179.3765313	jute
23	37	30	35.99009679	49.52888109	6.967417766	93.82299775	mango
96	5	52	24.61950178	86.68746854	6.234292214	42.31993544	watermelon
100	18	45	27.36003672	90.01506395	6.002927293	22.96807698	muskmelon
69	47	42	24.53529637	74.30451781	6.403708267	187.6105267	jute
54	76	79	18.77063654	15.00263562	6.919300518	87.4229958	chickpea
102	21	51	28.84688297	91.50454699	6.365094669	23.17853276	muskmelon
87	33	30	27.69613624	66.63836206	6.504096529	145.5342897	coffee
38	24	33	28.28905147	97.00396405	5.973853124	142.9403233	coconut
7	76	21	25.79993877	60.09116626	6.478201156	43.78025399	lentil
14	11	11	17.92334945	92.39061471	7.036470899	110.0481141	orange
22	55	24	28.56800579	57.30636014	8.66077954	64.53027638	mothbeans
27	5	28	27.47670177	98.32808106	6.244728452	171.7904398	coconut
0	123	200	21.81141257	94.92048112	6.174075473	102.8242339	apple
29	72	16	26.83441261	64.28605169	7.310106381	64.62099134	blackgram
20	52	19	31.99928579	42.04591947	6.406435137	60.394727	mothbeans
0	144	202	21.34918727	92.87657938	6.259636755	118.7623627	apple
110	22	47	29.03157242	91.82172592	6.243673725	24.93861254	muskmelon
24	138	198	21.07832349	92.2085958	6.139665204	109.548926	apple
15	40	17	29.20672048	49.12883848	7.936634809	41.21480752	mothbeans
72	50	43	24.37313014	79.53503435	6.35182049	167.6465613	jute
34	11	10	31.75048899	94.59551226	7.36220835	115.1989301	orange
98	28	35	24.85719243	66.25334039	7.493191968	149.2392719	coffee
125	43	18	23.70664585	80.51886098	6.504761799	73.2290301	cotton
3	28	43	18.93553389	86.46438845	6.4343304	110.6803621	pomegranate
83	40	43	26.12385194	82.22559691	6.289899827	258.0853383	rice
68	53	36	24.11989759	85.36208934	7.488014404	179.8814066	jute
8	72	17	20.57341244	19.7520218	5.711439256	87.87869161	kidneybeans
69	43	40	21.15569122	81.72738291	7.259183806	235.498649	rice
62	54	48	26.40424009	91.98353045	6.577746549	65.73942919	papaya
34	69	19	28.67540254	69.92375891	6.424978024	54.05405379	lentil
0	46	15	28.62030983	40.00933429	8.951476638	44.18633764	mothbeans
11	64	20	18.57731764	24.70331279	5.543949134	134.1309994	kidneybeans
73	42	17	21.3525689	61.22934542	6.140881353	70.06880293	maize
95	75	50	28.08166093	75.26429821	5.623615687	118.2761894	banana
53	58	15	30.4616183	69.96100028	6.733510952	73.23924906	blackgram
29	51	24	27.55069002	87.99730576	6.607435427	52.21249517	mungbean
32	129	197	32.94711185	80.01639435	5.918079512	68.53128283	grapes
89	84	55	26.24954682	80.32926109	5.988099037	106.398174	banana
16	73	21	24.31326142	39.95506087	4.688601667	162.6210586	pigeonpeas
74	43	23	25.95263264	61.89082199	6.325235159	99.57981207	maize
37	78	79	19.95264829	14.82633099	7.786366322	88.6810311	chickpea
81	21	34	24.15400116	63.08523933	6.020947179	118.2685561	coffee
22	137	197	22.33685731	93.36968351	6.157998565	115.7865166	apple
45	62	51	29.93276645	91.17330279	6.704507839	248.8592986	papaya
40	23	35	30.66149461	50.5252976	5.020205394	94.16107315	mango
16	42	20	24.94570579	54.76657899	9.93509073	38.42933509	mothbeans
27	138	198	35.16073913	82.30755141	6.084039152	69.25290076	grapes
57	58	77	18.72649425	17.58406365	7.978996755	81.20176515	chickpea
97	58	39	24.15766835	79.12046677	6.440159787	194.3204133	jute
8	125	205	24.49910225	81.31601111	6.390734316	72.55519565	grapes
89	15	26	27.00815034	63.18434856	7.122288679	168.4157757	coffee
54	75	76	18.66174949	18.86955298	6.137392018	74.1740681	chickpea
29	36	25	28.28511547	88.4393979	7.130278657	48.56690235	mungbean
28	35	33	32.32823524	49.102979	6.00925486	94.67004549	mango
60	47	39	23.30667282	84.10751171	6.28050627	240.0861018	rice
88	46	19	20.88956558	65.73575963	5.989245426	102.5840872	maize
121	41	24	23.93251576	81.99613639	7.813644416	78.16194643	cotton
46	65	54	30.78776212	93.89788978	6.705192426	71.07764314	papaya
51	46	53	38.86870753	92.05890836	6.560756541	197.1321557	papaya
17	63	18	36.97794384	38.7560075	5.965784792	189.3352534	pigeonpeas
20	67	19	24.41496851	49.44721539	5.454412062	141.5367151	pigeonpeas
60	51	25	26.54986394	63.14156464	6.811873315	60.65171481	maize
31	61	47	30.68369619	94.45931054	6.916020884	80.256825	papaya
81	31	25	27.70299	58.42883317	6.984828246	199.4735636	coffee
108	37	17	23.78670592	79.30016887	7.463078194	75.09425434	cotton
31	127	196	22.28103513	82.53609913	6.28933995	69.79995811	grapes
103	26	25	27.0216841	56.74572359	7.066929109	162.868434	coffee
47	56	51	30.38552694	91.53597198	6.932198289	65.23983219	papaya
136	35	22	22.67049301	75.37133137	7.75095586	82.75890431	cotton
44	60	55	34.2804607	90.55561637	6.825371185	98.54047745	papaya
21	128	201	23.65309485	80.56425719	6.208569586	69.08777143	grapes
34	60	23	24.99253554	51.68201836	5.959251493	55.3828376	mothbeans
46	62	47	34.70878437	91.8604242	6.590364462	230.1474836	papaya
84	44	43	24.70236702	80.12267476	6.822656246	222.3689516	rice
95	30	35	27.39828036	64.50005436	7.215577341	196.1234895	coffee
15	68	21	17.85379368	19.29426707	5.635780333	105.1611208	kidneybeans
115	53	20	24.38645154	82.68255206	6.895061734	94.86465587	cotton
10	18	35	27.79797651	99.64573002	6.381975465	181.6942283	coconut
30	64	20	33.8642935	61.57072498	6.573531614	68.02199825	blackgram
107	35	25	25.19735601	79.19878436	6.522461307	79.91642915	cotton
59	78	17	31.06153381	62.38225199	7.470291786	69.3106955	blackgram
25	80	17	28.4931355	64.08798534	7.118854694	61.33483411	blackgram
79	42	37	24.87300744	82.84022551	6.587918708	295.6094492	rice
99	5	48	26.51725877	83.72780086	6.759055503	47.2953989	watermelon
60	79	23	32.3768581	63.64716883	7.218086071	67.41501601	blackgram
37	40	33	35.35879803	45.23919321	6.54848803	91.43940534	mango
12	37	30	31.09779147	47.41196659	4.546466109	90.28624348	mango
36	128	204	25.23542319	80.68700527	5.695792761	67.03840888	grapes
62	62	45	42.46375561	91.06372986	6.501521192	180.2339677	papaya
82	41	40	26.6826377	83.71320919	5.800224218	190.5429043	rice
93	94	50	25.01018457	79.54263683	6.205895428	93.20679105	banana
9	27	27	30.9232529	51.78968871	5.386856025	89.69052659	mango
11	48	18	31.99928579	50.02131889	5.845123396	60.7912662	mothbeans
107	5	52	26.6634609	89.98405233	6.881425746	57.40847165	watermelon
93	29	29	25.22347393	57.3070576	6.741730951	188.0095914	coffee
28	16	30	26.11790283	94.25794659	5.925452727	163.8080344	coconut
98	55	40	24.47842759	88.43434495	6.583759926	173.2237027	jute
27	144	201	22.88329345	90.49160823	5.866681403	113.5784099	apple
90	76	55	28.58581252	81.41813365	6.309572409	103.7399854	banana
2	40	27	29.73770045	47.54885174	5.954626604	90.09586854	mango
41	58	55	27.00963494	94.94482086	6.876727454	136.7716381	papaya
30	20	12	20.17388996	90.54868352	6.949188114	101.6655709	orange
21	139	197	41.64554513	83.26483047	6.499604931	71.36978269	grapes
94	5	55	26.81915226	86.46657098	6.000975617	47.398152	watermelon
11	10	45	22.63045168	88.45577158	6.397995609	109.0357597	pomegranate
97	46	21	22.17188867	67.84529985	6.912198957	60.65171481	maize
8	30	13	22.92335572	91.58355482	6.679239265	118.635638	orange
35	41	18	28.70562673	81.59200689	6.705008504	59.87065439	mungbean
39	138	203	21.19339319	82.33098331	6.399433771	74.62834921	grapes
46	77	81	18.41481731	17.63607032	7.222669386	69.98867736	chickpea
5	68	20	19.04380471	33.10695144	6.12166671	155.3705624	pigeonpeas
60	80	75	19.73885934	17.84040262	8.025736656	69.81748943	chickpea
33	60	20	28.84176847	85.6645389	6.963930374	36.60183176	mungbean
27	16	27	25.00872392	95.93727083	6.292776799	173.134592	coconut
6	28	28	33.94229289	47.58708383	5.095895584	90.58877658	mango
36	68	78	19.63410633	16.34161374	7.558630025	85.84300844	chickpea
40	141	201	31.64734148	80.69870824	5.510924849	65.58992992	grapes
31	55	18	18.64724524	21.20336164	5.633181913	119.0065742	kidneybeans
103	95	53	26.10095238	77.37062167	5.977491807	101.3383917	banana
10	20	27	27.00315545	49.86000874	5.133650759	92.35438763	mango
106	21	30	24.57507692	61.35639314	6.429944717	170.9592251	coffee
102	14	52	26.79489868	89.64815231	6.51075991	57.74091817	watermelon
20	79	84	18.47215292	18.4695381	7.448981464	86.18011651	chickpea
98	79	50	25.34119774	84.47321314	6.435917308	91.06493353	banana
13	52	19	28.03536499	83.81684479	6.653710547	51.60340804	mungbean
36	52	52	28.75033466	94.0584959	6.695505347	188.0719305	papaya
7	71	18	20.2876009	67.19884023	6.952020183	42.69808319	lentil
114	43	21	25.35488865	83.22044751	6.12058692	88.20836983	cotton
33	54	20	26.48789742	54.6084411	6.755070951	59.81574201	mothbeans
37	68	79	18.37533206	14.25803981	6.516422312	83.70865576	chickpea
10	15	30	28.49513164	50.50767562	4.931489092	96.38422603	mango
119	25	51	26.47330219	80.92254421	6.283818329	53.65742581	watermelon
0	135	195	19.38786589	81.2603659	6.316071458	70.24326535	grapes
7	15	42	24.96273236	92.48190453	5.908030849	108.3294067	pomegranate
17	74	19	21.62968586	60.09116626	7.067920084	39.07336492	lentil
37	62	15	34.9466155	67.84227535	6.857741395	67.63152743	blackgram
56	59	55	37.03551903	91.79430166	6.551892638	188.5181422	papaya
24	74	21	30.46781162	69.3370219	7.284001533	71.36587606	blackgram
119	19	53	29.01626332	94.96218673	6.504856586	23.05185169	muskmelon
36	53	15	28.43421484	83.97152551	6.66658662	56.4242167	mungbean
102	76	51	28.59280331	81.07628999	5.850658754	90.10978128	banana
25	134	197	22.77190114	93.07293562	6.021720078	114.2969003	apple
107	30	47	28.79165348	91.57360724	6.414353708	25.08657664	muskmelon
66	49	41	21.82904567	81.64446145	6.091704522	293.0155648	rice
70	45	42	26.61104395	80.76187197	7.142141909	174.5743707	jute
1	73	16	20.16699273	24.96969858	5.871219926	102.5508314	kidneybeans
19	25	31	32.30693017	51.81698192	6.697319657	97.22202971	mango
6	139	199	25.67385024	81.6212135	6.29099842	74.10919422	grapes
126	45	22	23.79924009	75.2854445	6.37725493	84.63010263	cotton
27	46	23	25.43464714	45.3184774	7.891883294	68.727553	mothbeans
120	40	33	24.23850608	54.30329632	6.73410539	115.1564012	coffee
27	40	25	32.02271691	50.80704517	5.593183012	94.96246001	mango
91	24	27	26.48903853	56.84021927	6.233770065	183.6436347	coffee
53	61	48	33.33999478	91.69624352	6.753971224	248.8592986	papaya
140	42	21	25.38212092	79.27747556	6.212268316	74.10815808	cotton
8	24	29	30.9890862	50.46119436	5.078074225	89.70855464	mango
32	18	27	29.8690834	91.48979396	6.248344209	163.8050673	coconut
28	122	200	22.40443052	92.6480525	6.499226821	108.1547443	apple
30	127	199	19.58402122	81.44123717	5.796183751	68.86022489	grapes
13	30	37	20.86474944	91.61793636	6.277148771	106.8685636	pomegranate
28	23	39	21.95727781	92.60725705	6.265946148	102.5184759	pomegranate
2	45	16	28.90680192	87.28676083	6.739436384	41.23005168	mungbean
99	56	17	24.10859207	73.13112261	6.234330356	71.07562236	maize
122	48	15	24.766627	78.53774783	6.994996203	92.44894002	cotton
8	23	7	23.65980907	90.09183657	7.027206235	113.7646391	orange
23	28	28	28.02385204	50.23171863	5.878374923	100.4211453	mango
102	71	51	28.04664551	83.73903461	6.446788048	98.25214982	banana
53	69	17	29.35461527	64.68037146	6.893466867	66.52620167	blackgram
15	51	21	26.95207581	43.1092867	5.049369179	31.80346128	mothbeans
53	68	51	23.0124018	90.94103805	6.750507832	247.1793629	papaya
40	70	20	31.80130272	45.03186173	5.623490043	147.0361442	pigeonpeas
111	8	48	27.15522464	94.43832951	6.192471679	20.21126747	muskmelon
60	58	52	29.10060404	93.32577514	6.656317354	101.7241508	papaya
48	60	49	31.21425155	90.03863107	6.801373995	168.5401913	papaya
14	29	30	27.06249921	96.05395161	5.89422795	184.7607377	coconut
13	15	8	11.36466204	90.00621688	7.838932801	111.4972126	orange
102	18	45	29.94349168	90.31410339	6.088029936	26.9579357	muskmelon
15	60	24	30.83357892	49.6646827	6.048604323	56.7261951	mothbeans
55	58	19	29.7778445	65.41655469	6.500144962	68.38489448	blackgram
90	46	42	23.97898217	81.45061596	7.50283396	250.0832336	rice
24	49	17	28.52567623	87.34747797	6.24402535	55.39025429	mungbean
40	16	35	31.89356292	49.02450149	6.4841522	89.59371481	mango
84	51	22	18.46519496	73.8448272	5.850461799	68.3669966	maize
80	70	50	27.42875188	81.63986808	5.505393833	119.84797	banana
18	16	41	23.778732	94.32273179	5.796781767	107.6280499	pomegranate
46	58	50	42.51120239	94.94482086	6.951461204	67.4054403	papaya
80	48	15	23.43229307	71.51810572	6.40915968	72.37641708	maize
24	10	11	28.20868316	93.88078842	7.995848977	110.2196444	orange
8	139	202	28.74946463	82.98478589	5.649818524	72.64890311	grapes
35	30	30	29.93791145	47.13643956	6.43882214	96.07954992	mango
40	19	29	27.23278759	96.78524739	6.354468255	189.5313915	coconut
21	23	11	26.0358029	93.57923217	7.098145234	109.9489035	orange
82	13	52	27.11535046	94.86907886	6.442810053	26.51924782	muskmelon
98	23	26	23.05951896	58.04626071	6.709804301	199.4735636	coffee
64	43	15	24.98480821	68.98810061	6.33968133	89.74667096	maize
0	8	7	21.69790549	92.16261337	7.097734077	115.7760688	orange
68	59	35	23.86549443	82.25821184	6.789734835	155.7416994	jute
26	14	33	27.97695196	91.92146658	5.926220082	131.0900076	coconut
23	139	200	20.05488006	83.90157615	6.096311291	70.93560634	grapes
40	58	21	21.89045442	19.67577939	5.894175941	75.76946691	kidneybeans
63	49	16	21.13850779	68.13381422	6.286338329	81.54203061	maize
5	56	24	24.80710166	45.01110015	5.023115055	188.4928637	pigeonpeas
30	7	8	27.55405405	90.70768172	7.236062687	106.6319908	orange
98	18	47	28.15770451	93.67529751	6.312520718	21.72505336	muskmelon
91	12	46	24.64458469	85.49938185	6.343942518	48.31219031	watermelon
19	70	22	18.23362151	22.40842778	5.856051236	82.95397907	kidneybeans
85	29	33	24.31483598	69.94807345	6.737335382	139.5962132	coffee
110	21	54	26.73690828	87.82430156	6.747537642	47.46447019	watermelon
3	6	12	34.90665289	94.08470408	7.438354834	111.754709	orange
91	94	46	29.36792366	76.24900101	6.149934034	92.82840911	banana
89	16	49	26.02498077	82.30991372	6.28735948	49.19227052	watermelon
14	65	23	15.33042636	21.92118218	5.966586763	83.13508719	kidneybeans
22	62	19	18.55689767	40.83986928	6.018401838	151.3793709	pigeonpeas
36	29	13	20.68185224	90.91510525	7.829507245	109.7513927	orange
55	66	79	19.58328015	19.80288571	7.812200566	82.33766208	chickpea
95	59	45	24.93953815	79.12426685	6.808950656	150.2355238	jute
27	71	24	31.46417866	48.17631461	7.064973419	165.405354	pigeonpeas
20	61	85	18.74708901	18.08574918	6.931793071	81.4854836	chickpea
22	71	19	20.79853363	23.44272568	5.78096996	89.57649942	kidneybeans
27	8	29	28.75306305	93.30354633	5.894480483	196.5045638	coconut
53	74	15	29.20043986	61.06756851	7.156902385	62.00704268	blackgram
99	15	46	24.89141589	89.98405233	6.506911879	45.95268901	watermelon
13	68	19	24.6662267	64.93131267	7.841496029	53.69618781	lentil
103	40	30	27.56605292	63.96278883	6.608039336	172.9128378	coffee
101	23	48	29.94349168	93.49005125	6.427265465	24.07670184	muskmelon
42	73	25	34.03679184	67.21113844	6.501869314	73.23573601	blackgram
26	74	23	34.9466155	68.70530361	7.013844398	63.36717411	blackgram
13	24	31	27.38473358	94.82655784	5.698718684	182.696139	coconut
49	68	75	20.99502153	19.21350466	6.830347761	84.87271717	chickpea
110	21	51	27.40464394	91.24600342	6.498845603	22.26873921	muskmelon
120	40	33	24.09167027	61.06872566	6.453358473	167.1086709	coffee
115	41	24	23.93054395	76.64185686	7.178941573	60.65381719	cotton
16	47	23	29.9145443	81.89519251	6.596798652	59.87232071	mungbean
20	60	25	27.11789471	62.17545778	6.361902941	54.48340457	mothbeans
20	7	45	18.90592319	89.24126808	6.077886012	112.4750941	pomegranate
114	38	17	24.92722603	83.81959102	7.020511584	60.65381719	cotton
126	40	16	25.45018969	78.10888117	6.72319222	82.05327391	cotton
102	13	50	24.30742316	81.4483862	6.000975617	54.67760062	watermelon
11	18	40	21.81407001	90.9107225	6.667457454	104.4350986	pomegranate
25	17	44	23.41673754	88.79107339	6.307610698	109.9275929	pomegranate
46	63	20	28.17331235	61.84544583	6.937034105	72.03457871	blackgram
31	20	30	32.17752026	54.01352682	6.207495815	91.88766069	mango
101	40	25	22.08872469	76.14899315	6.964456097	89.52853745	cotton
107	22	46	26.08508285	80.4166588	6.000975617	56.43516684	watermelon
40	25	27	30.99416013	47.51937687	5.422276157	99.76846692	mango
51	50	49	36.32651746	94.03002604	6.501521192	117.0355001	papaya
83	7	52	28.13346072	92.67563083	6.261205914	25.22481291	muskmelon
40	120	205	23.31924974	81.47297754	6.499604931	69.10867326	grapes
23	48	23	29.0508204	47.24046895	9.93509073	56.34915114	mothbeans
0	67	22	29.82112112	69.4073209	6.593798387	51.56461082	lentil
100	48	17	23.7805123	83.03878838	7.827877818	66.26555904	cotton
15	68	20	25.20347061	66.71844003	6.720830349	41.0604255	lentil
109	83	50	25.75991819	79.12940516	6.179036058	90.10978128	banana
99	85	52	27.51395117	79.35979962	5.702373522	103.2958859	banana
95	15	45	25.66816662	83.49133886	6.689445886	48.25610195	watermelon
26	13	14	21.76662724	90.15138904	6.807394923	102.2411565	orange
59	70	78	18.20535754	18.13873324	6.656286422	89.53541671	chickpea
89	82	52	27.94983201	75.53520407	5.961462814	95.21518708	banana
115	78	50	26.39818791	77.27983075	6.33129094	102.7199777	banana
27	131	197	14.61060475	82.70788256	5.510924849	73.94884216	grapes
110	45	20	22.8609777	81.02976565	6.431295057	78.27067304	cotton
17	132	195	14.76315756	82.03296138	5.770473699	70.52414558	grapes
112	45	25	23.79062514	76.48039245	7.403427311	66.97788753	cotton
107	20	35	25.83077716	58.11105438	7.19005361	178.7070383	coffee
20	122	204	11.7976469	80.86325389	6.487369687	65.06962486	grapes
85	36	37	26.1073859	82.32604378	7.393342435	253.3197596	rice
93	35	23	25.50386039	73.37168144	6.418185969	93.44422189	maize
37	136	202	22.48418977	91.55492579	6.023813604	112.0981778	apple
25	48	22	26.0857892	51.02661684	5.159205215	39.66283207	mothbeans
44	67	51	26.76744289	94.69273356	6.693196473	205.7363343	papaya
23	142	197	39.06555518	82.03812973	6.000573725	69.30772897	grapes
63	55	54	23.95725885	90.93666951	6.501521192	240.9148669	papaya
20	20	34	32.93758944	47.23435624	5.40252264	95.00967385	mango
24	65	20	30.33926061	62.23855056	7.512804932	67.88961518	blackgram
40	55	25	30.03874076	50.17111794	6.922380236	72.1444377	mothbeans
86	79	45	27.81251452	82.69285419	5.80766417	99.20961514	banana
24	23	42	21.17688073	88.73048064	7.199504273	102.5184759	pomegranate
47	79	78	17.48395377	14.76014523	6.609696734	65.11365631	chickpea
57	69	49	34.42603332	93.16661772	6.583952521	170.8274504	papaya
14	25	40	20.07386547	90.97819712	6.407872061	103.7084055	pomegranate
26	67	21	32.54719535	43.54601334	4.548202098	91.57922174	pigeonpeas
122	48	16	24.65425757	75.6350708	6.307585854	61.82980133	cotton
80	28	31	27.41255765	63.01484555	6.940101894	196.8678498	coffee
16	145	199	26.91624843	80.76838926	5.953966361	69.30927185	grapes
24	53	17	28.95451232	89.07866095	6.421271178	57.65901369	mungbean
61	62	49	34.02044227	93.34033719	6.753773786	204.7621898	papaya
70	68	55	42.84609252	94.63548176	6.691202286	78.8099639	papaya
89	25	54	24.69368934	85.56967628	6.353107393	48.99390828	watermelon
91	54	35	23.86504849	83.19249139	7.868474653	195.4122439	rice
4	66	20	22.81119219	23.58033188	5.99812453	104.6501771	kidneybeans
16	14	45	22.99081625	93.00928326	6.167554275	104.0046877	pomegranate
102	16	30	24.81978802	57.21058862	6.913110358	174.9663104	coffee
34	14	35	24.50565654	94.99897537	5.950773732	102.7442009	pomegranate
45	65	78	19.4769677	17.58188586	7.497637935	86.71784487	chickpea
47	66	83	19.36536402	18.15749914	7.605129739	75.54013033	chickpea
29	20	36	19.72787008	86.16597996	6.192524505	111.2700786	pomegranate
20	28	26	34.22714426	47.28976884	6.400951265	89.29147581	mango
27	59	20	28.00937423	52.60950014	4.397698806	36.01203025	mothbeans
106	85	45	26.96506775	78.85857468	5.647427594	108.2496672	banana
6	141	203	23.78610431	81.1962416	6.071548704	69.88249729	grapes
18	21	29	27.77890759	92.72414324	5.765231744	151.0275088	coconut
28	15	45	21.8516889	86.28979246	6.225078046	104.459868	pomegranate
123	35	18	23.26059726	77.18835139	6.314649468	76.00217292	cotton
40	27	38	24.16551842	89.03282528	6.433196353	102.7377369	pomegranate
25	68	22	23.92369889	65.5753708	6.474328535	43.19017323	lentil
34	76	80	20.65691793	15.84572566	7.985417393	65.23811143	chickpea
23	59	25	27.8262623	88.73100226	6.320768488	56.68833819	mungbean
23	63	78	18.56601863	17.05112826	7.798950613	81.29325712	chickpea
30	62	19	23.43494955	24.96969858	5.849599034	91.83686056	kidneybeans
91	84	45	25.01018457	78.67437814	5.692601487	111.8608295	banana
78	39	39	25.3049517	87.24789784	7.190065227	175.5320954	jute
16	15	34	29.41940269	52.63994127	4.984152711	96.86177548	mango
95	15	30	27.92374437	54.68461137	6.282318522	172.9070047	coffee
3	72	20	29.35250672	68.4431039	6.572328431	42.22545235	lentil
23	46	22	29.93015183	55.15785499	6.957119207	36.86127807	mothbeans
81	30	31	24.65090184	51.93952357	7.027585559	135.1386537	coffee
99	25	50	29.61879728	91.34247173	6.4980677	21.60424686	muskmelon
26	77	80	19.26787409	15.90489554	7.508245308	77.19894487	chickpea
10	60	19	18.8640116	18.42788348	5.99812453	80.2637629	kidneybeans
106	8	54	28.04076239	93.67434926	6.58109473	29.86681385	muskmelon
23	15	34	28.74608302	93.50362587	6.174759349	180.7292356	coconut
87	41	41	20.0454142	83.13277349	6.750081113	257.2513865	rice
34	55	22	30.60784549	51.84004133	7.669440326	51.43117975	mothbeans
93	56	36	24.01497622	82.05687182	6.98435366	185.2773389	rice
102	43	21	23.70646414	75.34844975	7.199476092	84.99105781	cotton
32	141	203	21.25941052	92.84416234	5.821347769	109.0658471	apple
69	36	42	26.92995077	80.12267476	6.436154364	230.8613155	rice
26	41	15	28.83236876	54.81376894	8.675002725	30.92014047	mothbeans
12	61	19	19.33162606	24.13995025	5.655726817	68.51253427	kidneybeans
49	53	53	31.83570309	94.94482086	6.890407419	93.31801159	papaya
120	88	53	27.41028819	77.23973775	6.056820213	119.84797	banana
36	56	20	25.4123765	49.66474269	7.437078236	31.87416982	mothbeans
23	25	10	31.5677263	94.96419851	6.010391864	105.457664	orange
21	20	32	33.51235678	49.31996805	4.763568184	95.13805403	mango
24	80	15	18.74112428	19.29733893	5.784247256	86.92842424	kidneybeans
96	16	47	25.8368043	81.98727082	6.592616283	50.13306322	watermelon
100	58	18	26.14128786	62.20967813	6.550839109	88.36692458	maize
36	43	24	27.09400578	43.65305437	3.510404312	41.53749535	mothbeans
40	75	21	18.25645965	22.59860031	5.536431866	70.09098799	kidneybeans
9	47	25	28.71688177	85.33784601	6.836903332	45.13247763	mungbean
41	53	48	29.49109002	92.02046703	6.951904513	122.4382752	papaya
119	30	49	25.35794749	80.45846265	6.903020221	47.72078245	watermelon
37	61	16	29.94413861	68.96722846	5.94647565	45.56142512	lentil
94	78	55	29.86404396	83.20693119	6.238386958	107.0019318	banana
33	47	23	29.13275082	86.17724791	7.03717776	55.13561072	mungbean
44	64	54	29.80744318	91.38048469	6.74274935	232.7046126	papaya
117	30	33	24.31507557	56.33181846	7.493191968	176.1977475	coffee
27	24	41	24.32770134	90.88292835	6.610251186	110.4606459	pomegranate
106	77	52	29.44457809	76.71069241	6.314432656	102.1965096	banana
8	57	22	21.4085755	18.50838566	5.5639645	125.4225956	kidneybeans
25	128	203	23.37783266	94.2905271	6.266061527	124.9831618	apple
99	57	38	24.80624984	82.09281674	6.356295568	156.3616174	jute
91	39	32	23.11589557	62.80557778	6.020947179	135.5373153	coffee
66	44	20	19.0781471	69.02298571	6.740000688	80.72515943	maize
31	37	31	27.7474327	52.0593121	5.595919633	97.4298949	mango
19	20	10	29.40319267	91.09833053	7.26947649	116.5423048	orange
35	69	23	16.78791503	24.96881755	5.578410206	75.45328039	kidneybeans
14	18	45	21.66649055	90.48637054	6.226195276	104.7749729	pomegranate
23	19	41	23.36900341	94.99897537	6.4466759	104.5008336	pomegranate
12	29	10	27.95006425	92.7869651	6.695308549	103.279907	orange
119	25	27	23.05951896	67.045249	7.369772052	160.9378966	coffee
66	48	21	26.21623595	62.52591098	6.603345949	78.3665197	maize
34	132	201	21.30802338	93.08092242	5.811188592	106.4194558	apple
26	59	20	26.6124911	58.03016762	3.91048997	38.17096857	mothbeans
30	44	16	29.73013036	82.89166381	6.442335593	50.91511275	mungbean
12	39	33	31.10685481	54.9640534	5.756215209	96.63979448	mango
26	77	23	18.14952282	20.89695843	5.710626692	89.7092675	kidneybeans
111	14	53	29.51396436	92.26882351	6.381820186	23.05057069	muskmelon
17	57	21	19.88394011	20.31564139	5.789214289	60.91974792	kidneybeans
26	47	17	28.34767576	89.22563026	6.69655617	53.45325811	mungbean
81	46	43	26.22589885	81.80857768	6.074827303	235.9216172	rice
131	49	22	25.49848236	79.9751579	7.306918817	67.05961949	cotton
93	45	43	25.42829846	73.14180156	6.94576822	150.2355238	jute
32	73	81	18.63304475	16.45824111	7.786900575	86.62199183	chickpea
4	21	12	30.01524272	94.21470498	6.440941597	100.1737964	orange
25	67	22	20.35856285	23.15874892	5.84398726	61.40338872	kidneybeans
40	121	199	26.18159716	81.03886263	6.315586313	66.05911698	grapes
26	126	195	21.41363812	92.99124545	5.878568981	118.3979065	apple
25	143	198	21.58063222	83.0684647	6.343076493	68.17043414	grapes
34	67	23	29.00549406	53.98761901	5.572911252	190.893578	pigeonpeas
93	28	49	25.9218685	85.73317589	6.241424957	49.03609717	watermelon
17	52	18	28.85908995	83.40295367	6.98549641	55.8957297	mungbean
11	138	198	23.98858377	82.91673834	5.876793501	65.01095312	grapes
23	45	21	31.46511256	51.79939437	8.985348193	74.44330654	mothbeans
39	70	15	20.76774783	63.90164154	6.366355781	47.9271552	lentil
0	135	197	22.4662792	90.18279766	6.189602232	107.4377299	apple
76	40	43	25.15745531	83.11713476	5.070175667	231.3843163	rice
33	77	15	23.89736406	66.32102048	7.802212437	40.74536757	lentil
59	70	84	17.3348681	18.74926979	7.550808267	82.61734721	chickpea
16	77	22	31.48469278	35.6395615	6.574209678	100.546816	pigeonpeas
62	36	36	25.64536702	83.50955682	7.374995709	192.3048339	rice
30	135	205	21.92822537	93.76807882	5.979595538	112.0000033	apple
60	55	51	43.67549305	91.43829715	6.82473305	204.547219	papaya
31	71	79	20.85770087	16.47208269	7.617136955	81.74609128	chickpea
38	63	21	30.35633816	36.98959384	4.548202098	116.1366444	pigeonpeas
24	56	18	31.99825966	65.3916796	7.276588262	67.07227265	blackgram
26	24	10	14.07545642	90.00621688	6.456871042	118.3869273	orange
12	39	21	28.99319096	62.85948245	8.183844843	70.4713043	mothbeans
33	80	75	17.02498456	18.46304501	5.988992796	94.78189594	chickpea
26	28	30	34.3030786	50.26343214	5.356026847	95.32673093	mango
72	42	43	26.56767277	80.90424543	6.352771037	181.2915605	jute
105	60	23	23.53371386	77.21705554	6.207652157	87.54004943	cotton
10	59	22	28.60901145	86.99495766	7.155685016	36.94616965	mungbean
33	23	36	23.1492214	92.14400694	6.377810519	107.1503025	pomegranate
19	134	201	22.29260046	91.2620223	5.856324632	115.2565433	apple
60	44	40	23.09433785	75.30960705	7.228310161	183.9756617	jute
87	36	25	24.3208893	62.42904107	7.043992547	128.417332	coffee
14	128	201	22.22523448	91.90293822	5.514253142	106.6800286	apple
1	23	33	27.56519253	95.16921265	5.988752616	135.586646	coconut
68	41	16	21.77689322	57.80840636	6.158830619	102.0861694	maize
47	78	82	18.09728402	18.41422357	6.327060974	83.30306513	chickpea
69	64	47	40.21199348	94.50766912	6.993473247	186.6762324	papaya
91	50	40	20.82477109	84.1341879	6.462391607	230.2242223	rice
15	18	32	31.83255247	52.95508761	5.440536684	95.83989417	mango
40	60	81	19.06698755	16.31769152	7.952609539	73.35638202	chickpea
11	18	42	21.57936934	94.88267728	5.938528744	102.8593382	pomegranate
112	5	53	26.25588244	80.02621335	6.123001812	43.40451302	watermelon
11	23	30	27.72410565	54.9640534	5.390690705	96.12548338	mango
111	50	15	25.16820129	80.30351815	7.884550475	84.62419032	cotton
96	78	52	25.01018457	81.4488493	5.900697747	111.4603545	banana
85	58	41	21.77046169	80.31964408	7.038096361	226.6555374	rice
114	18	50	29.13476035	93.73182362	6.365577047	25.91393055	muskmelon
1	12	37	19.36304029	89.0910001	7.199504273	106.6104117	pomegranate
19	12	11	11.59678918	91.27190516	6.808282227	114.1800837	orange
115	44	21	25.99237426	78.3150712	7.782850008	88.4497345	cotton
77	40	19	22.4807783	59.0660708	6.724670228	84.67731767	maize
31	19	11	34.90665289	93.37492868	6.230820715	116.0960715	orange
95	18	33	25.98458517	50.04557009	6.242814838	154.1459358	coffee
31	61	84	20.72002426	15.78057179	7.385806566	92.49814951	chickpea
62	60	37	24.6863393	80.317141	6.116557985	181.9361781	jute
3	66	16	15.58830067	20.79580955	5.729766714	109.6129017	kidneybeans
23	62	85	18.97424756	19.5161216	8.490127142	80.7108745	chickpea
29	67	21	29.79181107	63.38789228	6.621323612	63.02169909	blackgram
29	62	21	20.00772932	20.46077043	5.772510051	107.309045	kidneybeans
15	29	27	27.70869721	93.87971635	5.515308622	210.0835587	coconut
77	51	44	23.25583402	82.7015932	7.124333547	166.2160846	jute
23	29	10	10.43710548	90.44660099	6.740272027	111.5860446	orange
30	68	18	29.90673984	68.0985403	7.107321896	73.47535031	blackgram
38	19	42	19.66052851	87.68134128	5.987486851	108.8691371	pomegranate
8	139	200	23.55639021	92.62057057	5.969979585	124.9831618	apple
28	16	30	29.8690834	93.2660505	5.896258163	175.6989542	coconut
38	131	202	23.74118663	90.02575116	5.803722168	107.9971439	apple
30	66	20	23.37408669	53.04813503	7.070891842	90.45640329	pigeonpeas
20	66	20	20.09137541	22.56557022	5.683203863	60.27552528	kidneybeans
20	136	199	23.41501317	92.89070907	6.139870864	124.9831618	apple
29	41	21	31.49398069	62.84916863	8.86979671	64.56807592	mothbeans
97	24	29	26.16987072	54.83102047	6.367246623	149.166141	coffee
100	32	31	26.50186064	53.54352737	6.588039241	149.4011494	coffee
70	47	17	24.6129118	70.4162444	6.600827017	104.1626147	maize
97	82	45	27.34913437	79.87734718	5.789728961	119.84797	banana
119	57	17	25.07864768	80.68039419	7.669606958	86.77131428	cotton
104	30	31	24.46106727	55.43422412	6.889773757	162.2375558	coffee
90	31	27	24.7801138	54.04861878	6.77081149	150.6669835	coffee
106	45	15	25.28443199	83.09587264	7.002424074	77.17880133	cotton
30	120	201	21.72480518	92.20182118	6.499226821	100.1173443	apple
70	65	52	30.42012134	93.12659793	6.583528529	75.95295	papaya
38	6	25	25.54963273	96.92786777	6.156259104	191.2996157	coconut
55	63	79	18.77822272	18.718854	7.042382604	70.97289883	chickpea
8	60	18	31.21629982	46.01868196	3.808429173	53.1205277	mothbeans
94	16	53	25.97702111	84.94285677	6.668378714	51.38547299	watermelon
83	58	18	21.25606451	70.00897753	6.446232288	89.70474301	maize
22	47	19	30.46290844	53.67297586	7.909729944	56.28014146	mothbeans
8	80	19	23.09780778	63.07149712	7.461169024	51.54084569	lentil
25	5	8	28.2765401	90.00621688	6.387112279	113.7810704	orange
33	30	41	23.91889954	94.99897537	6.067120325	108.6697569	pomegranate
3	9	45	23.89162561	89.61850203	6.535244251	104.617522	pomegranate
100	82	48	27.09627174	82.19908932	5.856212729	111.6662424	banana
18	57	23	18.17097141	18.81441939	5.738682807	112.835626	kidneybeans
107	72	45	28.14938935	81.54448882	5.790768046	91.40508414	banana
0	16	11	28.13334355	92.0491815	6.609114094	109.0484374	orange
24	135	205	22.19201029	93.13458985	6.36932862	107.0203214	apple
36	71	79	18.34306385	18.70669885	7.239423877	90.84563733	chickpea
34	62	22	24.08563547	21.85234724	5.908272963	73.4219942	kidneybeans
22	66	19	29.94413861	63.47284016	7.317502942	46.57812449	lentil
101	39	18	23.59639114	80.8845298	6.402613857	82.10278617	cotton
95	75	50	28.55313189	81.06547408	5.694166966	108.7023153	banana
49	63	18	29.69181946	62.50565822	6.782457174	74.91559514	blackgram
0	18	14	29.77149434	92.00719952	7.207991261	114.4161786	orange
17	68	23	19.61271727	22.89910407	5.664101154	60.27552528	kidneybeans
114	34	30	27.00409642	65.32252883	7.493191968	194.0869163	coffee
92	82	49	29.90888522	80.58868843	5.939058911	105.5031265	banana
103	28	26	27.32896366	63.19961494	7.288104696	150.0840795	coffee
59	58	17	28.546224	66.31394098	7.368318809	62.83469851	blackgram
13	25	13	34.90665289	92.66153063	6.16543886	100.1737964	orange
42	57	78	18.6297285	16.05457017	8.134691316	83.65165661	chickpea
106	49	24	23.03887865	76.47039772	6.983395573	90.64770699	cotton
19	64	18	19.63975311	23.8364635	5.595564397	117.785138	kidneybeans
25	17	40	18.91251245	87.74938524	6.608023872	111.2800516	pomegranate
31	138	198	29.80446238	82.61880508	5.514790945	69.21031263	grapes
15	80	21	22.90221502	63.11138585	6.295277394	52.85710107	lentil
28	7	9	34.5917846	92.13229786	6.730757538	115.5650287	orange
3	64	21	29.31050852	60.64755755	6.103466883	191.2582455	pigeonpeas
108	70	45	29.90888522	75.03193255	6.490074429	91.56885534	banana
0	64	23	21.01288099	50.21433611	4.966967599	169.0576252	pigeonpeas
40	18	43	19.38603815	86.79058496	5.767372539	109.9130984	pomegranate
100	54	21	21.63002564	67.00045179	5.638686296	83.1001393	maize
6	63	24	16.33454507	20.89750069	5.99812453	62.62575185	kidneybeans
0	58	24	21.01487963	68.46403185	6.712582918	41.1503763	lentil
51	68	79	19.02169861	16.87368729	7.149427202	70.68855756	chickpea
54	70	82	19.53941793	14.7827775	7.320920445	86.92598555	chickpea
31	13	33	27.63834933	95.48763389	5.85971872	205.5463111	coconut
76	38	44	25.46124285	72.81124393	6.169238603	186.6698964	jute
82	75	55	27.34585147	78.4873835	6.281069505	92.15524332	banana
77	51	20	23.93608597	64.06789901	6.518169478	72.74586129	maize
12	21	11	31.56939358	90.00621688	7.45666084	110.5868009	orange
42	70	75	20.10261062	16.0154372	8.158661712	65.11365631	chickpea
60	43	44	21.01944696	82.95221726	7.416245107	298.4018471	rice
80	83	55	26.88274177	80.40332137	6.346620278	98.08424106	banana
84	46	43	23.80907603	73.21836777	6.764084891	183.4968612	jute
33	136	199	21.93456177	93.95776488	5.692029719	114.9578437	apple
60	64	80	18.73411851	19.39079815	8.075960631	85.1934856	chickpea
84	8	55	26.98603693	84.47429231	6.393051241	48.73601587	watermelon
0	19	6	19.47406271	92.1180633	6.359022475	100.1737964	orange
115	18	47	28.90157114	94.96218673	6.423278556	21.1174163	muskmelon
136	36	21	25.21211836	81.04115095	6.232587012	91.36040323	cotton
70	52	37	26.92995077	81.74691677	6.005351692	280.3092827	rice
40	41	22	27.37201079	82.42085892	6.924471295	45.79891657	mungbean
34	72	22	34.9466155	60.55668296	7.232076457	67.41907199	blackgram
29	5	13	30.69298518	90.77539559	7.657905515	110.6140644	orange
0	51	22	27.53534262	83.20352268	6.622124059	49.83273789	mungbean
27	136	199	23.24292937	90.78057531	5.898963296	114.3522931	apple
8	45	18	27.93034941	85.42058715	7.011030515	43.25095608	mungbean
17	60	17	27.89169116	89.87626268	7.106503652	48.56203438	mungbean
0	120	202	16.20322867	82.73443814	6.499604931	65.01095312	grapes
74	42	42	23.3548812	81.84622272	6.890369374	222.730968	rice
97	94	55	26.30589124	82.88163173	5.785842669	114.1997068	banana
12	41	19	31.99928579	54.7906516	4.145531582	64.98044499	mothbeans
84	30	51	27.47126409	90.28955769	6.077114142	29.86681385	muskmelon
73	57	19	19.57964976	67.41797457	5.842253818	92.13132499	maize
7	17	7	21.45977524	90.67681044	7.68932109	116.1508769	orange
84	8	51	28.41046022	91.96627284	6.372550142	24.55951852	muskmelon
19	8	11	34.90665289	93.25408876	6.158794406	114.5095248	orange
80	90	47	26.59743595	79.35898915	6.21084479	107.3944717	banana
33	120	202	41.94865736	81.57992017	6.034778986	69.13805378	grapes
39	132	196	35.83089092	83.32560104	5.778594403	73.67984885	grapes
115	53	19	24.32040023	79.72212943	7.994679507	76.59704382	cotton
39	15	32	34.99064375	45.02236377	5.854338426	92.33601183	mango
31	76	82	20.8248451	17.85057083	7.599279991	79.20509212	chickpea
24	77	20	27.4935297	67.77584916	6.737745419	71.49686069	blackgram
38	60	48	42.89096451	93.13805896	6.55948892	155.8364222	papaya
75	60	39	20.50443913	84.00569846	5.436235466	202.9386676	rice
2	56	23	26.65333029	59.79023382	7.550090941	36.91852635	mothbeans
88	17	52	29.90415889	90.75284363	6.646962425	25.37828397	muskmelon
52	58	48	33.37917306	94.62385339	6.652365687	40.35153141	papaya
44	63	23	27.34338845	65.59770267	6.860586421	68.41805007	blackgram
34	72	15	26.87947486	65.24794209	7.04709805	66.7965807	blackgram
108	89	53	29.55054817	78.06762846	5.808497604	99.34482238	banana
33	57	20	27.99818582	45.49478269	4.643374541	40.38406632	mothbeans
15	30	34	28.389077	92.03443597	5.693957297	210.5002224	coconut
89	58	35	23.98651719	82.09053379	6.096838784	167.0576456	jute
16	35	31	32.27652024	50.19368841	5.316875978	95.99487068	mango
60	76	16	27.37515855	66.75303182	6.908098855	73.09187659	blackgram
30	65	82	20.71424384	15.27824066	7.103798069	76.77888672	chickpea
27	16	6	12.4902681	94.47844875	7.191069137	107.0664494	orange
88	51	42	20.36726158	80.14897565	5.005306977	187.1844253	rice
17	79	17	30.64323343	42.07042541	6.239872291	183.1460898	pigeonpeas
19	80	20	20.62200151	22.78714	5.502999119	74.83766981	kidneybeans
111	55	18	23.87921619	79.60739975	7.197615542	92.59810632	cotton
100	44	20	21.46874816	68.31178777	5.513697923	92.28725707	maize
120	35	20	23.64123806	84.87668973	6.474496485	69.11754614	cotton
47	62	22	25.75473771	63.42352672	6.56830084	66.58717801	blackgram
100	58	19	26.54986394	60.69653228	5.953094789	81.22720644	maize
30	9	5	15.72119963	91.94307011	7.516240233	100.1737964	orange
19	36	22	25.44689075	58.55363573	6.16496284	57.04826619	mothbeans
120	46	17	24.46325318	80.82764492	7.071952825	79.56044563	cotton
18	53	25	27.94307169	86.44409401	6.682678615	40.33736243	mungbean
80	46	39	21.28942692	82.89046744	6.217618956	192.8214894	rice
7	55	17	20.76008948	19.34876745	5.756634575	75.96887327	kidneybeans
21	55	24	30.53047552	55.14363279	6.386143997	66.20350109	mothbeans
86	43	37	24.26432149	80.31666223	6.109896729	198.9376688	rice
11	71	24	21.14011423	22.7182355	5.606620346	141.6056722	kidneybeans
6	29	31	27.91631173	49.65228983	5.106359431	93.38959733	mango
31	68	45	42.92325255	90.07600528	6.938313356	196.2408242	papaya
113	21	33	26.02241444	55.83288958	7.277422738	176.9020924	coffee
55	61	80	18.14855694	14.63299355	7.492389202	72.79152239	chickpea
93	35	42	26.25063883	83.18705105	7.642179257	203.3694369	rice
12	126	200	41.94865736	80.75791365	6.005676368	66.15965963	grapes
27	54	20	30.46826353	49.39644999	5.759471381	38.52607387	mothbeans
31	70	46	32.15384214	90.1419697	6.61091559	153.7094881	papaya
101	10	47	25.5421695	83.31883376	6.936997681	57.57343233	watermelon
21	72	23	19.65579099	40.46366056	6.603307277	117.4589642	pigeonpeas
22	6	42	21.7728108	88.02481548	6.030795106	107.3664931	pomegranate
29	140	195	23.64082979	90.95257927	5.560521058	116.7431319	apple
82	51	44	23.96321924	70.88259632	6.499599515	174.9323291	jute
118	40	35	26.35034208	58.50650238	7.460174812	121.5586297	coffee
88	54	40	25.36396778	82.58427666	5.209271792	245.3769046	rice
27	80	15	19.07096165	21.21092266	5.788386951	86.21917578	kidneybeans
54	53	53	34.65945081	90.03863107	6.857512474	106.4804659	papaya
60	75	18	27.48893279	64.86433167	6.688106349	61.92290872	blackgram
20	70	23	29.53810779	64.81705374	6.500144962	60.41790253	blackgram
5	71	22	26.20871009	69.69141302	6.637500931	130.2064058	pigeonpeas
30	23	11	27.23431645	93.8463944	6.943282288	111.5500971	orange
49	77	78	17.42021493	15.03797487	8.868741443	88.84536698	chickpea
86	13	50	28.23446732	92.89535475	6.17007261	26.32902281	muskmelon
27	5	5	15.07436738	93.41670919	7.301582199	103.1119253	orange
44	67	20	30.47898924	60.83635264	7.165598786	66.68728717	blackgram
22	76	20	26.19520671	51.28761902	5.134908118	165.3065595	pigeonpeas
44	66	24	30.72349081	62.12420469	7.416511814	65.03055485	blackgram
11	74	23	25.61103766	50.6834261	5.218005612	141.7828512	pigeonpeas
15	6	41	19.0087067	88.83768149	6.897368477	108.6793978	pomegranate
40	128	200	17.87975405	81.14633666	6.074818732	70.60796927	grapes
47	59	55	31.93595552	90.41632466	6.609575822	170.1262805	papaya
5	13	37	22.34375696	89.7870345	5.648243649	103.3183074	pomegranate
0	12	33	27.86727415	90.70699023	5.767980589	198.5680329	coconut
36	68	54	23.0124018	91.38875868	6.745949973	102.4805209	papaya
70	51	35	23.09433785	75.36918658	6.588083796	169.4103703	jute
39	48	19	29.50936444	87.19903923	6.646449524	53.60799627	mungbean
120	36	30	27.62301155	69.6619952	7.493191968	154.6141135	coffee
46	54	54	23.0124018	91.8123063	6.788697755	124.9107327	papaya
40	132	199	9.065845724	81.22866986	5.809062447	66.07571788	grapes
1	30	10	11.89925671	91.34663797	7.291405641	103.5771468	orange
38	141	198	13.05809741	80.28297993	5.757009965	70.75633584	grapes
113	30	50	26.03967219	83.9862443	6.277484043	43.87712348	watermelon
113	37	20	25.03300222	79.04368718	7.393441155	97.10087029	cotton
20	46	19	28.85836022	83.87389358	7.132559001	47.46265937	mungbean
7	73	25	27.52185591	63.13215259	7.28805662	45.20841071	lentil
21	130	196	35.78584642	81.22880785	5.701566486	66.96856416	grapes
5	41	15	27.74724707	85.52515563	6.70580812	59.87232071	mungbean
94	29	46	26.22986695	83.10868387	6.428026276	59.75980023	watermelon
120	21	53	27.83714352	90.01506395	6.781050373	28.4580195	muskmelon
89	39	36	23.09433785	86.24036408	6.002524871	188.0531154	jute
37	18	8	19.1215346	91.0712942	7.780052782	119.6946577	orange
82	60	36	24.34502165	82.31873468	6.203868196	205.1536134	rice
97	6	51	26.81997262	87.09004036	6.098919894	40.69474046	watermelon
102	49	21	24.69315538	84.84422454	6.253343655	89.799462	cotton
63	54	20	23.45353681	55.28220433	6.618171123	60.65171481	maize
49	68	22	28.56840626	61.53278622	7.127064207	63.49726331	blackgram
16	132	201	36.78142041	83.1088441	6.059301019	68.29454432	grapes
110	30	51	28.55763901	90.78352366	6.458786883	23.70976599	muskmelon
43	64	47	38.58954491	91.58076549	6.825664782	102.2708231	papaya
19	76	23	33.59225795	55.59378675	6.503343264	128.870427	pigeonpeas
102	82	50	27.31835646	82.85329722	5.703680093	115.3761939	banana
4	19	42	23.83185873	87.84034604	6.306605528	111.2232716	pomegranate
89	45	41	25.40673834	84.96907151	6.226218838	259.5815978	rice
9	60	21	29.94413861	67.31323084	7.52178027	40.37113729	lentil
32	127	198	41.94865736	82.99425269	5.719445468	70.29997145	grapes
112	25	51	25.04746944	85.5667282	6.932537231	56.72496677	watermelon
15	60	18	19.48934666	24.96969858	5.512739919	75.85749267	kidneybeans
26	17	7	20.9725793	90.00621688	7.57637634	106.6925806	orange
25	62	20	28.14691989	62.90875587	6.740341316	68.59323116	blackgram
105	9	55	25.02967879	83.74693178	6.704937048	44.81649443	watermelon
40	70	18	28.45726775	62.36409989	7.260342563	44.46329973	lentil
104	16	48	24.43354816	89.98405233	6.956508826	55.70343196	watermelon
8	26	26	25.54759871	91.64194826	5.702484758	212.867626	coconut
117	15	49	27.42681879	92.92576183	6.295502594	25.26698491	muskmelon
33	132	205	32.40325869	80.01639435	6.093531035	67.52529952	grapes
13	10	34	27.11383301	93.12904661	6.257829457	133.9855914	coconut
2	72	18	26.57597546	60.97876599	7.836719564	50.89110726	lentil
0	41	23	28.7723481	85.373624	6.722694279	43.10754068	mungbean
22	20	26	26.10015727	94.74356868	5.851762703	131.0900076	coconut
107	54	25	23.1712008	76.06688246	7.133533753	99.93100821	cotton
53	59	55	28.29874735	91.11794451	6.753697953	83.98331071	papaya
8	144	195	18.42490025	82.7185698	6.162326174	69.68961812	grapes
90	14	49	28.66155806	91.08028455	6.491556404	20.21126747	muskmelon
25	43	25	31.60065671	64.50705532	9.412708984	60.48612388	mothbeans
77	56	19	19.70988503	74.82913698	6.136069068	100.1811804	maize
102	38	16	24.94123396	76.66146391	6.230761764	97.13023121	cotton
10	18	12	18.10869285	92.04346436	6.934804958	100.1737964	orange
24	126	198	22.75250979	90.02575116	5.978665227	104.0962098	apple
103	16	49	25.69265897	83.31126673	6.792933967	45.50727341	watermelon
28	41	15	28.39298843	56.6412465	4.671519124	51.23156963	mothbeans
96	46	22	20.58314011	69.00128641	6.499936446	66.29390357	maize
90	83	50	27.86721097	76.03812013	5.845503862	98.20179007	banana
72	51	40	23.20683504	74.09956958	7.422318499	199.4766779	jute
104	46	22	23.9353028	83.32192426	7.577830708	78.81817898	cotton
15	36	27	27.78912455	53.96886679	5.643710216	91.01152997	mango
75	56	44	25.2746335	73.7459581	6.109478059	168.0432282	jute
38	63	22	18.24869485	23.89606967	5.753459461	131.396042	kidneybeans
11	35	18	31.61269261	61.64074453	7.265331762	58.2631368	mothbeans
33	73	19	22.3114116	20.60286945	5.505962422	67.94177336	kidneybeans
98	13	45	29.76107613	91.96879476	6.19693615	26.90272757	muskmelon
40	13	31	28.16353774	94.14833703	6.202611541	225.6323656	coconut
10	31	31	35.99009679	51.47002658	6.107708376	97.37704905	mango
37	50	19	28.1147626	51.98494065	8.900205636	49.91759908	mothbeans
50	58	49	37.23343452	92.4187387	6.718828493	167.9635542	papaya
67	68	49	35.26824831	92.38282957	6.821774589	149.8488208	papaya
23	63	25	20.75957852	20.85047991	5.502999119	116.576619	kidneybeans
34	71	79	17.927806	15.85622899	7.728998197	74.63872762	chickpea
0	140	196	23.29874446	90.90792901	5.514253142	114.2422783	apple
67	60	38	24.79853023	78.53037059	7.16214284	162.2847429	jute
22	11	13	17.86559815	92.51424613	7.349918208	113.1001456	orange
94	29	27	25.05848957	52.5799919	7.020235814	185.8765309	coffee
25	75	21	15.86521589	20.34703986	5.964086579	126.4869136	kidneybeans
11	45	22	28.49524584	48.30622723	7.701588237	44.70587121	mothbeans
29	44	20	30.04132304	63.56222995	8.620107545	31.83192392	mothbeans
23	72	85	17.81260932	15.00681123	7.416342688	77.64986084	chickpea
32	5	8	26.56201794	93.62029397	7.995848977	113.927968	orange
0	138	197	22.88572541	93.09414164	5.650027055	104.3774562	apple
35	62	52	30.44408447	94.94482086	6.824909241	112.0796215	papaya
113	39	26	23.05951896	61.85595922	6.84329631	162.7765921	coffee
107	14	48	25.04181954	84.24358629	6.742023392	50.80100351	watermelon
9	8	40	22.48720144	89.9224883	6.553509673	111.6631582	pomegranate
110	45	20	24.19169313	82.83254422	6.056429261	74.51943055	cotton
88	94	47	29.90888522	82.01440699	6.21733608	117.2204283	banana
96	23	51	25.5282478	83.79543064	6.36922746	54.40572353	watermelon
108	6	51	27.24735253	91.04742825	6.376997198	27.38928676	muskmelon
2	136	198	21.32868667	81.70086576	5.855154482	70.49320288	grapes
34	52	15	30.64766639	63.33073772	9.93509073	61.37515267	mothbeans
81	54	18	24.7653306	63.57551461	6.995843776	85.08272312	maize
87	35	25	21.44526922	63.1621551	6.178056304	65.88951188	maize
115	11	48	28.28930634	93.4105812	6.781050373	23.96228179	muskmelon
81	52	22	25.97471265	66.06697647	6.47697704	80.66130911	maize
8	134	204	31.73998779	80.01639435	6.18143573	74.42168115	grapes
20	80	79	18.7068573	16.82678161	7.264846993	84.02049419	chickpea
57	53	50	35.12350671	92.50128737	6.501521192	165.6046807	papaya
99	7	45	26.27837677	83.19850557	6.648505333	45.41070059	watermelon
41	80	21	34.81242513	63.36088438	7.122846613	63.40727351	blackgram
21	38	21	29.75538903	86.45193297	6.637677489	37.54602719	mungbean
100	30	27	27.12969548	68.74092355	7.059502743	156.5602979	coffee
111	15	54	27.7058373	92.91185695	6.194090172	22.06207161	muskmelon
17	43	20	28.0636695	50.14404443	5.387518057	39.84914939	mothbeans
33	55	75	17.45379396	15.55220061	7.651019647	71.32280828	chickpea
31	30	8	23.72263186	92.74692683	6.871362366	107.3108371	orange
72	35	42	22.48434069	80.29139688	6.075346129	251.7494522	rice
31	70	19	25.09737391	65.50574125	7.324611242	70.10536195	blackgram
30	69	83	17.77064782	14.25803981	8.442441747	80.18420953	chickpea
16	31	25	32.07821462	48.78577248	5.830090953	98.19767473	mango
24	128	196	22.75088787	90.69489172	5.521466996	110.4317855	apple
17	23	11	10.2484444	94.07270065	6.164037194	110.8241951	orange
29	128	198	22.44075021	92.70785115	5.685062404	121.4977331	apple
124	52	17	22.42502998	82.60562667	7.339047313	95.62837202	cotton
1	68	17	32.39074183	53.84148253	5.932140778	141.7165916	pigeonpeas
120	27	46	24.98833285	85.61955739	6.825612171	53.55293357	watermelon
12	16	10	34.85733749	94.77499124	7.019508464	112.1482101	orange
15	46	24	27.02230868	51.30697238	8.393672369	55.66379122	mothbeans
20	73	22	16.03768615	22.33195853	5.976312538	130.3900798	kidneybeans
104	32	31	24.23563044	69.94807345	6.892079388	199.4735636	coffee
8	126	205	11.13928006	81.97752698	5.983964937	73.8592023	grapes
16	20	35	22.32234913	88.25687452	7.113403054	107.6059132	pomegranate
25	141	197	23.12330185	90.6125029	5.913751861	111.0331468	apple
14	57	17	29.50911924	83.45687521	7.199495368	43.29850007	mungbean
103	52	20	24.76628307	81.80584803	7.390290783	83.81645248	cotton
84	16	55	28.23582106	91.71950009	6.180895182	22.9763753	muskmelon
113	30	50	28.63283756	91.21179948	6.110113119	26.36866281	muskmelon
92	23	33	26.31083031	55.17494986	6.223112319	154.6873339	coffee
20	74	25	29.61789049	38.29439307	5.476085612	138.5324522	pigeonpeas
81	35	38	25.50535605	76.48124255	6.317466999	173.2164499	jute
91	70	47	29.81163278	79.75057699	5.930526826	105.1967487	banana
60	67	15	27.7802982	65.5293555	7.165112025	72.26997128	blackgram
88	30	30	27.67481279	61.9429149	6.419628665	165.9180166	coffee
16	134	197	21.59635121	80.01639435	5.510924849	65.01095312	grapes
83	60	43	24.72507422	80.73443027	5.587252841	228.5821766	rice
5	69	20	29.04078727	62.88972456	6.119605989	48.0204281	lentil
37	52	47	43.08022702	93.90305729	6.54277684	211.8529059	papaya
116	48	16	25.99237426	76.60632506	7.010906138	99.93100821	cotton
111	23	27	23.05951896	64.77710056	7.079016577	165.5094403	coffee
25	63	20	15.78601387	21.14544088	5.502999119	95.17028129	kidneybeans
5	120	195	22.26263892	93.00965998	5.514253142	113.6239312	apple
91	7	53	25.13735887	89.28272716	6.457216535	43.52897517	watermelon
66	53	37	24.62834868	80.03430754	7.488014404	193.5957998	jute
80	10	49	28.4582112	90.37173678	6.339358723	28.9831531	muskmelon
40	61	21	24.11754013	21.56469783	5.800470428	60.27552528	kidneybeans
16	75	21	18.50692825	23.61670065	5.679224346	87.0513289	kidneybeans
16	21	29	27.40129433	94.63742265	5.859899433	153.9375022	coconut
72	38	23	23.25588312	74.82913698	6.234282575	87.1200297	maize
5	30	28	30.64429856	51.94401836	5.702840475	98.94117371	mango
0	69	19	18.31910448	32.28382296	7.038075287	117.50916	pigeonpeas
10	5	33	25.14332477	94.79619772	6.210649349	167.0145234	coconut
83	44	41	21.06516799	81.37912438	6.195130009	233.1990974	rice
80	94	48	29.01831608	80.27921686	5.731867517	90.85977409	banana
21	40	32	33.86906993	48.42868474	5.095313167	100.8124659	mango
6	64	20	21.47239228	60.01349025	5.422107726	123.2376612	pigeonpeas
17	64	18	19.68491638	24.96969858	5.846534733	122.3739557	kidneybeans
34	27	34	27.93160367	91.57719207	6.105662877	211.3681081	coconut
23	134	203	21.6466805	92.48508187	5.611861771	120.582892	apple
0	63	21	26.48533765	49.48756165	6.905230569	139.0526673	pigeonpeas
75	49	39	24.52079563	76.48805834	7.280002325	173.6212102	jute
119	35	17	23.08260804	75.09790399	7.371760015	65.13890876	cotton
11	9	40	24.96273236	91.98487332	5.690043961	107.2918721	pomegranate
1	17	6	10.78689755	91.38411917	6.8198271	117.5293447	orange
23	12	15	23.52064551	91.37532326	7.203513764	103.2430418	orange
72	40	38	20.41447029	82.20802629	7.592490617	245.1511304	rice
40	126	201	11.36300891	80.03100049	6.116982944	71.18289431	grapes
27	67	17	25.22843265	60.71399874	7.671142225	39.94004826	lentil
40	61	24	27.83638316	65.44625449	6.921334419	62.33654209	blackgram
83	60	40	20.42858975	80.87796284	6.453763015	243.2008794	rice
100	24	28	25.59535262	57.72920846	7.101661011	195.7733251	coffee
29	144	204	22.43324518	92.48667725	5.800448951	119.1025189	apple
97	29	54	26.95717835	87.32542186	6.360237301	45.78403602	watermelon
60	38	17	18.41932981	64.23580251	6.474476516	76.41312437	maize
29	72	24	23.17409556	36.67847052	6.962386495	162.5931264	pigeonpeas
22	16	40	23.80965663	93.69982451	6.139112411	112.4750941	pomegranate
96	10	50	24.42331565	83.85745047	6.568413512	44.35120817	watermelon
18	22	30	34.08227401	46.33582396	5.335139022	89.29147581	mango
63	58	47	26.83054058	90.75379971	6.864143752	144.6656444	papaya
9	13	8	10.01081312	91.43772166	6.591315347	102.6586649	orange
96	9	49	26.69630165	85.83661954	6.657897026	51.53722623	watermelon
126	37	21	24.35170982	81.3950205	6.462650969	79.45219184	cotton
8	134	203	16.0413824	81.71952434	6.378031136	70.3197438	grapes
12	11	42	24.96273236	91.33830505	5.648342802	109.378386	pomegranate
21	42	18	29.64022903	86.497055	6.623109549	51.38917677	mungbean
77	51	24	18.04185513	74.82913698	6.696470984	89.66971683	maize
10	20	33	33.13844125	49.96888977	5.457506231	89.29147581	mango
21	60	20	33.54780593	46.99060115	7.029041941	175.4300088	pigeonpeas
99	5	47	24.13078816	84.84494575	6.649086972	51.19470197	watermelon
71	52	36	25.44005853	82.41127907	7.25055786	184.1238391	jute
21	143	203	21.18735137	90.02575116	6.316435098	108.4231126	apple
43	61	49	32.70968605	92.76595543	6.543933361	128.3166255	papaya
80	55	44	24.71491376	74.90121119	7.289568154	180.5110567	jute
109	29	32	24.31774377	55.70270517	6.986469295	159.8976532	coffee
127	45	25	24.8652904	84.0383217	6.654304522	67.47222422	cotton
22	62	18	36.97794384	54.13432205	7.121983215	182.1193389	pigeonpeas
16	132	205	23.14265911	92.16242274	5.785521614	104.1284744	apple
23	69	21	21.54451167	58.36145657	7.445444883	160.8842935	pigeonpeas
112	59	20	23.61648982	77.0326446	7.358812467	69.99130243	cotton
21	44	16	28.96135502	85.68822777	7.199495368	39.58521041	mungbean
77	56	24	24.65042021	59.70241983	6.995843776	75.99341861	maize
92	7	48	26.27520631	86.63249555	6.956508826	54.38748495	watermelon
5	21	41	20.92598708	85.12912161	5.769614511	110.5031012	pomegranate
29	74	76	19.05052345	17.20351907	7.562932059	72.1231448	chickpea
115	43	17	24.88215249	82.0807187	7.199625672	60.65381719	cotton
17	74	21	20.94851273	20.60598317	5.77887614	97.62876038	kidneybeans
70	49	42	26.23719015	80.09381653	6.695958802	195.5609963	jute
130	47	19	24.70762323	80.36003265	7.039285471	69.12146326	cotton
31	65	84	17.02498456	18.72747801	7.010891885	84.00960216	chickpea
60	38	20	22.9575328	65.61366472	6.995843776	70.83519145	maize
11	17	30	28.06074316	96.42068759	6.002472105	225.6323656	coconut
35	134	203	23.04185724	90.50953455	5.951071085	119.3606327	apple
0	10	40	20.08870518	92.35731614	6.188949826	102.5184759	pomegranate
0	24	11	23.07540419	92.45653802	7.773329276	114.478419	orange
39	41	20	29.99627078	54.74819373	8.12464942	53.08130181	mothbeans
2	39	15	28.07219563	82.9116472	6.478557136	49.61865305	mungbean
102	40	35	23.05951896	59.68530952	6.020947179	199.4735636	coffee
73	43	42	26.58361011	78.00774772	6.310699968	154.8238864	jute
27	64	15	20.16080524	24.84207559	5.514927264	138.2362122	kidneybeans
109	5	55	29.14641343	91.928437	6.385634347	25.1039068	muskmelon
8	7	10	28.2620488	91.98317355	6.929216014	105.2132259	orange
39	134	202	33.17545374	82.68264027	6.187317291	69.73671599	grapes
27	68	20	29.94413861	67.83864368	6.847684323	53.39210433	lentil
35	133	196	31.83305942	81.658905	5.85616094	65.66528913	grapes
103	22	53	28.59098231	92.44048749	6.592142636	27.73899438	muskmelon
18	78	17	19.4263728	64.32169084	7.334662475	47.59249961	lentil
110	48	15	22.24703441	75.83573024	6.294780823	60.9213995	cotton
75	54	36	26.29465461	84.56919326	7.023936392	257.4914906	rice
106	20	32	25.72571215	66.50577058	6.957475566	151.4102346	coffee
4	144	195	22.2264797	94.27712291	5.994717645	118.6923184	apple
110	44	21	24.2676137	77.37837073	6.685458782	89.74096791	cotton
78	46	42	23.09499564	78.45959697	7.095413294	155.3851533	jute
84	45	39	23.2425828	81.47789057	6.96814422	269.437479	rice
119	19	55	25.18780042	83.44621709	6.818261383	46.87420883	watermelon
23	80	20	25.70869874	61.54414667	7.65884833	50.54001133	lentil
26	132	200	32.12935745	83.35329129	5.919972925	68.12318709	grapes
93	22	52	26.58740671	81.32563243	6.932739726	41.87540028	watermelon
0	130	205	23.67785403	93.31898032	5.560466353	100.1173443	apple
122	44	16	23.40638766	78.61791302	6.167751781	74.94161354	cotton
71	49	44	25.87872519	82.69066648	7.055109745	205.6685798	rice
90	55	42	20.80134358	82.25835956	6.090528689	202.037079	rice
41	80	81	18.37763155	16.17121466	8.654038172	73.51419321	chickpea
68	46	22	26.43808227	74.82913698	6.595082223	69.43925549	maize
11	52	19	29.6932396	84.99244944	6.544927881	51.44561329	mungbean
13	72	20	35.74369288	61.48236711	5.746646118	116.9982389	pigeonpeas
87	25	27	27.44525127	63.50689718	6.902860153	162.3800593	coffee
109	31	27	23.05951896	50.40609436	6.973839707	164.4971875	coffee
69	41	15	23.73866417	69.23841227	6.586581411	103.2424583	maize
91	24	55	26.27061608	83.09194521	6.259086583	46.76837499	watermelon
120	43	17	24.93234906	76.48239069	7.155047861	74.31063623	cotton
105	15	28	27.42532821	66.76664511	6.987976073	149.4343245	coffee
31	24	31	35.08110419	51.65730857	4.682027113	95.34848112	mango
38	135	203	41.36106301	82.79782954	6.444373116	69.92107482	grapes
37	71	16	26.28663931	68.51966729	7.324863481	46.13833007	lentil
2	140	197	22.69780133	92.82223419	5.53456749	105.0508234	apple
76	60	44	24.41316323	80.07629375	6.231864525	163.7441563	jute
30	53	18	26.82164567	42.98465352	7.825273001	51.07385067	mothbeans
94	22	25	27.92374437	53.74487379	6.494513296	160.1996479	coffee
40	35	21	29.15305255	87.04117831	6.908208072	46.65219872	mungbean
15	77	23	24.32666812	20.72354976	5.99812453	72.30653503	kidneybeans
24	22	39	21.27909971	86.28721984	6.358545024	105.622904	pomegranate
16	38	30	29.80980017	46.67267116	5.830497668	92.80583501	mango
17	145	200	22.56766389	93.55495063	5.778492845	110.7152267	apple
21	62	16	31.47650034	52.59937071	4.856361237	122.2635297	pigeonpeas
82	22	45	26.22338015	85.34866045	6.512196212	54.60159289	watermelon
14	11	12	19.70503684	94.21131822	6.889508684	119.6946577	orange
15	80	24	21.58002755	21.48427026	5.681220295	118.0720897	kidneybeans
15	55	15	22.87664279	23.17563364	5.91295933	149.7441028	kidneybeans
26	80	23	21.19955964	40.24162011	5.290969404	176.4743532	pigeonpeas
117	32	34	26.2724184	52.12739421	6.758792552	127.1752928	coffee
26	20	7	22.41520748	90.00621688	6.62098161	119.0480838	orange
17	45	24	30.13294972	50.07249511	7.558398028	59.59733829	mothbeans
36	17	39	23.47444284	90.59490847	5.561851831	105.4535152	pomegranate
38	21	35	20.33691147	89.38003827	5.841367187	110.9653137	pomegranate
12	66	20	27.41434987	63.41785982	7.336117221	44.43177543	lentil
17	60	15	28.65019606	82.65733418	6.599462146	59.87232071	mungbean
102	70	50	27.34505321	78.32730993	6.180377265	110.6889696	banana
25	143	197	23.15459094	91.09138403	6.036484358	111.3333728	apple
22	68	16	28.39106522	65.91826656	6.624635181	44.79304008	lentil
3	59	25	29.66169924	51.70856725	6.185434423	53.08575554	mothbeans
94	45	35	25.17158319	84.50688935	7.288784781	255.8427588	rice
31	59	50	39.3717532	91.9529642	6.633196314	173.0433952	papaya
48	64	19	30.90464627	64.90790606	6.916575891	60.41790253	blackgram
60	35	39	23.89833083	77.33768292	6.904400114	164.297284	jute
125	53	22	24.5502603	77.89176595	6.855878546	90.83389943	cotton
60	65	82	17.83097951	18.24677356	8.452783532	74.71524082	chickpea
37	55	23	24.61201736	24.96969858	5.750699377	60.27552528	kidneybeans
103	6	49	26.23411012	82.96931644	6.000975617	40.12650421	watermelon
23	133	202	16.17257466	80.3779925	5.768040067	72.62226598	grapes
27	40	29	33.70001197	50.51752021	6.1524186	94.30672444	mango
39	66	84	19.37230854	14.96349778	6.829336981	81.68871845	chickpea
44	78	75	18.03126098	16.63309474	6.641088602	80.73252536	chickpea
30	135	197	20.33844866	83.64894891	6.177426206	67.48608687	grapes
35	139	205	23.74732367	94.42452509	5.740805485	116.0973371	apple
35	14	44	22.11294385	93.04636106	6.621886929	108.7749654	pomegranate
2	78	23	21.31852148	66.43934593	7.320514721	45.42616802	lentil
23	66	24	21.45264931	20.45175248	5.99812453	95.19948982	kidneybeans
85	60	40	25.52188653	72.44648019	6.498993423	166.6828879	jute
102	13	51	26.86691505	88.49920362	6.956508826	55.34986005	watermelon
95	52	36	26.22916897	83.83625819	5.543360238	286.5083725	rice
29	73	16	18.64882592	22.83387797	5.64981492	134.2948835	kidneybeans
99	80	46	28.51229052	84.47277968	6.097606121	103.8059861	banana
98	22	47	29.07265321	91.91533173	6.341400922	28.83568362	muskmelon
0	42	20	29.00283575	87.62786901	6.218923893	59.87232071	mungbean
117	20	51	28.11554267	94.96218673	6.42069217	22.4729256	muskmelon
48	68	79	20.33403518	16.0556139	8.336095462	77.52925532	chickpea
21	12	37	18.83383095	94.99897537	6.645330485	107.355796	pomegranate
20	48	16	29.34832722	88.11829618	6.667404478	52.38051401	mungbean
31	14	9	24.5278088	91.54130959	6.411428344	109.2368402	orange
25	66	16	27.16904456	62.72428125	6.562117483	38.42214148	lentil
80	28	35	25.87604066	63.85963883	7.396376694	183.4535048	coffee
42	67	18	28.56921377	64.24299788	7.308449936	70.53870249	blackgram
101	85	53	27.83654614	78.69695265	6.104295466	94.78243988	banana
25	57	18	21.82732788	65.89912532	6.313909348	45.85629987	lentil
23	57	19	32.83963757	67.99803573	7.251000789	73.40452716	blackgram
91	41	37	24.48556447	83.20630007	6.132570523	192.2316221	jute
90	60	37	25.15620013	78.09912405	7.331817861	184.5533786	jute
0	131	200	13.86897862	82.01138823	6.090765686	68.03507913	grapes
26	126	197	23.44828446	90.26069428	5.651759969	112.3032154	apple
100	29	26	24.45701187	62.41019529	6.020947179	171.8037526	coffee
24	49	18	26.57228192	60.91558804	8.819954217	59.38551601	mothbeans
76	44	17	24.76768825	59.62863225	6.174984716	83.58229695	maize
64	53	38	26.24347471	78.51063754	6.855362875	183.4065252	jute
32	18	6	10.93104803	92.78153999	6.930531868	112.1256127	orange
29	21	45	23.40981539	93.13277	6.749260456	105.2240743	pomegranate
110	14	52	29.14166786	93.71490961	6.010490161	24.81673355	muskmelon
91	55	42	25.50855002	80.12267476	6.625910732	207.6666805	rice
51	59	50	30.51101945	92.30642211	6.814729916	177.9204495	papaya
42	53	48	23.11407669	94.31994776	6.758479569	231.5153161	papaya
107	41	19	22.00085141	80.78653754	6.896451732	71.29386124	cotton
10	56	19	28.6106077	51.2955329	7.509791637	59.67318286	mothbeans
3	29	30	29.03074011	48.8036633	5.699906618	92.80523527	mango
18	9	35	28.31741696	95.50999695	5.50158009	175.3460049	coconut
56	78	19	30.85777431	63.99152308	6.897947222	68.7283919	blackgram
12	139	198	21.70932836	90.02575116	6.200826754	116.2727936	apple
10	78	25	19.56672896	22.67697145	5.85590276	88.73093023	kidneybeans
16	66	18	24.48744952	44.52393959	5.01137121	178.1887541	pigeonpeas
39	37	15	28.9973145	83.78911515	6.821747052	59.84499208	mungbean
40	66	16	19.61773551	21.34803625	5.870137701	77.84314329	kidneybeans
3	53	19	28.92342135	81.1676607	6.610849345	57.99494021	mungbean
3	27	44	24.56811204	92.03009222	6.591302797	110.9633894	pomegranate
60	60	44	24.3690387	87.56869783	6.446745603	168.1994022	jute
71	43	22	26.54986394	61.46333002	5.814618626	100.6067912	maize
40	39	20	28.74080706	86.89244604	6.757652651	59.87232071	mungbean
87	45	42	23.09433785	84.59659076	6.641044222	172.2975223	jute
90	84	51	25.01018457	78.51434215	6.124763403	99.04439997	banana
18	20	42	23.86863174	90.6819238	6.151063823	107.8755324	pomegranate
36	69	16	15.33042636	24.96969858	5.502999119	94.89971754	kidneybeans
36	59	16	29.49077468	68.88712942	7.378583586	65.68916691	blackgram
102	45	16	23.65629976	77.52425987	7.2942193	74.8984994	cotton
2	123	198	39.64851881	82.21079946	6.253034534	70.39906054	grapes
21	52	22	27.06049007	89.5117061	6.619376874	59.87232071	mungbean
96	24	30	26.20921887	51.26315118	6.502428462	143.1798112	coffee
4	17	25	31.19746065	49.52416525	4.860472898	95.58409465	mango
3	79	22	22.4524214	20.44439254	5.691536295	118.0820667	kidneybeans
89	78	54	28.23044448	80.85196345	6.092777965	111.418488	banana
34	134	200	22.25522925	91.89276755	5.909550728	109.2780134	apple
97	18	27	26.76785363	58.3477971	6.9887711	199.4735636	coffee
101	8	48	28.19665841	91.75959186	6.480601512	21.40325976	muskmelon
19	141	197	22.67543233	92.66385507	5.542103096	106.5592204	apple
102	27	52	29.94349168	93.82790307	6.618241452	24.50572253	muskmelon
30	7	15	33.23453301	91.06053924	7.825531916	115.7659902	orange
6	36	22	24.21610338	59.79236306	8.869532817	42.24783476	mothbeans
25	16	12	16.25619469	90.00621688	6.284505828	115.5102317	orange
86	14	50	27.92241036	92.12203865	6.311021653	26.98011487	muskmelon
23	62	18	27.37988085	44.37172368	6.702979765	154.0318193	pigeonpeas
85	81	51	28.50402639	84.95891144	6.095208711	108.7450423	banana
28	58	17	16.90690781	21.76958528	5.776924471	149.3937403	kidneybeans
3	132	200	21.97093714	91.74406944	6.48721887	113.503969	apple
42	56	55	32.60142209	94.94482086	6.949801633	164.6773938	papaya
23	145	205	14.03923411	81.30260685	6.499604931	74.18845238	grapes
100	41	25	18.04185513	58.87972652	5.753862798	100.4136813	maize
32	37	18	29.39472304	84.49596541	6.515718543	49.42231081	mungbean
101	91	52	27.36711577	78.02398221	5.505393833	108.345862	banana
18	35	20	29.19975126	85.4327468	6.831626577	47.62528012	mungbean
17	64	17	22.86861841	55.64401192	7.325826496	157.4279048	pigeonpeas
39	29	29	26.50908611	94.48414544	6.143662699	199.8778403	coconut
67	40	40	24.38975047	74.90312801	7.488014404	199.8362913	jute
78	47	20	21.39864265	63.23693436	6.220299159	99.29880629	maize
45	75	79	19.49540654	18.05254296	6.378248091	90.22526673	chickpea
56	60	51	34.77064692	92.82304959	6.635255087	127.6089419	papaya
40	22	6	24.53610067	91.90997228	6.488221135	115.9787989	orange
20	68	80	18.82498148	18.67310708	7.671972919	73.51369448	chickpea
20	72	18	15.33042636	24.38733003	5.893725112	121.2100499	kidneybeans
86	46	42	24.65168393	83.94947868	6.98190559	182.5879391	jute
54	66	52	36.56769731	93.79503425	6.867554147	104.4218596	papaya
6	74	22	19.97288335	24.63623632	5.753786204	118.6565099	kidneybeans
60	74	77	18.85438797	16.31036375	6.56651779	77.98937753	chickpea
39	127	205	14.09619234	81.9888538	6.268239571	65.01095312	grapes
118	33	31	24.44367413	57.90190724	6.684391611	115.1564012	coffee
60	67	15	25.09737391	63.89271346	7.533516547	72.92207418	blackgram
0	19	45	21.95996016	91.41403156	6.145491134	105.2276768	pomegranate
26	20	9	27.06749917	91.3752544	7.233991879	110.6751298	orange
69	54	36	25.55277279	80.82409853	6.527116912	166.8898408	jute
94	39	18	23.89114571	57.48775781	5.893093135	102.8301942	maize
40	13	38	20.07440994	91.37743994	6.365800733	105.3344429	pomegranate
25	65	20	19.24640138	34.19862006	5.593343615	134.1446526	pigeonpeas
40	43	20	30.94896945	54.75157412	5.43007708	74.44330654	mothbeans
1	126	199	24.66246627	82.03672622	6.008379274	71.46481347	grapes
16	75	22	19.43812555	20.56444544	5.700339721	130.260141	kidneybeans
6	72	15	22.99451999	66.70897237	7.670178119	54.49044154	lentil
21	12	33	26.3240726	98.11923205	5.777604851	149.1059786	coconut
97	30	49	25.69006959	82.49531474	6.699287931	52.85627505	watermelon
20	27	41	20.51343484	92.51675903	5.700088663	110.5764023	pomegranate
92	20	45	25.52080067	85.32554402	6.619798821	56.47992089	watermelon
62	39	43	20.0454142	82.41671266	6.097543084	276.8561042	rice
31	143	200	22.98352086	93.52366772	5.83504926	101.0119027	apple
17	77	24	20.76952209	18.93146941	5.568456899	109.0193712	kidneybeans
39	78	15	21.35499456	62.60136323	5.925391795	41.78219834	lentil
14	24	39	22.87765241	90.79729829	6.43010627	106.4496725	pomegranate
30	67	21	22.23310254	68.45575063	7.840707515	38.28328593	lentil
80	15	28	23.11438731	68.00096043	6.703270635	161.8944624	coffee
113	42	19	22.80801171	80.93493217	7.801808752	87.70072525	cotton
59	63	18	31.65531175	60.13263713	6.52669158	66.69096751	blackgram
25	22	34	27.1821601	54.01656126	5.72690171	93.58171529	mango
69	37	19	21.78482873	70.78337097	5.651434151	89.23390292	maize
60	51	36	22.69657794	82.81088865	6.028321558	256.9964761	rice
23	68	25	36.97794384	46.34631054	5.108835053	178.8457933	pigeonpeas
30	70	20	20.85102086	21.2339758	5.900199135	70.02983705	kidneybeans
67	49	20	23.22661075	55.28220433	6.047790743	74.00583387	maize
85	38	44	23.03123102	80.12267476	5.834842073	202.3611407	rice
96	52	37	26.49792031	83.0661303	7.005025348	159.9165955	jute
53	73	85	20.49429378	18.77209058	6.207901994	76.93893249	chickpea
104	17	48	26.98603693	84.84949925	6.537391064	54.19189864	watermelon
98	92	49	27.15829698	80.66244184	6.021224834	90.10978128	banana
129	48	21	22.84123572	79.01041226	6.157713836	73.94550838	cotton
33	145	196	8.825674745	82.56010616	6.186175485	65.01707811	grapes
15	26	38	22.45499384	91.32298103	6.134154579	108.9563249	pomegranate
15	28	32	28.84270971	99.64328526	6.218571874	224.4016682	coconut
40	60	18	25.15109079	64.6746407	9.133472026	48.74518567	mothbeans
127	49	15	25.56499427	83.40403712	6.741740354	94.52874207	cotton
78	55	24	20.75719752	65.20775447	6.995843776	109.7515385	maize
83	60	40	24.44710292	84.01519047	7.054848222	252.793906	rice
47	63	17	29.16013766	64.48833635	7.775306272	70.51604686	blackgram
84	49	38	21.40011328	80.36254218	6.331840221	278.6304039	rice
21	6	41	24.88244467	89.39686219	7.086947687	107.1951707	pomegranate
4	20	25	28.93270187	47.94053996	5.664587011	99.9834242	mango
60	45	35	24.35357819	80.15644673	6.707158987	212.0823638	rice
16	70	20	24.80467592	40.1242747	5.6093956	121.5639121	pigeonpeas
22	23	44	20.13037175	89.31505137	6.143874691	107.3416913	pomegranate
47	65	55	32.63344448	90.84997202	6.679396658	228.5635931	papaya
18	133	199	21.78370496	90.93993027	5.514253142	117.8722379	apple
44	78	24	28.04327829	63.74014321	7.215917888	74.91559514	blackgram
21	70	19	25.1916489	61.35635836	7.117521901	35.87662017	lentil
22	55	19	24.08960151	64.07065743	7.125399864	49.26811197	lentil
90	12	53	25.37367157	81.07113594	6.477678031	59.73940615	watermelon
7	62	24	22.14527629	62.89320294	6.233226353	35.03484812	lentil
110	21	55	27.02415146	90.01506395	6.531961129	26.05661842	muskmelon
22	123	205	32.44577836	83.88504863	5.896343436	68.73932528	grapes
15	67	16	22.92426906	63.73940936	7.032059183	52.90426771	lentil
1	132	195	21.74971772	93.18351307	6.082026968	114.4074457	apple
132	52	19	24.16402322	76.7433897	6.436691764	61.94626051	cotton
21	68	22	29.30922315	35.39567513	5.421779234	113.0525139	pigeonpeas
26	67	24	15.5483276	21.22961469	5.90848621	102.5297892	kidneybeans
110	39	18	24.54795322	75.39752705	7.766259769	63.88079866	cotton
12	63	19	35.83932236	30.40046769	5.184541507	162.7246263	pigeonpeas
8	127	196	27.02766138	83.17093908	5.833302165	70.95666003	grapes
106	21	35	25.627355	57.04151119	7.428523634	188.5506536	coffee
77	60	19	23.8376912	62.78917726	6.079857664	67.87425958	maize
41	65	55	37.59507125	92.00462158	6.853914447	115.4784667	papaya
103	40	30	27.30901814	55.196224	6.348316257	141.4831644	coffee
32	36	15	28.68019697	87.87179181	7.199495368	47.69727141	mungbean
48	65	20	29.03776058	67.52252418	6.977440144	73.45270286	blackgram
0	15	40	21.10063538	89.68463848	6.412548914	108.0851296	pomegranate
117	90	48	29.04563669	84.97849241	5.858281245	100.6425311	banana
120	22	46	26.14124377	86.3989549	6.527454116	46.59213993	watermelon
27	39	31	32.21544315	53.00084232	5.486071057	93.63006704	mango
54	70	47	30.64030318	92.67928575	6.725248436	93.37288944	papaya
123	49	17	22.65656599	80.25185658	7.318885194	74.33949398	cotton
84	27	29	23.32293161	53.00366334	7.167092586	168.2644287	coffee
104	80	54	27.09062164	81.33506906	5.879119455	110.1331182	banana
19	55	20	27.43329405	87.80507732	7.18530147	54.73367631	mungbean
21	61	22	29.21093742	47.77909088	6.882140092	149.7943306	pigeonpeas
94	14	51	25.82098366	84.63662933	6.364224225	53.21468967	watermelon
73	35	38	24.88921174	81.97927117	5.005306977	185.9461429	rice
92	18	54	25.4061778	89.98405233	6.408454077	47.65094024	watermelon
60	52	22	18.04185513	62.65415495	6.08263379	85.25788124	maize
19	45	15	27.80030004	87.70452607	6.773578122	41.13215696	mungbean
55	65	50	40.22968815	90.05887742	6.653466949	72.59800403	papaya
86	38	38	23.09433785	74.74093792	6.997469864	169.2360635	jute
99	77	52	29.13107284	78.57368031	5.910914426	93.2602944	banana
40	48	50	41.29888894	92.66706176	6.771210767	74.94072949	papaya
35	24	11	22.13979487	94.04996532	6.856934267	101.9416929	orange
103	29	46	29.18197456	94.71061857	6.595657925	24.63840051	muskmelon
39	70	16	27.82084767	66.1860812	6.779361899	71.99312923	blackgram
26	14	35	18.07132963	93.16871729	7.005000474	105.5192354	pomegranate
37	76	81	18.30547767	17.92579564	7.181788344	72.9449635	chickpea
29	61	17	31.82417855	65.37438552	6.565659544	67.26742073	blackgram
78	60	36	20.87309095	81.63178278	5.732853271	183.3465165	rice
99	20	35	27.92374437	51.34797471	7.049711909	150.4189462	coffee
95	13	53	29.26364516	94.91915451	6.19278562	29.10572013	muskmelon
63	53	17	22.15276261	67.08830918	6.995843776	98.26311155	maize
60	79	19	31.7525949	68.41372861	7.291677845	60.41790253	blackgram
14	65	21	21.791198	23.44142962	5.843694134	149.7441028	kidneybeans
28	145	201	23.99686172	94.38644403	5.972524321	112.4168903	apple
121	47	16	23.60564038	79.29573149	7.723240151	72.49800885	cotton
109	43	22	25.99237426	81.8517766	6.861707612	99.01078565	cotton
28	58	81	17.47500984	16.54314829	6.18042747	93.35034262	chickpea
20	7	9	29.47741671	91.57802915	7.129136941	111.1727497	orange
120	18	53	29.20399424	91.72124248	6.166973877	25.83410864	muskmelon
55	61	53	23.0124018	92.4890871	6.879290607	159.9681101	papaya
27	76	20	20.85113353	23.04057373	5.739721074	92.75976754	kidneybeans
106	33	34	27.01859314	64.78644868	6.979474674	115.1564012	coffee
106	46	20	23.43821725	78.63388824	6.200671976	81.15072105	cotton
72	60	15	22.31236446	66.43863685	6.022536832	83.75389791	maize
94	51	39	26.98582182	89.89106506	6.44705423	163.5664438	jute
86	6	53	25.92030221	83.47202566	6.921847888	42.10681516	watermelon
15	140	198	22.70325093	92.01596919	5.675768055	100.7373238	apple
16	8	9	24.60297538	91.28408653	7.601189843	111.2948115	orange
32	55	22	28.91761036	62.82000818	7.405450657	74.91559514	blackgram
79	45	43	25.71901283	79.15532398	7.171054239	187.1735424	jute
118	15	29	27.92374437	56.89191474	6.520530494	165.3929128	coffee
79	51	39	20.52180078	82.45525598	6.274803986	226.5770494	rice
35	15	35	25.20929754	93.57279677	5.785214882	167.4123542	coconut
21	13	40	23.43906499	90.01661773	6.366643778	107.6073625	pomegranate
24	56	85	18.19903647	17.41333199	6.545888558	80.6405403	chickpea
84	55	38	24.19178343	78.31900643	6.181220103	167.7999844	jute
128	42	15	25.90014761	83.86700224	7.338569371	68.9591624	cotton
32	13	15	10.01081312	92.88178748	7.448024074	107.9900395	orange
18	70	25	18.56519246	20.89848374	5.985586512	71.61138466	kidneybeans
81	40	45	25.7629429	80.76238215	6.427726565	174.5071843	jute
16	20	33	27.00315545	47.97480479	5.961854892	89.9960674	mango
23	78	24	31.15430475	56.5907742	5.380632155	145.2898872	pigeonpeas
100	46	18	24.18586246	76.04203958	6.431689506	69.08056728	cotton
16	14	30	29.70931288	96.30484325	6.37466756	209.8453993	coconut
18	23	25	25.00872392	92.03138006	5.682925223	192.4253382	coconut
23	15	43	23.45447097	91.34392499	6.353586813	112.4750941	pomegranate
75	44	36	23.73071661	73.31320443	6.463760956	179.3593152	jute
12	19	41	21.88859182	94.99897537	6.986802996	107.8937487	pomegranate
2	77	22	24.97729513	45.40237394	6.275555661	158.1771174	pigeonpeas
59	62	83	18.57665902	19.22008229	8.104396058	72.94940441	chickpea
9	5	5	33.21921804	91.88922361	6.593608001	118.6952334	orange
116	37	20	22.39246061	80.04868536	5.93462309	80.57215546	cotton
50	63	49	31.45630411	90.92647539	6.637512981	167.2711028	papaya
85	95	45	28.13018403	75.03193255	6.481435334	90.10978128	banana
82	44	37	25.47209173	70.88259632	6.66574351	162.9052536	jute
2	79	15	21.53577883	65.47227704	7.505283615	35.75107592	lentil
40	36	20	27.90784699	50.22537541	5.889294422	58.20771045	mothbeans
25	58	20	20.53290006	69.92375891	6.480063102	47.26597912	lentil
90	53	35	23.37849504	83.04629778	7.178935805	223.6841982	rice
61	41	17	25.1420613	65.26185135	6.021902237	76.68456006	maize
21	18	6	25.51577393	93.63441318	6.010391864	108.8822557	orange
12	30	41	18.50829374	91.69269556	6.809130072	105.3457435	pomegranate
80	17	48	28.84740924	91.27753426	6.002927293	25.98071111	muskmelon
29	134	201	21.85462722	90.83621819	5.843549488	105.7308319	apple
24	126	198	17.55657363	81.24021379	6.020375968	70.00726188	grapes
69	37	42	23.05804872	83.37011772	7.073453503	251.0549998	rice
51	70	23	33.52770961	60.98311553	7.297876064	69.13322167	blackgram
27	19	15	28.27736476	91.45588151	7.148007639	107.4727058	orange
27	44	18	31.99928579	48.65804056	6.517491435	42.94814863	mothbeans
93	83	46	29.38254012	83.50423735	5.765308943	109.2486647	banana
60	41	42	24.86219387	84.12841388	6.479366346	230.8614129	rice
26	136	197	23.41331125	93.03254481	6.350650312	117.806812	apple
35	63	52	32.07371083	93.36684251	6.59775488	203.7975496	papaya
0	72	24	17.50075069	19.4375908	5.656310929	108.4512392	kidneybeans
18	79	23	18.79991144	20.82959529	5.771179492	86.13752424	kidneybeans
35	22	32	32.27650431	51.74752489	6.815458263	98.37644082	mango
25	19	26	30.06409089	48.83968715	6.034958817	94.46984177	mango
36	72	19	24.34943529	62.32970708	7.425493179	38.48749112	lentil
26	27	10	28.06903173	92.91487288	6.079998496	114.1339416	orange
39	70	52	26.26559543	90.79668055	6.65149129	59.49373381	papaya
68	52	38	26.28589946	76.16139503	6.742531872	180.2920667	jute
56	50	50	28.03696507	90.03863107	6.534942628	248.8592986	papaya
14	69	21	21.05823501	23.95958335	5.833893332	118.2420011	kidneybeans
74	41	43	25.14515159	78.14551675	7.302935464	170.5876779	jute
107	42	19	25.5314709	80.45507736	6.710040078	81.80346028	cotton
59	62	49	43.36051537	93.35191636	6.941496806	114.778071	papaya
49	61	16	30.07638873	64.12436903	7.094091844	67.34739741	blackgram
74	48	19	24.81380609	61.79333767	6.665921208	98.74763772	maize
79	57	42	26.3810656	83.05556762	7.301974499	295.4174385	rice
21	27	26	28.79625716	49.94042729	5.209400865	92.95023493	mango
37	15	27	32.78834147	49.28919933	5.832211313	89.29147581	mango
99	12	45	27.96733891	93.46203615	6.134198829	26.38981708	muskmelon
38	19	35	26.97407046	95.54545198	5.757205553	131.0900076	coconut
17	61	19	31.63749028	49.45901174	6.970331654	110.2186269	pigeonpeas
107	80	45	25.01018457	82.48797262	6.19358505	109.4381087	banana
63	62	54	25.29851298	92.8200291	6.699848321	191.6489436	papaya
32	60	83	19.69141713	19.44225438	8.829273328	91.76071648	chickpea
94	18	47	28.27716376	91.51995196	6.373266408	22.66455375	muskmelon
119	12	53	25.36339127	86.31905241	6.63090187	59.75980023	watermelon
18	13	32	26.77546635	92.60906889	5.721710446	194.2272274	coconut
38	13	45	22.50385098	90.10964786	5.782168079	106.0087795	pomegranate
16	75	20	20.33669505	24.443865	5.596335962	149.7441028	kidneybeans
24	10	37	20.94727873	94.99897537	6.190930093	105.3680215	pomegranate
37	59	24	30.45315476	45.05513368	8.147030475	59.48972898	mothbeans
79	51	16	25.33797709	68.49835977	6.586244581	96.46380213	maize
107	30	53	24.60207098	80.02621335	6.582671657	49.48076341	watermelon
21	15	38	22.39946622	94.97048074	7.16632415	106.3530565	pomegranate
40	143	201	24.97256132	82.72828653	6.476757723	66.70016285	grapes
112	54	15	25.46228792	81.56641891	6.175492306	76.88582484	cotton
60	46	41	23.99985026	73.66652388	7.488014404	173.4432345	jute
87	57	40	26.98582182	87.72169408	6.611838496	160.368008	jute
140	56	18	24.07005474	80.18916918	7.189653056	64.00879111	cotton
2	66	18	26.30018919	60.09116626	6.59812133	53.35382549	lentil
99	5	45	29.03909314	91.2125776	6.304953399	24.57744402	muskmelon
28	66	78	18.39831067	17.75904047	8.334513827	67.7128312	chickpea
73	49	36	24.99025573	76.51265571	7.33605916	199.8362913	jute
12	30	30	29.25483095	51.18749092	5.699841535	89.29147581	mango
89	35	37	23.72765473	84.43570187	6.602447859	189.6789619	jute
100	30	48	24.04355803	85.11603798	6.127544069	40.12650421	watermelon
44	55	79	18.64681886	16.47698676	7.248468955	83.27020377	chickpea
90	16	45	29.76031947	92.74982671	6.636488259	24.33670854	muskmelon
118	32	28	27.02604256	55.76329478	7.397645662	163.9224409	coffee
40	66	25	28.88206083	66.12732851	7.403736185	37.74303664	lentil
97	73	53	29.90888522	77.64308482	5.549766972	109.5954855	banana
72	35	21	20.56705405	64.58066118	6.088411349	106.9303622	maize
5	15	38	18.26233221	88.16779129	5.709380472	108.0756727	pomegranate
32	18	13	13.8377282	91.74780462	6.044167236	107.9873218	orange
60	75	19	30.46697767	65.48422682	7.476537319	71.4334278	blackgram
34	55	25	33.80141385	68.03741702	7.006888637	63.94106458	blackgram
21	51	20	31.99928579	47.89726377	5.806472726	65.97212274	mothbeans
32	30	33	31.07834197	48.03280406	6.938269265	99.57172073	mango
25	76	24	15.33042636	24.91506728	5.56503533	135.3315583	kidneybeans
91	25	26	24.53460016	66.99765375	7.482414225	180.5059257	coffee
95	30	52	28.70288612	91.65128094	6.57246763	27.87134786	muskmelon
31	131	202	22.66729364	92.57949758	5.904921988	124.9831618	apple
75	38	39	23.44676801	84.79352417	6.215109715	283.9338466	rice
36	43	22	27.82684262	87.16679147	6.389882166	58.37249772	mungbean
31	55	22	22.91350245	21.33953114	5.873171894	109.225556	kidneybeans
22	61	21	24.47169404	65.71214111	6.709087188	52.92318302	lentil
25	129	195	17.98667801	81.17712085	5.777271492	72.37127689	grapes
100	57	22	23.33791379	84.87668973	6.513187383	80.27679025	cotton
13	57	22	27.56000093	45.78383583	7.034157264	58.78064636	mothbeans
19	61	18	15.87123301	21.0830031	5.922123913	88.23292229	kidneybeans
33	55	24	26.58277299	52.18895897	4.850681611	198.8298806	pigeonpeas
84	42	18	22.02152422	64.70296498	6.290659185	89.25765535	maize
81	95	45	26.23374095	81.66035286	6.101288398	107.2196531	banana
48	80	25	27.28852322	62.34189005	7.237674227	65.26685252	blackgram
99	46	38	26.51022517	71.08456236	6.421128246	158.044481	jute
25	26	29	28.21633005	50.04994728	5.734943881	93.00022716	mango
4	145	200	33.98684847	81.54783321	5.592439033	74.91506217	grapes
12	12	29	26.27230835	99.98187601	5.990391825	201.3724614	coconut
113	49	21	24.00533915	79.056465	7.312786882	81.33494441	cotton
85	51	38	26.07710575	81.70984642	6.994066637	244.5277065	rice
97	43	35	26.53552259	82.86090547	7.150035099	207.8283208	rice
28	48	15	25.16125354	55.25435777	9.254089438	40.89732789	mothbeans
120	88	50	25.01018457	84.97849241	5.713835461	116.2488986	banana
37	37	29	31.34645423	52.33553688	6.662592695	93.86971041	mango
116	82	48	27.70121571	80.21643114	5.795583043	119.84797	banana
15	74	21	24.25490262	48.9886128	4.603613977	157.9888047	pigeonpeas
80	23	25	25.46756573	67.25447546	6.923176965	162.8352289	coffee
18	62	20	22.36701931	61.29419248	7.027981421	49.17441837	lentil
87	37	38	24.5084446	80.02214762	6.249309829	164.7660949	jute
105	14	47	28.57020761	94.10269833	6.059952432	26.92052531	muskmelon
97	26	52	24.98241533	86.27009084	6.324388043	40.12650421	watermelon
13	17	34	27.85326653	49.72142539	5.99230233	89.29147581	mango
118	43	23	23.91957698	75.00539324	6.745838172	91.12593518	cotton
37	50	23	29.65296893	88.48587386	6.5304707	56.01913159	mungbean
9	55	21	23.86930345	60.72362641	6.293348762	184.477926	pigeonpeas
31	48	17	28.88078945	86.94206817	6.594739424	53.79732545	mungbean
38	66	82	18.38678773	16.57640531	7.580310165	72.21797249	chickpea
18	12	35	26.13958446	96.38580769	6.338720873	131.3387935	coconut
16	132	200	22.93664624	90.89800311	5.631061684	100.1173443	apple
24	5	34	26.99076001	97.78312754	6.08634956	131.0900076	coconut
15	16	9	11.99122118	92.56158808	6.010391864	100.1737964	orange
107	15	46	25.45093509	80.02621335	6.487286373	47.37245118	watermelon
1	26	41	19.47514404	92.3309232	6.485624293	110.5799244	pomegranate
2	30	43	19.18381517	88.96322882	6.812324027	107.5620755	pomegranate
32	27	42	20.77092506	88.86615456	6.454407776	110.4658917	pomegranate
40	144	205	22.83412938	81.87548873	6.15254858	67.12299084	grapes
120	16	48	25.80195324	84.11695255	6.563499615	45.44464972	watermelon
25	68	19	29.39982732	64.25510719	7.108450121	67.47677295	blackgram
22	10	44	21.9154047	89.16799156	6.830840324	107.8087085	pomegranate
113	41	20	25.0017188	80.53965818	7.256877571	96.32600992	cotton
16	74	18	20.53467089	19.02250884	5.569140095	124.3662344	kidneybeans
0	19	41	20.75185892	94.99897537	5.641266836	106.8201431	pomegranate
13	52	17	31.07068893	49.80464041	5.890959554	70.89686234	mothbeans
16	60	20	24.3773664	69.92375891	6.488250364	40.74435046	lentil
103	25	48	29.75503506	93.20256318	6.35570708	25.21782739	muskmelon
17	68	21	28.12218082	66.80815772	4.548202098	115.3542046	pigeonpeas
13	17	40	21.58203982	89.23085429	6.310427647	104.1092246	pomegranate
13	77	15	16.7857668	23.31658044	5.59919365	125.7628999	kidneybeans
89	54	18	18.38179217	74.82913698	6.045162264	93.48171062	maize
57	61	17	33.55015721	63.76876074	6.500144962	61.8194393	blackgram
19	64	16	18.84658984	20.32941422	5.660488825	129.8026175	kidneybeans
93	82	53	27.51310359	82.42280016	5.97250133	105.9692326	banana
86	55	21	21.54156232	59.64024162	6.803931519	109.7515385	maize
22	28	32	33.30861138	49.83029137	5.309868634	89.29147581	mango
19	35	21	28.21891232	82.40316466	6.755066643	45.34127673	mungbean
80	18	31	24.02952505	58.84880599	7.303033217	134.6803969	coffee
113	40	22	22.80754637	75.00539324	7.869456157	78.8573966	cotton
118	25	46	24.79583957	81.27770164	6.577748683	53.81200776	watermelon
60	55	76	18.80674045	19.51805844	7.934299682	77.40715812	chickpea
17	52	18	29.71947831	86.35562599	6.474829352	54.40633658	mungbean
28	51	17	24.01825377	44.83319538	6.790251878	43.08085178	mothbeans
60	72	20	31.70693218	64.88590265	7.775306272	67.53135218	blackgram
86	53	44	24.30207471	75.67829232	6.20523193	183.5231897	jute
96	24	55	25.65027733	89.17357726	6.956508826	57.74984574	watermelon
26	45	17	29.53543414	52.47805656	3.504752314	56.92777821	mothbeans
92	21	48	25.81692236	82.043255	6.377427122	54.82963379	watermelon
134	47	19	25.50759091	79.17438359	6.827070898	64.8231731	cotton
16	29	28	31.47719705	46.62306211	6.16884222	95.08988455	mango
40	46	49	31.17732963	92.94049124	6.760746186	168.0129312	papaya
3	35	29	30.9312576	51.45301235	5.591736946	90.0964429	mango
99	19	48	27.99201782	92.46492402	6.109378392	23.02112956	muskmelon
31	6	40	18.07132963	89.29283451	6.094470727	105.1332208	pomegranate
65	65	47	31.65183187	92.92752699	6.553220515	207.9218902	papaya
98	31	35	27.92374437	56.58810832	7.071178117	115.1564012	coffee
13	23	35	33.45347016	49.34236092	6.145895742	89.29147581	mango
105	47	21	24.55381412	75.57188106	7.634401419	69.34450181	cotton
9	47	18	27.67978667	44.8917455	6.207325967	54.46584222	mothbeans
128	48	24	24.5807392	83.41656009	7.994679507	80.33493196	cotton
25	56	17	28.28195257	89.9787555	6.591700401	43.48797275	mungbean
22	36	28	35.58343282	49.10446448	5.962191896	89.88265595	mango
8	133	195	20.46657776	80.97598029	6.456079585	71.29813872	grapes
46	73	82	17.55326597	16.35939245	8.546566964	80.82371032	chickpea
93	55	22	22.41665846	61.91280643	6.034533313	90.31959413	maize
26	38	20	29.02414467	83.02581993	6.707912043	47.08249506	mungbean
115	83	47	29.4277072	77.54557253	5.542841439	110.6464043	banana
108	41	25	25.06859667	80.47248194	7.490219156	81.30000099	cotton
20	42	17	29.68890326	82.66929029	6.486716117	48.33852989	mungbean
101	30	55	25.99646391	83.02775892	6.956508826	54.41698221	watermelon
0	145	201	22.38356105	94.56576891	5.920794306	117.0566621	apple
24	141	203	23.15978539	92.220071	5.799441683	117.5112538	apple
89	85	55	26.6719835	76.48541655	6.275384607	91.73358569	banana
112	42	25	22.60684852	75.00539324	7.994679507	77.83864176	cotton
13	48	20	25.52525648	63.03835381	9.93509073	61.91179176	mothbeans
37	62	17	25.68576704	69.84354028	7.121254928	74.62068748	blackgram
102	51	21	24.27500933	75.80543325	6.981577304	71.87446462	cotton
12	10	13	21.6691687	92.52427919	6.758628188	103.1332201	orange
52	68	78	17.48504075	16.96070581	6.89655198	86.05078037	chickpea
32	15	31	26.34806821	96.1139327	5.785442914	165.9771078	coconut
31	127	203	17.79889566	83.70853478	5.510924849	68.69844601	grapes
58	55	82	18.35737393	14.96212676	7.236713207	78.44764093	chickpea
129	35	20	22.27068806	83.97329098	7.352505941	91.8056643	cotton
124	37	23	24.07385884	81.30193929	6.724372619	60.65381719	cotton
17	54	20	28.49379611	87.19690264	6.218923893	50.8109614	mungbean
15	39	16	28.60305783	47.57329756	6.162120482	31.4292637	mothbeans
25	68	19	24.38682184	66.35437038	6.299129473	41.87670333	lentil
110	27	51	29.15557261	92.88560648	6.40322486	21.75941827	muskmelon
59	55	19	31.74379487	62.51007687	7.332375138	68.97097538	blackgram
100	29	35	23.76436498	57.93313004	6.10614143	137.9680531	coffee
84	40	42	26.2830571	73.35763537	6.704273839	186.6898282	jute
0	20	37	24.06674657	87.79422166	6.192496511	108.3579303	pomegranate
83	77	48	25.87283225	75.27671729	6.107017714	101.2218541	banana
36	129	204	31.43282867	82.15360824	6.41571559	73.36203875	grapes
23	64	25	33.08916008	48.31268399	6.174165527	145.7564298	pigeonpeas
19	52	21	27.96353654	88.14557284	6.218923893	42.03584048	mungbean
84	52	39	25.80437663	81.60777753	6.595209319	181.2764839	jute
17	129	195	19.90111024	81.37628126	5.761890202	68.26533883	grapes
27	136	205	31.25773296	82.24541505	5.516109566	66.92382136	grapes
95	7	45	27.30008597	90.80015308	6.031665834	25.09484511	muskmelon
12	19	42	19.69557829	89.50036573	7.199504273	105.8316724	pomegranate
20	28	31	27.3127705	95.38908759	5.685756095	131.0900076	coconut
89	47	38	25.52468965	72.24850829	6.002524871	151.8869972	jute
116	11	48	28.72341325	92.34489828	6.054632687	21.1354876	muskmelon
10	79	18	21.0643684	55.46985938	5.624731338	184.6226709	pigeonpeas
29	68	23	24.1638445	19.27907819	5.82738029	116.7324324	kidneybeans
84	48	40	24.68588942	76.81350471	6.706774982	167.7377668	jute
82	44	40	23.74117232	76.00299415	6.447580597	168.817717	jute
120	43	19	22.66759101	84.87668973	6.254506463	75.30467469	cotton
15	14	8	10.01081312	90.22399223	6.22094286	119.3941064	orange
60	60	43	23.8380124	87.49223873	6.907538979	150.2355238	jute
19	52	15	27.52418409	86.80030318	6.49997094	55.09630612	mungbean
71	43	36	25.30095499	72.08604911	6.776338319	154.7374676	jute
2	19	33	27.00315545	54.05566893	5.451836354	93.61522116	mango
26	77	18	32.85847403	57.95064816	6.819528018	174.6913859	pigeonpeas
0	66	19	30.45433488	61.69385788	5.6165953	133.2431813	pigeonpeas
23	141	201	31.84437369	80.82356774	5.952920045	74.60023036	grapes
38	145	200	22.14612738	93.06404644	6.271358394	110.0014656	apple
116	38	34	23.29250318	50.04557009	6.020947179	183.468585	coffee
110	53	22	23.33768021	82.90033737	6.809152916	64.15253814	cotton
83	79	55	25.14748006	83.34688193	5.565028635	98.66679427	banana
48	70	18	31.71779261	69.09131518	7.358708908	62.25205819	blackgram
10	128	201	29.59792392	82.64122918	5.982847013	71.97438135	grapes
14	130	198	11.32941228	83.09699655	6.097765285	74.91506217	grapes
6	12	7	21.78938327	93.41411947	6.571102431	112.2056378	orange
70	51	25	23.29749213	55.28220433	6.212238622	87.41530223	maize
68	58	38	23.22397386	83.03322691	6.336253525	221.2091958	rice
112	50	15	25.07015245	81.2180506	6.085624917	86.46965132	cotton
30	25	31	26.31270635	98.62048026	5.804965067	208.1181381	coconut
13	44	19	27.3701129	86.18498477	6.705053665	44.93307526	mungbean
56	67	78	17.57445618	16.71826572	8.255450758	77.81891424	chickpea
8	36	30	29.40058394	48.50114969	5.459315457	100.8124659	mango
23	70	18	22.70559768	65.33127162	6.854484062	39.35590656	lentil
50	70	85	19.65915905	16.36893585	7.014558463	91.87975643	chickpea
81	20	52	25.89833244	83.72500312	6.717931426	51.92252968	watermelon
40	144	196	22.71750705	92.25479855	5.987262638	107.0289866	apple
12	29	40	19.68291173	89.75272999	6.594037135	111.2818551	pomegranate
77	48	21	21.89589915	59.12377939	6.995843776	72.81814595	maize
92	15	50	24.04355803	85.19096019	6.451730469	40.12650421	watermelon
0	18	45	22.3862508	86.99981502	6.324515413	107.0946147	pomegranate
39	69	17	32.20186011	69.46161645	7.545832016	64.44828601	blackgram
4	122	199	15.77616744	82.28217792	6.499604931	72.44007637	grapes
0	22	28	35.51583409	47.88072946	5.752710348	94.65217517	mango
25	29	35	19.87035937	86.79651986	6.166095549	108.4980405	pomegranate
33	70	15	19.58031321	23.07319301	5.827687215	97.40393833	kidneybeans
5	41	15	27.69531251	87.87929479	6.861582396	46.07422274	mungbean
15	60	18	28.04269155	82.06947593	7.012014544	58.33956852	mungbean
9	49	16	30.88482722	41.36561835	7.661537348	55.053805	mothbeans
34	131	199	31.65509131	80.18481346	5.831814489	69.38088219	grapes
72	49	19	23.99570649	60.54051404	6.237823923	92.32540894	maize
28	70	23	17.4894887	19.43620277	5.820822094	96.98835282	kidneybeans
21	32	26	33.436052	52.40208595	5.139464864	95.79731625	mango
47	70	47	38.78828555	92.44021889	6.854726091	148.8158387	papaya
17	44	19	27.81123006	40.83748054	6.786580238	48.43103452	mothbeans
4	41	20	28.14720892	83.8001509	6.647965508	37.44800463	mungbean
93	8	45	25.95721486	86.02577704	6.534689498	56.01909656	watermelon
2	144	201	22.45756725	91.16108624	5.793007954	111.8806241	apple
19	38	16	29.9145443	83.86903446	7.199495368	58.87909092	mungbean
82	23	49	26.81383586	87.21986949	6.873283991	51.70497792	watermelon
40	134	195	16.83456137	81.64309109	6.177392431	74.55225344	grapes
96	25	35	25.69712457	61.09778346	6.500889061	115.7857891	coffee
33	120	201	23.06022445	94.92048112	6.284221084	116.2572041	apple
69	44	24	19.70095577	68.12933529	6.936196345	84.14316535	maize
31	75	75	18.57657175	17.2782653	6.826253152	71.10729674	chickpea
106	22	49	27.5621821	90.01506395	6.279600898	22.61593809	muskmelon
40	14	25	27.38179395	95.08995665	5.912315293	185.9261546	coconut
17	65	22	22.49188459	22.76930156	5.667618939	149.7441028	kidneybeans
86	45	39	25.89700419	84.83362735	6.57217233	176.1219712	jute
32	74	24	24.73872581	68.73116739	5.91645379	49.44106216	lentil
52	75	75	19.84427742	15.22976005	8.185014273	81.70232419	chickpea
39	127	202	15.3246651	81.67215994	6.477768039	71.60102999	grapes
8	15	41	23.71133371	92.73879251	5.849577195	103.6430682	pomegranate
62	59	47	35.04055967	90.27190541	6.628045531	174.5186304	papaya
32	77	20	31.39680825	65.0226198	7.383067084	72.84468465	blackgram
17	61	18	32.62131277	54.37153499	5.338761466	134.0049985	pigeonpeas
28	58	22	28.8795779	88.81625935	6.707941427	41.34599665	mungbean
7	21	35	25.76011662	94.65830608	5.764812076	131.2451414	coconut
111	85	53	28.00921768	83.49040089	5.505393833	106.8365017	banana
96	33	29	23.87911553	57.28161762	6.35427621	182.6944277	coffee
116	23	25	23.4123707	52.26994674	6.869720196	139.3670753	coffee
64	35	23	23.02038334	61.89472002	5.680361038	63.03843397	maize
24	47	22	28.37114074	83.68368087	6.745527925	46.39404133	mungbean
8	23	44	18.47412402	89.68919664	7.130837931	108.4758509	pomegranate
4	61	21	24.84063998	60.09116626	6.75020529	48.77790371	lentil
101	30	50	24.20060347	88.37021116	6.801377649	53.50466794	watermelon
2	120	203	23.12652652	94.71203306	5.893492999	108.6211833	apple
32	141	204	8.825674745	82.89753705	5.536645599	67.235765	grapes
29	54	16	27.78031515	54.65030015	8.153022903	32.05025323	mothbeans
112	49	18	23.6886245	84.84801433	6.543997385	91.3911492	cotton
109	79	45	27.41300353	80.64750293	5.726018907	119.84797	banana
35	62	75	18.98340987	16.57522669	8.343507485	81.84121636	chickpea
118	43	19	22.52807211	75.00539324	7.994679507	64.15807184	cotton
0	8	32	28.44186884	94.54529676	5.727886167	179.9790499	coconut
40	12	5	29.27567842	92.25566862	7.903264672	113.3484777	orange
11	124	200	21.91253995	93.0877796	6.237847735	100.1173443	apple
92	91	49	28.5962766	78.91063229	6.091812777	111.3183108	banana
45	63	47	42.24012553	91.08004608	6.688433337	168.2487474	papaya
38	55	24	24.92360104	23.87244704	5.754910291	137.2182269	kidneybeans
74	47	45	25.09722457	70.88259632	6.002524871	172.0486886	jute
11	35	15	28.6459979	85.11256359	7.199495368	52.68809127	mungbean
36	46	25	27.70007851	85.00911836	6.453035035	46.96447024	mungbean
15	50	22	31.03319424	45.68479126	3.504752314	33.6672868	mothbeans
113	36	25	25.57069246	63.35631658	7.079436097	172.3619699	coffee
24	21	15	16.6377394	90.00621688	6.146293106	116.3329047	orange
23	63	18	35.10750937	69.69141302	6.64653526	168.7028637	pigeonpeas
70	48	45	24.10330601	77.01558519	6.822636364	189.3277457	jute
45	55	21	34.06438274	65.09827237	7.503047089	64.90870121	blackgram
85	52	25	20.37424849	61.90032767	6.995843776	109.7515385	maize
113	70	53	28.04766926	77.44536913	5.616474231	104.6064953	banana
16	18	26	28.43647052	91.81320717	5.568365926	145.5414413	coconut
17	61	25	23.84519332	20.77318036	5.671422262	88.13224233	kidneybeans
24	120	199	15.17549895	80.83457618	6.347734234	65.01095312	grapes
55	71	85	19.85299926	17.23686475	7.797517945	83.67064578	chickpea
119	59	19	23.32120773	77.57785133	6.668762722	74.07894073	cotton
50	68	47	23.0124018	92.68763009	6.503899259	248.8592986	papaya
83	29	52	25.76402693	87.5931128	6.704688865	46.05122728	watermelon
28	52	18	25.28790833	60.65146998	6.331198202	30.92014047	mothbeans
20	133	198	17.90977452	82.40499933	5.945954963	73.27827344	grapes
26	123	199	21.9975781	93.35788766	5.820876664	116.154148	apple
4	5	30	26.97901569	94.60144486	5.725651835	168.7192245	coconut
40	137	200	22.14123983	94.24967595	6.061533874	123.2531634	apple
68	56	41	24.15692477	82.48368534	7.450183668	199.8362913	jute
118	48	21	24.43631495	75.00539324	5.902693564	78.89530513	cotton
17	26	35	28.87290788	97.74976361	5.868284539	172.8553058	coconut
94	41	42	23.98094232	82.79560665	6.912581938	158.4353172	jute
19	77	17	26.44867413	66.37188261	7.190881963	46.33206599	lentil
16	23	45	22.35444355	89.88136148	7.199504273	111.1982923	pomegranate
26	121	201	22.19109412	90.02575116	6.162034371	112.3126628	apple
31	60	50	36.5504962	94.55665371	6.714421742	40.35153141	papaya
93	52	22	24.0157184	69.45762892	6.218023413	96.13977747	maize
107	38	30	25.44452498	69.94807345	6.408496066	115.1564012	coffee
102	70	51	27.63053473	77.71642704	5.505393833	99.17893591	banana
29	34	26	33.88004781	54.39416048	6.273953676	89.29147581	mango
51	64	19	31.25430531	62.34941347	7.180246854	63.73108189	blackgram
21	135	198	23.86087054	94.92048112	5.765015126	105.0241329	apple
17	15	29	32.57450898	51.45330293	6.967417766	94.24841661	mango
87	41	36	20.46550394	82.96593977	6.390883466	214.1122284	rice
13	7	43	18.20230419	91.12282162	7.013481515	109.6623974	pomegranate
36	122	199	30.33103318	80.2732466	5.854094085	72.63337954	grapes
40	35	31	30.54133365	50.13893114	5.030436583	97.48769355	mango
39	54	15	27.94843022	89.42715506	6.410212287	36.85045356	mungbean
16	35	26	28.33985266	47.98865372	5.49647824	95.28676849	mango
92	16	51	27.02415146	91.70999341	6.725206942	27.80765961	muskmelon
31	38	16	28.23266157	59.02040861	7.082736298	64.58871201	mothbeans
27	30	7	33.48604248	92.7876759	7.559383861	111.7195624	orange
52	59	15	32.60881912	65.00853078	7.46559908	62.17118888	blackgram
0	120	203	19.01674115	80.01639435	6.099717274	67.16517698	grapes
35	54	47	34.40760445	91.27086086	6.827332901	137.1656115	papaya
35	35	22	28.40851839	88.3784863	6.251602984	45.52070431	mungbean
87	88	50	28.77961941	80.18832596	5.714159028	99.72138418	banana
47	67	20	29.24216552	65.76824875	6.740462759	67.95430086	blackgram
44	56	20	34.35607829	64.85791744	6.500144962	65.77346037	blackgram
103	25	51	25.34339113	87.00534851	6.664481356	40.12650421	watermelon
108	35	25	23.98143338	61.10935084	6.971963169	161.5279095	coffee
91	75	55	27.48612983	76.11239849	6.212369363	109.2768851	banana
8	38	32	29.75150773	46.73723302	4.981816523	91.405983	mango
15	64	24	18.28589069	21.16116935	5.850567434	102.4275344	kidneybeans
112	5	45	25.02876133	89.32554399	6.422484636	46.30162426	watermelon
18	63	19	25.96157188	66.49861006	6.606659383	53.47397612	lentil
8	120	203	20.61944526	82.04862119	6.008516073	72.37939927	grapes
7	48	23	26.86137877	50.05821707	9.690583168	59.90973613	mothbeans
24	120	201	39.87720565	83.32293528	6.150423115	68.24865326	grapes
22	40	17	28.99361819	80.20438297	6.657532575	50.41884406	mungbean
86	17	50	28.66356918	93.80108037	6.575375125	21.27757634	muskmelon
106	33	27	24.95895823	61.23591837	6.660478588	144.2271731	coffee
29	58	21	28.01663909	82.32946047	7.199495368	50.68308938	mungbean
67	60	16	23.44647768	61.69646147	5.692110801	67.81012762	maize
50	58	23	27.81326852	62.50460464	7.596802025	69.75555541	blackgram
109	55	19	25.99237426	75.6122419	6.689303708	71.80828621	cotton
90	39	38	25.6829845	80.53116926	6.39683772	217.8857556	rice
0	54	19	29.74159534	43.75338205	8.599549658	57.44812438	mothbeans
26	62	18	22.11557775	30.40046769	4.953387755	112.4328418	pigeonpeas
94	23	49	28.88320604	92.70499653	6.418755572	26.04576421	muskmelon
85	24	30	25.12697492	63.03736349	7.493191968	188.0808111	coffee
27	65	18	20.10993761	23.22323766	5.59503163	73.36386477	kidneybeans
19	145	200	23.27263498	81.46248908	6.039763064	68.45303313	grapes
115	32	30	25.66363795	55.6655476	6.844155817	173.09184	coffee
33	56	23	24.09209147	50.52884223	7.69168263	66.44287892	mothbeans
84	25	52	24.37190239	81.2514818	6.12532356	44.20899581	watermelon
75	52	35	25.25517161	84.85669632	6.365388424	173.5400693	jute
9	23	11	19.32136911	90.00621688	6.5227996	117.3819637	orange
19	22	37	22.41153331	86.28038123	6.114816966	104.3909513	pomegranate
0	45	23	29.43077646	86.25668761	6.30216518	36.12042927	mungbean
87	51	22	22.16862381	66.04478727	6.662320285	84.63252454	maize
79	49	37	25.09051504	77.54671882	6.397590717	182.6049753	jute
40	76	23	21.72434103	68.96432853	7.491462687	48.28640887	lentil
0	63	25	19.5606489	24.37110417	5.99812453	111.8104967	kidneybeans
22	71	19	19.45953419	20.03513054	5.793297924	149.7441028	kidneybeans
8	133	202	17.50030695	82.26758664	6.051215252	67.09226818	grapes
27	27	29	29.83222201	50.49919359	5.773093704	100.8124659	mango
20	5	28	28.90736744	92.82182742	5.690487287	131.0900076	coconut
113	33	34	26.00373964	62.1445102	6.559817161	153.477776	coffee
47	77	20	34.11771481	67.97325052	7.368075698	66.45738589	blackgram
43	68	22	34.79710049	61.97683023	6.635874052	67.80112921	blackgram
5	136	195	22.35628673	91.92360477	6.264202804	107.7697413	apple
13	55	20	18.31910448	31.77708006	6.939489834	180.0242037	pigeonpeas
30	17	31	31.20478173	54.49960506	6.804437106	94.62954663	mango
84	50	21	24.44208632	58.10076381	6.689113304	76.7841757	maize
77	59	18	21.67168593	63.28003049	6.050868884	106.0834368	maize
79	46	39	26.92995077	81.73429559	5.514429015	217.5948108	rice
19	14	42	20.57337976	88.21952425	6.103552591	102.5184759	pomegranate
31	14	15	12.12801798	91.28256124	7.285475764	100.1737964	orange
16	122	205	22.62377722	83.06626544	5.661718262	74.00484782	grapes
32	66	17	34.9466155	65.26774011	7.162357641	70.1415139	blackgram
114	28	48	24.04355803	80.32708547	6.362903622	59.17752764	watermelon
116	11	47	26.11205584	82.40534265	6.061005886	57.48292993	watermelon
31	72	17	28.69180475	49.47225353	5.833031708	96.36222901	pigeonpeas
24	25	30	25.33362135	91.70439295	6.047962235	176.3840081	coconut
12	67	18	29.94413861	65.84889523	7.032057879	48.737218	lentil
112	17	51	25.5768961	81.91344789	6.884060535	51.8613492	watermelon
18	66	22	25.87990287	67.55109024	6.347379185	47.89645224	lentil
34	77	78	17.75853336	17.42422432	7.770651294	90.67568534	chickpea
7	70	15	30.89648154	65.18837765	6.718448823	198.8298806	pigeonpeas
22	25	8	20.00859427	92.25550949	7.779818883	104.5692075	orange
94	15	51	28.80060206	90.52556187	6.547074939	23.36087262	muskmelon
3	68	16	18.31910448	34.69776639	4.964887857	107.4721605	pigeonpeas
14	20	29	26.25187222	96.26450656	6.1778439	204.655478	coconut
26	29	33	29.93223629	47.9890308	6.49387493	97.96788758	mango
0	17	15	33.53260944	90.80004607	7.852830642	102.0192026	orange
86	39	43	26.14576648	71.23690851	6.432051512	193.1007598	jute
13	5	12	27.99791516	93.25700723	7.070016198	108.981702	orange
34	80	78	17.02498456	15.00417601	7.700911176	94.78189594	chickpea
15	68	20	27.13533354	67.99967835	6.817457038	44.83832388	lentil
40	58	25	29.48913348	64.23364415	6.00407318	141.942844	pigeonpeas
60	47	45	23.30334926	70.88259632	7.230572921	165.2830503	jute
3	54	18	30.77997183	50.1758088	9.93509073	30.92014047	mothbeans
91	20	48	25.10726407	88.35783264	6.000975617	47.57058551	watermelon
103	72	51	26.12643374	81.81365007	6.099478745	104.4812858	banana
33	62	19	29.33180796	52.0189516	5.305337928	166.2134134	pigeonpeas
25	70	19	25.35780357	65.71691149	6.239694579	38.47913633	lentil
105	9	52	29.80919775	91.0750634	6.330423884	23.5295162	muskmelon
46	74	22	26.42474044	64.05238225	6.956862679	61.75602835	blackgram
28	66	19	21.87859787	60.09116626	6.828794741	39.34465691	lentil
88	52	24	20.59838775	62.52122845	6.243951826	94.47152944	maize
18	49	25	28.04361407	82.56943565	6.789862213	56.3732107	mungbean
7	77	18	34.83338216	45.82529999	6.053219004	167.1016867	pigeonpeas
14	11	32	26.99333688	95.61983082	5.79482384	220.3972494	coconut
99	39	41	23.87365504	83.23522713	7.868474653	227.9589281	rice
28	28	29	32.34296167	50.53455438	5.243872145	98.99224177	mango
123	44	15	24.44881277	75.80543858	5.826445807	79.04036575	cotton
20	23	11	31.8520694	90.12220323	6.407715561	109.9455062	orange
6	64	23	23.33565221	67.40460704	7.065264073	36.18678721	lentil
98	85	54	27.10957797	80.00341367	5.811421943	98.27427287	banana
31	9	9	16.5262039	92.88884503	7.789804222	105.7803467	orange
0	62	24	21.41320538	63.12837703	7.378060468	40.99504116	lentil
25	141	205	21.25603882	90.02575116	6.129255759	113.0808471	apple
85	40	21	18.04185513	64.83204892	5.707046615	63.88248929	maize
40	54	22	29.66396164	59.79639084	9.93509073	63.68662169	mothbeans
46	68	47	32.04892572	92.38794119	6.666877066	144.3353432	papaya
43	53	54	43.67549305	92.64006831	6.736478719	142.1489014	papaya
7	15	31	27.98498832	93.7519452	5.824421881	162.5072099	coconut
79	46	42	20.0454142	83.31168334	7.07419846	261.8919424	rice
0	30	33	32.62226209	48.6593816	4.507523551	92.9327435	mango
7	131	200	22.34561896	82.05749438	5.662948331	70.60565104	grapes
68	54	18	21.71970626	55.56510171	5.513697923	87.81320983	maize
95	86	48	28.65773297	82.60227834	5.800884629	109.1069852	banana
36	68	18	23.73477406	64.33034581	7.344097358	53.6866451	lentil
100	46	21	22.00085141	75.21405187	7.866168155	74.97387962	cotton
35	49	19	28.21113297	52.28623873	9.93509073	30.92014047	mothbeans
24	22	33	25.56223441	91.12388399	6.162053334	225.6323656	coconut
0	126	201	24.43466829	81.43173192	5.549186726	65.01095312	grapes
8	17	26	26.26315417	98.03680665	5.50158009	164.0880305	coconut
105	70	50	29.28636426	81.86455839	5.568843958	110.6421786	banana
83	44	44	23.95816396	80.19321097	7.193912345	283.9177654	rice
93	77	50	25.168751	80.06835709	5.708045539	90.10978128	banana
67	54	41	26.16730959	85.51973439	6.826800623	162.6152909	jute
80	30	25	26.24092174	65.64381357	7.487266991	148.3771202	coffee
37	68	19	27.84222361	66.06019942	6.949144588	66.14275899	blackgram
97	29	28	24.8516684	53.52880717	6.673174194	181.481848	coffee
75	40	19	25.68300754	64.86174375	6.258056485	69.60465839	maize
17	122	200	14.86091581	83.22732897	6.082100645	73.03007287	grapes
22	56	23	23.32076037	24.31939271	5.686218527	96.84027748	kidneybeans
13	22	5	19.667056	90.50096668	7.764040111	100.1737964	orange
29	50	21	28.21593018	64.95585424	8.194414147	39.09177792	mothbeans
56	73	75	19.25934683	16.76693992	7.207053576	78.91864171	chickpea
90	13	52	27.98819396	91.8358846	6.145510068	27.98413844	muskmelon
72	41	35	26.43787699	81.33596496	7.488014404	171.0744465	jute
17	25	29	28.41060999	50.86815497	6.062775116	90.49460961	mango
20	45	16	29.93964907	54.61813464	4.626212446	45.43669946	mothbeans
18	14	30	26.5574856	99.30103142	5.755483194	189.2678131	coconut
23	68	20	25.0865744	67.00639083	5.694102836	121.6320825	pigeonpeas
46	69	79	20.95012542	17.97921967	5.988992796	80.08508068	chickpea
38	134	205	25.05895582	83.98351748	5.587519812	69.5233302	grapes
19	58	18	15.56293198	21.35080921	5.734416128	126.7733543	kidneybeans
35	57	25	27.0956288	42.26206161	8.340398059	71.1271039	mothbeans
29	71	22	27.60503951	65.79188224	7.183751025	65.37811161	blackgram
103	9	51	24.82453461	87.52015746	6.219340224	44.9537007	watermelon
27	43	23	31.70447482	56.85420099	5.875333778	44.94317432	mothbeans
82	77	46	28.9470467	82.1888998	5.901100841	95.83016448	banana
19	24	15	20.48954522	93.72485075	7.137136973	111.8391951	orange
60	54	52	42.50911866	91.69483813	6.575067117	228.1221599	papaya
107	51	22	24.86560781	78.22080815	5.983075895	79.56866268	cotton
110	32	33	26.66674621	56.02271948	6.660036615	198.6206579	coffee
37	36	26	32.89300162	52.61323969	4.650536197	94.49161372	mango
100	53	20	23.91217746	69.52344542	6.246076608	75.76204705	maize
31	16	43	22.56736804	93.38771199	6.789541023	106.1878726	pomegranate
118	30	50	29.24367362	92.0337159	6.308089142	26.72827887	muskmelon
22	30	8	30.64937962	90.46216898	6.726297341	107.4997702	orange
112	32	29	23.53130504	62.28950788	6.690537796	189.7489583	coffee
31	70	23	33.96987366	67.49729427	6.500144962	67.11173716	blackgram
30	79	22	18.28766124	69.48515056	6.254216611	48.60449438	lentil
117	24	48	28.81832169	94.70074418	6.496397646	27.36406631	muskmelon
23	42	24	28.14543451	86.97313653	6.855597723	45.86399293	mungbean
94	26	25	24.39933358	50.04557009	6.914371807	126.7316488	coffee
108	28	34	23.48802159	61.57695992	6.985915641	163.3767839	coffee
14	48	21	29.24598976	84.80084105	6.991242362	53.43228915	mungbean
24	56	22	26.29121196	63.28751681	4.701788224	61.37777154	mothbeans
18	40	31	33.84918519	45.8864293	6.165101811	96.03109221	mango
90	18	48	28.53915341	94.96218673	6.372464634	26.10783877	muskmelon
8	15	29	27.97975641	52.79146222	4.840202286	97.77035682	mango
22	28	28	33.01424403	51.87342598	5.663776266	98.31764698	mango
18	74	22	26.55903048	40.87112752	5.030732773	90.05422663	pigeonpeas
19	22	28	27.60163332	51.37451833	4.834856165	89.29147581	mango
52	65	47	34.8464922	91.05088353	6.755972551	142.1431107	papaya
10	75	17	18.43966037	68.05394959	7.732194788	39.00992137	lentil
28	39	18	28.97512747	89.03460834	6.332774577	55.82424843	mungbean
20	65	20	26.23020638	66.36147301	6.712487008	71.92806273	blackgram
21	65	15	25.09737391	67.05940694	7.053062332	70.9841997	blackgram
78	42	42	20.13017482	81.60487287	7.628472891	262.7173405	rice
47	68	80	18.96186495	15.86312607	7.856691878	76.71563851	chickpea
5	66	19	18.06486101	66.63284384	7.193851905	50.90835983	lentil
58	64	75	19.99724478	18.50569819	7.834897594	75.97706312	chickpea
82	46	39	20.0454142	81.70037408	6.279364348	222.6825665	rice
25	64	21	23.85405612	38.70248342	7.212252292	178.891538	pigeonpeas
37	42	17	28.66912066	82.51300224	6.436894751	53.17510905	mungbean
2	12	34	27.11172285	97.11433391	5.575382867	131.0900076	coconut
19	127	200	30.01789053	83.16731267	5.965156764	69.83554294	grapes
83	87	50	25.01018457	75.43059923	5.505393833	109.0487106	banana
81	95	46	27.08754463	79.08011865	5.792327864	108.8737042	banana
38	15	27	33.7462686	48.50387598	6.777788126	92.26439205	mango
39	42	20	29.3499706	61.25353851	8.055908858	40.82840673	mothbeans
38	65	15	19.93994876	21.8504211	5.790293349	93.11155592	kidneybeans
11	66	24	28.45654364	58.64257252	5.076021511	185.2198823	pigeonpeas
32	79	22	27.60195453	63.46170674	5.91645379	54.37814199	lentil
115	51	20	25.99237426	84.87668973	7.878003405	82.94150994	cotton
10	12	45	23.47726082	90.36032158	7.007725627	104.2282258	pomegranate
47	62	55	42.63476849	91.01102117	6.859798649	106.1003643	papaya
89	94	47	26.93272048	81.83444348	5.663145742	105.0889039	banana
18	30	38	21.18640188	88.65678024	5.810955535	112.4750941	pomegranate
65	57	52	33.4175728	92.52708327	6.937414355	160.5557548	papaya
15	58	19	25.92053638	49.51552354	9.745670041	49.07996103	mothbeans
80	11	45	28.92518366	93.7883501	6.275040938	26.58451143	muskmelon
103	88	49	27.87139907	81.80459122	5.983310067	90.10978128	banana
78	46	39	24.85842369	82.32912209	5.926387709	208.1717852	rice
21	55	20	28.34791063	83.59571893	7.122226384	50.9180612	mungbean
107	11	50	28.56941636	94.54948259	6.258808075	21.81141417	muskmelon
78	51	16	23.28181257	63.34135085	6.461104344	76.13470184	maize
12	73	19	24.38014741	69.91492805	6.222991764	48.02673191	lentil
5	37	30	35.99009679	46.35252958	5.267259285	97.87216861	mango
0	140	203	22.87271088	91.14070764	6.150815867	114.2905202	apple
84	49	42	25.61944712	89.89106506	6.539645612	153.2846843	jute
40	5	29	28.48444906	97.76865458	5.820978791	160.389421	coconut
31	30	40	21.59056992	89.51379061	6.603038316	107.7168684	pomegranate
17	57	20	28.50677929	45.20094476	3.793575185	66.1761456	mothbeans
81	35	17	21.68876247	67.39261732	6.57670247	91.84417861	maize
32	68	15	23.86350537	66.77380315	6.838638557	42.51779885	lentil
24	79	24	25.16314275	61.10227771	7.082281741	54.47015975	lentil
21	123	205	41.15848698	82.31474944	6.286981173	65.74530832	grapes
8	125	196	31.36131557	82.14644149	5.904258488	67.22873089	grapes
98	10	48	26.98603693	88.01757308	6.122494099	51.78175936	watermelon
120	22	53	28.12714077	92.61965412	6.312844515	23.90183031	muskmelon
27	62	24	28.63005477	66.770943	7.353876754	62.2737345	blackgram
108	26	52	28.82629037	94.26765349	6.201797639	26.23838511	muskmelon
77	35	37	24.95371225	82.39098349	6.88897747	163.4188379	jute
94	54	17	23.39128187	61.74427165	5.871647806	107.3198135	maize
87	13	52	26.98603693	86.71573061	6.487012262	51.43605495	watermelon
68	49	22	21.0489484	64.57546977	6.349762301	64.00418767	maize
7	20	12	16.53460397	94.76759975	6.475275337	110.0447896	orange
11	69	19	19.16478063	59.77843103	6.789448392	91.94777171	pigeonpeas
29	130	198	24.8336812	80.01639435	6.100912391	70.92346543	grapes
25	76	21	33.44202183	44.05996688	6.426791548	145.8917396	pigeonpeas
100	57	19	19.19411594	58.67482799	5.513697923	68.75940738	maize
22	8	33	28.43572863	95.8840407	5.665785202	203.9283708	coconut
44	80	18	29.2564088	65.96413505	6.707517847	68.10272544	blackgram
40	45	20	29.37687468	57.69622912	6.878498176	38.34303462	mothbeans
8	22	30	32.64866685	47.44538027	6.638821267	95.90727672	mango
35	59	22	24.27418875	63.77765835	7.170466608	45.28622434	lentil
31	20	26	25.56567803	97.61361544	6.443168642	199.7936345	coconut
114	35	15	24.84827034	78.71411737	7.763201083	79.96043801	cotton
80	21	45	28.45331033	93.20421957	6.337487876	27.01453851	muskmelon
45	72	80	19.65320676	15.68144766	7.178029136	72.37777519	chickpea
34	69	81	17.68340298	14.25803981	7.890761238	81.72505771	chickpea
93	23	32	25.05204422	54.29291807	6.824187199	170.2002274	coffee
17	24	41	23.47577775	92.78015609	5.561851831	108.7265919	pomegranate
84	37	21	23.83203334	62.67134116	6.401738037	109.7515385	maize
10	5	42	20.24104904	91.08706822	6.887005997	109.2537734	pomegranate
84	50	39	25.16309955	81.13545289	6.492001555	168.231331	jute
79	59	17	20.37999665	63.73849998	6.644205485	108.5054416	maize
61	63	53	23.39991813	90.97664956	6.786835218	172.742441	papaya
23	68	17	31.09945241	62.40147095	7.129376063	74.91559514	blackgram
25	48	21	28.438097	83.48991368	6.267684328	52.55469976	mungbean
102	26	33	25.22349355	54.02078356	6.823773574	152.9552184	coffee
34	59	23	28.56212158	83.24855855	6.935804256	56.48265193	mungbean
25	70	16	19.63474332	18.90705639	5.759237003	106.3598183	kidneybeans
60	61	78	19.41432585	19.96978871	6.364872032	78.93508138	chickpea
100	29	33	25.13030603	67.78586138	6.048530456	154.1203315	coffee
111	79	53	28.31193338	75.77363772	6.165001278	119.695765	banana
73	57	39	23.09433785	70.88259632	6.935059668	190.5386523	jute
21	62	17	22.05728574	22.85045569	5.502999119	97.80463389	kidneybeans
120	87	52	28.0764455	76.05522115	5.905494703	118.9923573	banana
67	47	38	24.10538181	71.82747802	6.611389658	177.2879536	jute
64	49	40	22.07949672	82.34864523	6.873701482	209.6362962	rice
57	57	52	43.67549305	94.94482086	6.908670228	180.4517975	papaya
7	135	200	26.55115961	82.24754501	5.82959509	74.70642046	grapes
102	30	51	28.62333189	91.9302119	6.135295021	23.2172503	muskmelon
85	13	53	25.87454248	85.86295342	6.569601031	47.1506102	watermelon
19	40	23	31.94945012	52.78496113	3.504752314	50.76130467	mothbeans
114	8	51	25.4870474	89.44554681	6.225590925	57.34157503	watermelon
33	30	9	17.62243535	93.23578741	7.553279209	113.93556	orange
83	14	51	27.44862818	92.27088443	6.309266525	22.67562021	muskmelon
16	71	16	19.84466998	65.56329913	7.215228059	47.05879556	lentil
24	11	15	24.46621838	93.39130437	7.995848977	100.8352282	orange
17	32	28	30.37910697	45.77175803	5.439560213	98.23861432	mango
19	38	22	27.96815209	83.01615898	6.307243487	54.00378262	mungbean
22	67	78	17.16606398	14.42457525	6.204090835	72.32667516	chickpea
41	80	75	18.17231706	15.89526533	7.942022985	78.51173386	chickpea
9	17	38	19.17017766	88.13091129	6.659220208	108.0208069	pomegranate
78	37	43	23.09433785	82.67441818	6.924432221	158.2321558	jute
6	18	10	13.0790772	90.00621688	7.995848977	109.3978616	orange
40	63	16	19.12221249	21.67154311	5.952283966	83.36441855	kidneybeans
34	10	14	34.05296914	92.05811721	6.725600855	116.8020848	orange
26	23	34	27.00315545	50.26908812	5.612560881	91.55781909	mango
82	78	46	25.05802193	84.97323747	5.738678895	110.4408803	banana
32	73	23	19.62658594	21.24844187	5.752740524	113.9249415	kidneybeans
119	18	50	29.50204291	92.73791637	6.481122396	22.82421423	muskmelon
22	15	7	20.97961119	91.54150619	7.342056959	108.2663221	orange
96	27	26	25.31774077	57.83707748	7.216200827	130.8424443	coffee
40	46	22	28.67012743	85.18105721	6.781566107	59.87232071	mungbean
20	60	20	30.4525436	64.17716391	7.785641849	43.43928109	mothbeans
28	122	197	19.89363946	82.73366439	5.856575335	69.66256816	grapes
28	26	42	22.34934047	94.99897537	6.547805522	107.9551644	pomegranate
27	22	27	27.22642084	90.01734526	6.184144423	131.0900076	coconut
22	71	17	28.74363673	35.57653767	5.784485156	90.05422663	pigeonpeas
33	44	23	29.9145443	89.92662538	6.850262211	54.67550035	mungbean
63	55	53	34.22911614	92.67788729	6.638804537	114.0525052	papaya
40	46	22	28.83759283	42.99658913	6.36673594	67.56425958	mothbeans
9	24	25	28.69960257	48.73023753	4.7911388	94.63251256	mango
11	80	19	18.06486101	69.29944091	7.361599952	51.60573674	lentil
27	130	204	22.50060688	90.88197166	6.181502088	111.9561781	apple
7	23	35	19.75088482	88.71691157	7.054313823	102.5538035	pomegranate
82	42	20	26.54986394	73.81493549	5.97036363	69.33574392	maize
33	60	16	29.64391952	46.69456886	9.93509073	31.8321938	mothbeans
30	57	17	29.9145443	89.61417277	6.714219264	40.44907936	mungbean
79	58	19	21.72770791	68.33578377	6.702584028	109.7515385	maize
84	36	38	22.57304138	80.18621941	7.014955676	192.9935416	rice
78	35	44	26.54348085	84.67353597	7.072655622	183.6222657	rice
105	26	29	23.34339871	63.33228953	7.241541401	189.8349539	coffee
83	43	40	25.60434594	82.1429829	6.152902311	262.9242656	rice
7	130	205	22.48304092	92.04718641	6.220723505	113.9756701	apple
15	74	19	24.38996805	50.65963279	5.205271345	171.1740187	pigeonpeas
21	16	32	27.98432143	96.41890197	6.342149519	139.8769906	coconut
20	80	24	22.99847405	65.66394168	7.042780979	50.5385321	lentil
13	16	8	34.74004942	93.12316972	6.949838549	100.1967854	orange
4	21	30	27.64107991	92.58760297	5.770552195	214.2566711	coconut
23	12	37	23.91500726	89.41841417	6.576579285	105.7969928	pomegranate
116	95	46	28.44985264	79.37483176	6.348341705	99.28007337	banana
29	56	15	26.21787351	62.38999734	4.137110973	37.75269874	mothbeans
36	26	26	30.17294105	51.0845903	6.814630246	95.23444287	mango
72	44	35	24.19805676	82.85465853	6.031853405	216.0684218	rice
0	5	29	29.14387648	99.98187601	6.189385472	225.6323656	coconut
50	64	83	17.53385014	16.07313847	6.749414769	65.59115935	chickpea
15	127	204	23.04422406	81.9059016	6.061767698	65.13020919	grapes
114	51	21	23.87408558	81.92086213	7.740006806	82.94556193	cotton
40	126	198	12.10593356	82.59813722	6.13939483	66.55057723	grapes
35	58	77	17.02498456	17.06615236	6.886096558	77.08935843	chickpea
40	49	17	27.9206328	54.9863962	5.157338405	46.10330693	mothbeans
38	73	19	31.28805519	63.20650642	6.64535271	70.89256883	blackgram
100	56	40	26.38905406	83.31240346	7.433313409	176.1516409	jute
42	53	47	39.22498097	92.9155502	6.612485732	195.3337828	papaya
19	28	9	34.44356478	91.51776908	7.175258053	110.5946306	orange
107	17	25	24.19368684	55.84083741	6.289415417	147.4499282	coffee
57	73	85	18.49311205	14.72115044	7.358099622	91.94595352	chickpea
28	75	16	25.53798273	30.40046769	5.858984585	144.2532868	pigeonpeas
22	79	20	22.94786147	63.91618567	7.413209711	44.10486501	lentil
101	95	45	27.72040379	80.49396609	6.341614101	105.9382253	banana
103	25	55	28.38511571	94.96218673	6.587709506	28.06368926	muskmelon
80	20	55	28.76720097	91.19615622	6.372668177	25.84507737	muskmelon
13	28	33	28.130115	95.64807631	5.686972967	151.0761899	coconut
30	50	19	27.77110372	83.45880302	6.900855698	46.86025091	mungbean
98	44	41	21.95836593	83.22851881	5.622999465	230.8171357	rice
80	80	50	29.19600733	75.03193255	5.783449609	97.58123311	banana
24	80	19	22.78613941	65.3000844	7.095159372	49.17879762	lentil
114	40	23	25.53676123	81.13668716	6.753978061	95.4262599	cotton
91	60	22	22.35697143	70.1975111	5.855251459	88.63395689	maize
24	124	200	23.40927583	92.38168232	6.25294052	112.0410797	apple
30	30	35	25.00872392	95.59224018	6.001936419	165.8092179	coconut
34	61	49	28.12971499	93.3210737	6.502675132	117.8201907	papaya
86	60	17	21.14172947	62.98532683	5.513697923	108.3894225	maize
1	144	198	22.79911509	91.94560678	6.006726215	123.3217701	apple
118	44	23	22.08458267	82.82904143	6.691690476	67.06459777	cotton
35	67	49	35.08791996	93.14130509	6.560055	106.182716	papaya
113	95	51	27.78859105	75.03193255	5.534814779	116.0906372	banana
40	22	29	34.72123944	49.34415843	4.722411523	92.46257962	mango
80	56	16	25.32616355	62.03607936	5.6580975	94.25289327	maize
36	38	15	28.36363858	87.59810657	6.320662012	57.99524359	mungbean
126	43	18	25.49442594	78.56011056	6.942315478	84.58811633	cotton
85	56	39	25.39544344	82.62085116	5.658298169	255.9574956	rice
16	40	25	28.26300178	43.91013926	5.550292906	50.37346444	mothbeans
31	63	50	28.10531295	92.02509139	6.632323769	67.58120397	papaya
24	24	11	19.44067816	91.61358609	7.404336335	101.130781	orange
29	14	42	18.63748998	88.75547853	6.601260477	109.6341927	pomegranate
118	45	23	23.37044424	77.43198948	7.977651226	71.67870701	cotton
26	120	203	24.70276169	81.84590966	6.220120357	69.58065231	grapes
60	54	19	18.74826712	62.49878458	6.417820493	70.23401597	maize
94	19	50	25.61867767	81.53822455	6.000975617	54.15440931	watermelon
68	60	21	24.43983183	55.28220433	5.956823135	62.53035542	maize
91	18	47	29.02656806	91.96935139	6.158875231	23.24362998	muskmelon
66	57	35	22.65926348	83.46727855	6.815757722	284.5381414	rice
38	48	24	28.58752634	52.34592264	7.324193081	74.44330654	mothbeans
20	22	8	24.3037414	91.75648326	6.805502886	100.1737964	orange
8	67	19	35.06225516	51.57489108	6.61478587	119.8809536	pigeonpeas
39	58	85	17.88776475	15.40589717	5.996932037	68.54932919	chickpea
40	55	16	18.30135104	21.52877533	5.585353021	149.7441028	kidneybeans
21	46	23	29.15561593	89.99615558	6.414886903	45.96618203	mungbean
22	77	20	26.96534025	68.06883653	6.496651844	54.9393771	lentil
30	13	30	25.84933996	94.57773415	5.999718655	169.4853336	coconut
28	77	18	26.15635412	64.65864961	5.91645379	37.41489685	lentil
80	31	25	24.31500603	54.87707972	7.482604901	178.9842379	coffee
34	65	47	23.48546973	93.71043692	6.833768535	191.7760562	papaya
60	69	18	25.09737391	63.94354867	7.199013007	70.26144704	blackgram
42	66	19	27.84547916	65.30330733	6.89496095	68.89159805	blackgram
109	83	50	26.29044702	80.65573435	5.865082495	101.6175086	banana
94	34	26	25.60303168	55.61055262	6.278295181	180.4683387	coffee
40	73	20	29.94413861	64.36987518	6.967377204	48.07915744	lentil
102	13	52	29.94349168	92.18844602	6.429537626	24.47315678	muskmelon
6	68	18	24.388717	62.50453062	6.711341147	47.26052494	lentil
12	50	20	29.19949968	83.83154339	6.830329334	54.62779957	mungbean
126	55	22	23.88716438	82.72127713	6.787655091	95.65907643	cotton
23	45	23	28.77653519	86.69133979	6.983130466	56.12443206	mungbean
36	66	19	19.18653277	22.00851598	5.573824825	111.1987813	kidneybeans
5	25	6	30.72119881	94.01331956	6.011302181	106.8118019	orange
22	137	195	8.825674745	83.98351748	6.391674395	68.50959418	grapes
80	12	47	24.49036231	86.75557136	6.44614105	41.44200699	watermelon
16	80	19	17.59438938	21.1774796	5.753280908	131.3702603	kidneybeans
14	121	203	9.724457611	83.74765639	6.158689406	74.46411148	grapes
102	90	53	25.19083115	75.29401271	5.83975496	106.8649232	banana
24	27	34	28.87862994	95.11320315	6.203376525	145.0583117	coconut
43	79	20	28.17283219	64.02449786	6.51705857	69.28971737	blackgram
35	62	25	22.26647863	21.91231208	5.723149625	69.72659765	kidneybeans
24	79	82	18.31812533	15.50940639	8.44161971	69.83149407	chickpea
96	13	55	29.5275305	94.57459443	6.700337732	21.13545688	muskmelon
99	18	48	28.36816451	92.57903249	6.335236803	23.77029555	muskmelon
107	58	15	23.73868041	75.77503808	7.55606399	76.63669195	cotton
9	48	22	27.77076285	87.09979549	6.402926221	49.50812624	mungbean
30	61	25	21.28552927	22.00966669	5.603026995	89.6450528	kidneybeans
32	41	19	26.16563176	50.02621155	5.019920518	40.34571306	mothbeans
14	67	18	21.60160592	66.32311593	6.487356554	48.51069311	lentil
23	66	19	25.74566146	63.9184872	6.725717201	44.00182088	lentil
0	12	14	27.51880201	92.3152938	6.774081166	108.4935282	orange
111	12	55	26.05228888	84.43456742	6.71098381	50.49243071	watermelon
48	62	45	33.65523091	92.67251544	6.827596945	40.35153141	papaya
7	77	20	27.28438569	65.47926212	7.041341752	49.29804633	lentil
116	37	30	23.98196769	51.65848952	6.413932339	126.6264157	coffee
12	32	27	27.00315545	53.8831781	6.451134931	98.5012943	mango
85	27	45	26.0713757	88.7285657	6.467095849	57.79652846	watermelon
40	127	200	27.49002213	82.85734549	5.957216294	73.9546496	grapes
92	36	41	25.48114828	80.4997671	6.002524871	151.8187145	jute
0	67	18	23.96489172	66.13204719	6.96962531	43.41271553	lentil
130	44	22	25.99237426	75.00539324	5.801047545	76.4250495	cotton
40	28	28	27.68102785	91.57659067	6.246168436	195.237214	coconut
26	11	11	13.70319166	90.95589386	7.609348255	106.2944879	orange
56	60	24	30.73052668	65.48002686	6.876060406	65.54507013	blackgram
98	19	25	25.18761413	51.38353773	6.951909092	137.501655	coffee
97	25	30	26.50971951	50.04557009	7.321216851	174.9258403	coffee
30	67	21	18.25996245	20.23563638	5.534189309	116.2636349	kidneybeans
60	41	21	26.54986394	63.49739268	6.422016609	99.1828919	maize
34	25	30	25.80976503	93.55545441	6.168034997	167.1628661	coconut
97	33	33	27.34748213	60.0833213	6.45831278	174.5604043	coffee
87	40	26	27.92374437	59.18826877	6.776503012	163.4706151	coffee
22	20	45	23.98252866	87.15608158	6.530149047	106.2312	pomegranate
32	77	76	18.65481582	17.13144056	6.672043191	94.78189594	chickpea
0	19	33	28.48372293	97.39283982	6.470465614	183.7888792	coconut
102	72	49	29.90888522	80.67990554	6.28332119	109.045165	banana
117	86	53	25.19640218	83.55829874	5.703381728	115.8586081	banana
33	45	20	28.18279106	48.52520809	8.204224855	30.92014047	mothbeans
59	80	84	18.20303664	16.18344813	6.700870416	87.4982992	chickpea
26	15	6	17.22034507	94.78797376	6.912033409	108.0054343	orange
15	34	28	32.65258054	51.4184881	6.710803136	99.49059619	mango
100	79	54	28.43972337	84.97849241	6.173629612	96.28965853	banana
105	16	51	25.37186024	89.5532192	6.208162752	49.29144875	watermelon
65	63	50	31.88342554	91.3256535	6.524459342	79.27201575	papaya
13	13	36	19.10730478	88.56458291	7.199504273	106.8743823	pomegranate
46	58	16	27.21736528	61.31876068	7.19051874	68.98262343	blackgram
25	12	7	18.70157374	91.46705149	7.172816147	107.4503755	orange
16	139	198	38.96529546	81.34289465	6.030561795	71.45877529	grapes
90	49	20	26.16294493	71.12482669	5.882956219	91.02269802	maize
28	69	16	29.77013109	66.29327012	6.547361618	35.69674138	lentil
113	14	48	25.66306197	83.35723879	6.728636384	44.45848766	watermelon
120	16	51	27.99901833	91.64193051	6.547041903	23.28618248	muskmelon
0	20	27	31.02354312	46.67765887	6.967417766	95.44849114	mango
107	30	51	26.26237287	81.74952142	6.264379401	52.19228483	watermelon
8	12	45	23.82147008	94.99897537	7.074003811	102.5184759	pomegranate
60	67	15	34.48092754	64.3192179	7.113698602	60.41790253	blackgram
58	70	84	20.6543203	16.60820843	6.231049028	74.6631118	chickpea
37	37	20	26.03945161	53.18353122	6.530122577	39.00539539	mothbeans
26	27	31	30.86705942	53.10338874	4.911622888	93.07026401	mango
31	23	6	34.90665289	92.20552471	7.153923581	113.2136274	orange
30	19	29	29.36473093	48.73412788	5.958225096	95.55456066	mango
36	58	25	28.66024187	59.3189118	8.399135958	36.92629678	mothbeans
23	145	202	8.825674745	80.01639435	6.182083531	73.42624156	grapes
111	87	48	26.3985515	81.36028902	5.571401169	98.16752001	banana
8	57	18	28.48440724	54.06464675	5.846251255	161.3883109	pigeonpeas
115	39	31	24.3160325	69.94807345	6.389093339	146.9292432	coffee
99	15	53	27.99537322	93.80270329	6.211920546	20.21126747	muskmelon
21	60	22	27.27163039	82.22714518	6.460376554	48.02891352	mungbean
3	29	33	25.00872392	94.28170307	5.584418573	160.5905193	coconut
107	27	54	27.02415146	92.08955097	6.354932823	26.52047659	muskmelon
96	27	32	24.57281455	62.69063212	6.910385456	186.2710434	coffee
97	55	19	23.8427979	56.56433656	5.905016864	71.23540778	maize
22	11	9	19.74711272	90.42425733	6.995464736	112.0174504	orange
77	47	37	25.26886864	81.8949456	6.709393508	231.332158	rice
18	130	202	19.2876786	81.42852989	5.864636725	67.84359483	grapes
20	80	78	20.93279206	17.4611949	7.289289156	85.71503804	chickpea
17	140	198	21.72080383	92.87416605	6.396358964	113.2573648	apple
16	13	44	22.2592959	89.39145034	6.870808736	110.3775524	pomegranate
44	63	81	19.54134965	17.43991097	6.352700079	84.9378848	chickpea
28	13	39	24.96273236	90.09696714	6.522543843	109.8975038	pomegranate
91	53	41	23.99451963	84.99449389	7.279837088	183.2809828	jute
11	76	19	21.81433163	19.97813409	5.57405386	117.1926937	kidneybeans
31	14	38	23.65437381	88.60861287	6.695693461	109.928857	pomegranate
40	78	20	19.18572809	20.83398341	5.669236258	80.15293435	kidneybeans
21	26	33	35.96615771	45.02236377	5.745330819	94.07389782	mango
0	68	25	24.77600859	65.65968794	6.133798432	40.44925115	lentil
42	73	24	30.48874936	69.804013	6.592164435	70.04860633	blackgram
20	5	27	25.19047538	92.03440837	6.190525337	195.3488871	coconut
66	38	17	23.41897282	69.8255485	5.588758357	60.65171481	maize
76	44	45	25.4879684	84.48235878	6.740947635	168.7848886	jute
44	63	18	33.98408488	65.23409427	7.697425772	62.67730082	blackgram
82	48	42	26.89420852	83.95897053	6.899166142	182.5616319	rice
91	12	55	28.02162032	92.88208715	6.015870656	27.26837768	muskmelon
76	47	42	20.08369642	83.29114712	5.739175027	263.6372176	rice
98	43	35	25.40785911	76.44048625	7.319952206	188.6372826	jute
40	62	20	27.16563071	65.93914353	6.537065284	73.07625063	blackgram
6	131	201	28.95562052	81.49193525	5.510924849	74.91506217	grapes
16	135	198	23.99686172	92.61441226	5.927772508	109.4722252	apple
32	138	205	22.81066687	91.53597545	6.139139659	107.3979514	apple
91	74	49	27.1059698	78.19622415	6.012554142	107.9086601	banana
22	39	23	29.83521357	87.93183919	6.663798953	58.30851237	mungbean
15	41	20	28.40705996	83.615007	6.557543882	51.15453183	mungbean
51	51	50	38.63625257	90.9576448	6.858184178	134.3814255	papaya
0	74	17	23.33375853	64.50515776	7.240988401	47.01510708	lentil
33	143	200	22.35807892	90.02575116	6.272468232	113.6403492	apple
120	20	55	24.7868988	89.98405233	6.537262732	58.96950113	watermelon
12	35	25	32.3708232	51.98232388	5.356357077	98.95626937	mango
96	19	51	25.41889042	80.02621335	6.521483229	59.75980023	watermelon
95	88	49	25.58589999	78.61209088	6.488698495	99.27865778	banana
111	19	54	24.58834966	80.93652037	6.76452736	46.38662083	watermelon
85	95	47	25.94019018	78.3422098	6.211833161	119.84797	banana
43	63	55	31.39469465	92.49814165	6.55019275	230.7128527	papaya
85	12	52	24.04355803	84.51696431	6.30920184	49.53351508	watermelon
33	23	45	20.00218987	85.83618191	7.116538883	112.337046	pomegranate
122	35	16	25.03386195	82.24854072	6.608655953	84.53176384	cotton
0	60	21	26.98911601	59.44249146	6.497383916	59.40554432	mothbeans
72	60	25	18.52510753	69.0276233	5.773454729	88.10234397	maize
25	68	16	21.46586355	63.60746819	7.588065107	43.41689581	lentil
34	32	31	31.51610011	48.72802604	5.29999338	96.39961533	mango
40	15	29	28.46906779	96.22094191	6.122347684	149.5696345	coconut
115	18	46	28.7038143	93.22424253	6.617007141	23.03140365	muskmelon
40	66	25	18.31910448	38.08949614	6.174194636	166.3312321	pigeonpeas
117	37	27	27.92374437	65.11425516	6.963276404	164.0543941	coffee
110	78	50	25.93730186	78.89864446	5.915568968	98.21747528	banana
54	69	76	19.01792456	18.65504555	7.556456132	71.02767	chickpea
102	11	51	24.18224064	86.35421903	6.467331373	45.77512123	watermelon
26	74	18	18.90646337	69.69141302	4.706498551	127.2148251	pigeonpeas
35	142	203	21.17089176	90.23730166	5.895319002	123.6495149	apple
120	52	21	23.26849563	75.00539324	7.573496885	80.49062536	cotton
42	80	79	19.31708432	15.57858181	7.431358262	78.32074498	chickpea
102	21	54	29.50083405	94.96218673	6.447140441	23.48155736	muskmelon
43	61	20	26.87187036	61.61367264	6.804253866	63.51822045	blackgram
98	35	44	25.01728459	79.33760023	7.47908055	157.4937257	jute
25	23	29	25.26196517	93.51991562	6.110908235	220.9894967	coconut
26	26	29	31.72429457	52.59362963	5.805960064	96.56572009	mango
20	63	17	24.66449223	62.69259714	7.185579858	53.33091122	lentil
0	30	44	20.12412221	91.40332829	6.817039529	104.7741988	pomegranate
53	46	50	23.0124018	92.33261623	6.616392848	150.3875307	papaya
15	20	26	30.44249093	45.02236377	6.754440104	97.40642671	mango
65	44	15	20.30433028	72.02429555	6.322419718	89.48937523	maize
19	120	198	24.08555814	81.38020054	5.666663016	66.00216702	grapes
97	31	31	27.92374437	57.05439847	6.388078446	199.4735636	coffee
111	60	22	24.78895275	82.21513423	6.391320231	80.60517511	cotton
18	141	204	23.46617926	92.20013026	6.155354041	116.5536082	apple
117	50	22	23.96608208	84.87668973	6.895817885	99.67310318	cotton
61	53	38	26.02324583	78.58866145	7.081530158	179.3991689	jute
32	18	8	31.73652301	90.00621688	7.181199515	108.2855361	orange
80	35	38	24.4696907	84.23401387	6.717176737	155.1258783	jute
36	69	22	31.31573553	64.9855129	6.897271144	69.13424898	blackgram
120	20	31	24.52690752	53.85943319	7.493191968	190.6562373	coffee
19	23	10	15.23784012	91.36471991	6.010391864	107.1898342	orange
26	66	21	22.56452073	56.88463008	5.730028438	161.6163287	pigeonpeas
28	55	18	24.92360104	21.699684	5.884765015	98.7644158	kidneybeans
9	137	200	21.12152071	90.6878768	5.636687393	102.8017203	apple
40	132	202	24.57558351	80.70695797	5.971813006	69.706113	grapes
99	24	49	25.64527543	82.52226895	6.514188574	59.75980023	watermelon
19	26	29	26.93141945	98.80313612	5.67154928	166.5712879	coconut
27	55	25	28.01428256	84.89236939	7.105863697	37.39115941	mungbean
82	60	20	18.71030736	71.85188611	6.687804172	87.80310459	maize
72	36	23	20.54220005	66.79898087	5.513697923	73.48903744	maize
92	60	23	18.66746724	71.516474	5.721667141	69.93293255	maize
119	44	20	24.30497745	82.36925074	7.711444728	75.05287544	cotton
31	69	50	32.18610511	93.00535516	6.580241523	103.6204072	papaya
90	56	20	22.99502859	60.92347125	6.084324282	107.7274317	maize
62	56	35	25.97825807	81.65769588	6.235357638	163.3488091	jute
106	17	52	25.77676672	87.06448236	6.602428837	40.33005316	watermelon
70	37	41	21.68853964	81.51991386	5.005306977	261.9984739	rice
43	56	52	29.3836503	94.55885725	6.744856152	40.35153141	papaya
18	135	198	22.88561757	90.02575116	5.835850202	108.1901084	apple
109	26	35	27.92374437	65.54957912	6.288721041	143.8951335	coffee
93	86	45	25.01018457	83.08271655	6.486740004	102.2439891	banana
42	55	83	18.44574134	17.83267943	7.65120428	76.13935042	chickpea
31	44	23	28.81521268	53.98076081	8.454623521	42.37240608	mothbeans
0	36	26	34.13072188	51.25786185	5.101206389	96.38808001	mango
99	84	46	26.26152873	76.24275363	5.898850803	93.7401711	banana
40	50	23	28.23348581	86.13941458	6.370034954	57.68888661	mungbean
35	69	16	32.71914148	66.63092464	7.260565464	72.83415032	blackgram
94	49	45	24.62312002	80.57875604	6.63836684	223.6400177	rice
21	23	33	33.74450258	47.06335444	5.87628765	91.33728957	mango
64	55	36	23.64007338	76.85967085	7.096673316	169.5405368	jute
42	58	25	27.45853567	62.90020977	6.513620918	69.46020927	blackgram
18	23	8	21.49118657	93.43949693	6.41354791	101.4819888	orange
91	24	45	29.41585408	90.01506395	6.214164864	23.23350947	muskmelon
114	31	30	25.74829478	52.37086533	6.904451915	139.8333997	coffee
13	62	23	29.72121712	61.97413713	6.89174382	35.03484812	lentil
22	50	24	27.96992745	64.95585424	9.93509073	68.51870295	mothbeans
29	78	25	19.95991719	59.33157782	5.982854523	195.787103	pigeonpeas
27	24	39	22.93747096	87.59074884	6.041620143	106.6015497	pomegranate
15	80	16	24.21938599	66.55342576	7.010205373	51.92651626	lentil
44	75	20	28.3857197	66.18122068	6.500144962	71.33011423	blackgram
52	59	21	32.81696152	66.98712044	7.560801304	65.45332205	blackgram
32	78	22	23.97081395	62.35557553	7.007037515	53.40906048	lentil
18	135	203	27.29773991	81.21031818	5.972819189	72.25761257	grapes
